hips,spine,spine1,spine2,rshoulder,rarm,rforearm,rhand,lshoulder,larm,lforearm,lhand
-0.6282040848668823,-0.6344423494569762,-0.6408884489952603,-0.6482553685655279,-8.32852576786796,-23.83101102317481,-45.706393509192154,-75.76128905865947,7.020534290976554,22.533424451641228,44.4282998481714,74.58042230440958
-17.402718247138083,-18.143460624147473,-19.007686445924655,-19.995372660368535,-21.366849101565222,-21.888529175264885,-22.00515383184616,-22.159162090887108,-20.83492368528206,-20.290509280572152,-20.150332449518075,-19.91069245793932
57.646458406209476,48.21972393769282,37.22187827587477,24.652916733530418,12.771680321880467,17.333799004498616,17.38903152153594,17.451755844018777,12.752965843404922,17.276905931192914,17.244735105368363,17.165749236744716
-0.022984761007277768,-4.372923378974073,-4.3729221020023585,-4.3729221020023585,-16.62945660417255,1.090166311493625,1.1874820687691812,1.4525030561960304,20.05230477987628,-0.4775219566878915,0.5116895562047666,0.5892669348973023
-0.0024393805675177057,-0.002317069835213297,-0.002317069835213297,-0.002317069835213297,-84.78582757277867,-84.56283692567455,-84.4237242226048,-84.377639901889,85.6120124927215,84.9378084649646,84.78893493862286,84.70810888070346
-0.037588692248673325,-0.041930061920523655,-0.041930061920523655,-0.041930061920523655,122.84861566076417,88.95143513801781,88.8298445396616,88.61204087646578,-86.36723734458778,-90.49963181478338,-89.44887566822369,-89.37671125957007
1.0962374210357666,1.1024534702301028,1.1105371713638306,1.1197757321328279,-6.547713756561279,-22.062086105346673,-43.937808990478516,-73.99310302734375,8.804759979248047,24.312599182128913,46.20793914794922,76.36109924316406
106.64535522460938,116.07362365722658,127.07325744628906,139.6442625616264,151.54267883300776,147.01062011718747,146.99647521972653,146.99018859863278,151.53161621093759,146.9775848388672,146.96858215332028,146.9907684326172
-3.6041412353515625,-4.325096607208252,-5.166243553161621,-6.12755392021052,-7.419287204742432,-7.83978748321533,-7.800302982330321,-7.7398033142089835,-6.996951580047609,-6.572801113128664,-6.588921546936036,-6.564452171325684
