hips,spine,spine1,spine2,rshoulder,rarm,rforearm,rhand,lshoulder,larm,lforearm,lhand
-0.5631672229483645,-0.5804588793786388,-0.5998004531610824,-0.6219051471680107,-8.313670939232868,-23.805884709274025,-45.68036377711606,-75.73437161105996,7.03230471228251,22.54923350473236,44.44312332481797,74.5927615001349
-17.334700341755312,-18.087448893915543,-18.965678031841883,-19.96936808406906,-21.396524797050326,-21.994337642388714,-22.204918851467028,-22.473969885750666,-20.78349961791783,-20.15134689732936,-19.899967826450833,-19.459909983043936
57.64447038594095,48.21870877717444,37.22199059517226,24.654314189240978,12.787099742029852,17.374589635282064,17.478019083342303,17.577184998592287,12.743243352986752,17.241746710576763,17.194885163548122,17.060334151757814
-0.010901751371572796,-4.360843294864031,-4.360842017892316,-4.360842017892316,-16.363197311781082,2.1065812720146173,2.456530020807113,3.00843543609623,19.58535459871602,-1.0363991917183726,0.9786374212949148,1.570983903049845
0.03401763196884566,0.03414081678387801,0.03414081678387801,0.03414081678387801,-84.81571972551616,-84.65055021275123,-84.50249889819925,-84.45715012094946,85.62625693465951,84.98528212902436,84.82317228009343,84.72557248278038
-0.029367232863135907,-0.03370856984296937,-0.03370856984296936,-0.03370856984296936,122.59166142513313,87.98235702543387,87.55274603990843,87.0971346639144,-86.82461003662986,-91.10144545225644,-88.96222226054672,-88.4249030319977
1.0874494314193726,1.09185516834259,1.0978268384933474,1.1046515661632532,-6.565360069274902,-22.07931518554687,-43.954902648925795,-74.01002502441408,8.787372589111328,24.296100616455085,46.19144058227539,76.3445358276367
106.64323425292969,116.07164764404297,127.07145690917969,139.64266598028811,151.54023742675784,147.00604248046875,146.9755096435547,146.9764251708985,151.5312805175781,146.97938537597653,146.95314025878903,146.98667907714847
-3.631563663482666,-4.35053014755249,-5.189357757568359,-6.148017497106659,-7.432358264923105,-7.843945503234865,-7.7689957618713406,-7.64559650421143,-7.01979112625121,-6.606470108032226,-6.641080379486081,-6.594612598419191
