hips,spine,spine1,spine2,rshoulder,rarm,rforearm,rhand,lshoulder,larm,lforearm,lhand
-0.20601923926627114,-0.29162850451302297,-0.39421227711053,-0.5195335216212853,-8.310733121603484,-23.76924735355862,-45.643097068675324,-75.69768482781906,7.037186262681438,22.591735820909562,44.48656727100066,74.63905844142718
-17.47554220954246,-18.220494509317497,-19.078047036040154,-20.031646322108706,-21.375089965836658,-21.917607137869688,-21.96740589093021,-21.951692832045993,-20.83473276982252,-20.294117925856145,-20.146677832923395,-19.94378978075116
57.65090518826307,48.224901090209826,37.227011803543164,24.6560406568926,12.84403570944275,17.550611664449775,17.833740402519396,18.047010359915276,12.682121658450882,17.06112410906212,17.057306827161682,17.07971302895055
0.12831051455072448,-4.161090590361167,-4.039965736571407,-4.039965736571408,-14.816819633732411,8.145512666858812,9.63842745123141,11.921598317599926,14.79017711900289,-5.810867134879224,-5.660410200003895,-6.093391482654362
0.37084138921512416,0.37757984247985904,0.3907337469899705,0.3907337469899705,-85.27649674043607,-85.03653135209566,-84.82941476401233,-84.89895774214372,85.95247389169704,85.54413740700005,85.41909037340425,85.64283759197104
-0.0286917195709093,-0.015621617236061577,0.01922189681143818,0.01922189681143817,121.10279976715256,82.04205296420943,80.22327045859554,77.95805618883817,-91.55513871440594,-96.36909896325635,-96.27082499439516,-97.05678619510908
1.0364799499511719,1.0366971492767332,1.0344219207763674,1.0241453283263968,-6.664249420166015,-22.176467895507816,-44.05047988891601,-74.10226440429688,8.69076061248779,24.205810546874986,46.09935760498047,76.24979400634767
106.65003204345703,116.08016204833986,127.08283233642581,139.6592121672881,151.55673217773426,147.01063537597653,146.950439453125,147.04302978515622,151.5596008300783,147.01974487304685,146.7999267578125,146.46954345703125
-3.807950735092163,-4.503999710083007,-5.304455757141113,-6.192677195840685,-7.3625903129577726,-7.7030696868896475,-7.434892654418943,-6.981405258178711,-7.0455884933471635,-6.754260063171387,-6.926523208618163,-7.164054393768312
