hips,spine,spine1,spine2,rshoulder,rarm,rforearm,rhand,lshoulder,larm,lforearm,lhand
0.7877858768851498,-0.028984192343513016,-0.9690486756618943,-2.0141886461062377,-4.1622492846842665,-6.122564546834283,-8.431776681504507,-10.438335101239293,-2.1840987789752226,-0.15594184925606758,-0.11336412423473341,1.319649896491458
-14.360173460275785,-15.390177603560907,-16.60390776952082,-18.016695059958987,-11.796379071568634,3.9845458351937877,25.554566354313366,54.837893421840846,-26.944466657962472,-41.77366154257653,-63.6225421154888,-93.73935929881051
57.20197089182297,47.838008373833304,36.91361052659805,24.428976487236156,11.830369753927954,14.751190597714043,11.931696414614265,5.467714751819756,13.411267311076358,19.5263054750271,20.950649605116013,21.325520978649877
0.21914592221919835,-4.067839414071154,-3.942254682008847,-3.942254682008846,-35.450965722082586,-22.1630760658233,-0.8402624659403909,96.58259216323334,48.16658331092489,-12.30199572921648,-2.9134534408149624,46.492083028071114
-2.139425875339408,-2.1479577109327685,-2.165093678121555,-2.1650936781215555,-83.63468559926358,-83.6866623454216,-83.47012425867418,-81.75932478024619,85.3573095242649,73.28071934474522,73.12585146433076,66.56806296456433
-1.3852938376226553,-1.4537547946399676,-1.5820318816036771,-1.582031881603677,140.04477456506177,108.98565686799019,82.81860303173019,29.335433315592855,-59.868674336631095,-101.05161349456628,-89.07486669594897,-93.26810214561515
1.0084171295166016,1.2618420124053953,1.5703345537185673,1.9503207313745292,-5.343531608581542,-20.945800781249996,-42.77163314819336,-72.53325653076172,9.976144790649412,25.330142974853516,47.18242263793945,77.26904296875
106.65145111083984,116.07929992675781,127.07896423339844,139.65114482360997,151.75930786132815,147.6483612060546,148.81343078613284,153.0045928955078,151.33319091796872,146.3616638183594,146.64601135253906,148.59896850585938
-3.466703176498413,-4.147334098815919,-4.929349422454835,-5.7955239398222576,-7.286662101745609,-8.326342582702633,-9.233782768249513,-9.283918380737306,-6.2852563858032156,-5.310171127319335,-6.652248382568364,-7.097187042236318
