hips,spine,spine1,spine2,rshoulder,rarm,rforearm,rhand,lshoulder,larm,lforearm,lhand
0.8282852699763001,0.0013101017122298941,-0.9481002676536905,-1.998068070951553,-4.151784412911508,-6.11255867291355,-8.354027509486226,-10.35918187215577,-2.1714482556053154,-0.13933329196377553,-0.073704337818012,1.2739335766436835
-14.32971037444193,-15.364715541369879,-16.58481567084049,-18.00610232577428,-11.79447901726324,3.988197736916125,25.55919207419475,54.85243922255687,-26.941292172123575,-41.76614087969726,-63.61483471029398,-93.73402629365077
57.20055646991311,47.83803901344315,36.91515546251051,24.43189128845802,11.829971610701335,14.740967382609568,11.87435892674796,5.455075411415436,13.4202587857462,19.54445166559816,20.97163199375484,21.453211492847572
0.19452305742293685,-4.0792620390595244,-3.9272836821695973,-3.9272836821695947,-35.738063160808366,-18.526276918941377,-0.8953019415981409,99.87275824736757,48.60483156258338,-11.599924193939023,-3.2798878684146473,47.20151875945303
-2.176873223707242,-2.1837789407765964,-2.197596651715014,-2.197596651715013,-83.61840179762497,-82.99377765075569,-82.69468803648445,-81.6260714335602,85.35281348786344,72.70265379482012,72.5399607695271,65.1142386771572
-1.355622431822462,-1.4282327953991119,-1.5647999187390684,-1.5647999187390675,140.34790838986217,105.27508127321707,83.01401516297594,26.01825233171292,-59.41406456996445,-100.29460557609121,-89.5595023205913,-93.06899510451527
1.017425298690796,1.26655912399292,1.5707201957702634,1.9472965894805259,-5.349458217620851,-20.949842453002933,-42.776737213134766,-72.54864501953125,9.96976661682129,25.324722290039062,47.17881011962892,77.26902770996092
106.65125274658203,116.07892608642577,127.07855987548828,139.65107017678298,151.75732421874997,147.64178466796866,148.83227539062497,152.9495697021484,151.33572387695315,146.36872863769534,146.67170715332034,148.5490875244141
-3.476417064666748,-4.161080837249756,-4.9452695846557635,-5.808141258878877,-7.30049514770508,-8.350144386291506,-9.197977066040039,-9.257697105407715,-6.290397644042964,-5.307715892791752,-6.616769790649419,-7.13445377349854
