hips,spine,spine1,spine2,rshoulder,rarm,rforearm,rhand,lshoulder,larm,lforearm,lhand
0.8175838686442294,-0.009839043413320425,-0.9578861771902165,-2.0019496179275675,-4.151799628527994,-6.11817853180047,-8.332527141626766,-10.377777312562849,-2.1680181058087173,-0.13455022100335512,-0.05280735573886375,1.3194895215372417
-14.28166294563395,-15.32484631371507,-16.5553933339964,-17.99067930480813,-11.79349003079302,3.9918380553096524,25.558199437771183,54.85813161318329,-26.938009566775847,-41.75556946347235,-63.60146413820981,-93.7188859058438
57.19795368144915,47.83637327077906,36.91454387677034,24.432386278969204,11.822712097605319,14.71550872170178,11.793644119498197,5.41751522719008,13.430497167143955,19.571861406269505,21.040500747524845,21.561919288052366
0.18957118228714037,-4.074611594044218,-3.9034122154339217,-3.9034122154339235,-35.991489195781845,-16.704320909912738,-1.4272663596997164,97.1908905209724,48.921502287821305,-11.28407177357186,-3.070473271814344,47.4375804427046
-2.198339828753223,-2.203181106377941,-2.212809895771898,-2.212809895771898,-83.6210831915016,-82.49670178196388,-82.1773731637102,-81.1488702569494,85.3648421155741,72.44219574693034,72.26445095486211,63.56063374999923
-1.3215727140057165,-1.3999848515137991,-1.5481347219868582,-1.5481347219868582,140.61734850353903,103.38501857824971,83.7047101833295,28.69711259833056,-59.08083805525887,-100.00428933639664,-89.34962795957773,-93.24308764172628
1.028687834739685,1.2725030183792116,1.5714738368988037,1.9444297878278922,-5.355629920959471,-20.95446014404297,-42.78105545043945,-72.5645980834961,9.963448524475094,25.319660186767564,47.17488098144531,77.26535034179688
106.64886474609375,116.07662963867188,127.07646942138672,139.64944654483844,151.7540588378907,147.63415527343747,148.84829711914065,152.87995910644528,151.3367614746093,146.3740844726562,146.66665649414062,148.5469970703125
-3.4908907413482666,-4.176347732543945,-4.959634304046631,-5.817260501445211,-7.306684017181404,-8.362331390380865,-9.183411598205566,-9.285309791564941,-6.292518138885496,-5.307618141174316,-6.600066661834728,-7.092146873474117
