hips,spine,spine1,spine2,rshoulder,rarm,rforearm,rhand,lshoulder,larm,lforearm,lhand
0.7802213332384111,-0.04176609915016982,-0.9823956736775843,-2.0155622632274603,-4.159317016957336,-6.138151208612647,-8.365986062555876,-10.458312358629865,-2.167090291882956,-0.1290096740011908,-0.018843024928235863,1.4956126844811575
-14.22933139456304,-15.281273064915728,-16.52327689480833,-17.97449778112869,-11.79412192014082,3.993460382689701,25.554110541507242,54.85035603082183,-26.935377433491112,-41.74410870953489,-63.58516067770922,-93.69628570309034
57.193769064271535,47.832701727207976,36.91152808780369,24.430306299854266,11.811338598653208,14.683247237426173,11.729723777057842,5.351855172417089,13.439258267360401,19.60037149443326,21.1375361185207,21.628087524756268
0.20781425948579094,-4.051303419902079,-3.870008212806251,-3.870008212806251,-36.19568301848078,-16.161287334575505,-1.774151673842394,90.30282149879406,49.08019465672746,-11.150610268121069,-2.2941824470297476,47.252630563399805
-2.197770980751299,-2.2007655680768425,-2.2066633920233483,-2.206663392023348,-83.6463737504197,-82.2572682605097,-81.9374740476794,-80.49956742542403,85.39627998391587,72.41260951613322,72.20339221960792,62.45395241079514
-1.2912347434976237,-1.3768294447329679,-1.53934886373882,-1.53934886373882,140.8303563301945,102.83671212678081,84.1255718449485,35.48502953766254,-58.91257746496848,-99.97326606855195,-88.47298836178643,-93.3571014331384
1.0431311130523682,1.2818398475646977,1.5761679410934448,1.9468350665300758,-5.3554859161376935,-20.953685760498047,-42.780288696289055,-72.56921386718751,9.963753700256346,25.32093238830567,47.17738342285156,77.26504516601564
106.6469497680664,116.07505035400393,127.07533264160156,139.64887492414948,151.75308227539065,147.63105773925784,148.84542846679688,152.83641052246097,151.3378601074218,146.37730407714844,146.6323852539063,148.58444213867188
-3.5077662467956543,-4.190235137939454,-4.969049453735352,-5.819351125930547,-7.301022052764892,-8.35765552520752,-9.177955627441403,-9.308479309082035,-6.288502216339111,-5.307911872863768,-6.587382316589361,-6.956369876861571
