hips,spine,spine1,spine2,rshoulder,rarm,rforearm,rhand,lshoulder,larm,lforearm,lhand
0.7630884573128389,-0.05496557287866999,-0.9915531032358667,-2.021348741325622,-4.167877835453999,-6.15997975451019,-8.416352920442073,-10.526886076643642,-2.163696506589168,-0.11472806132354485,0.04755851015970691,1.7574652576312504
-14.194480826707156,-15.2531746913742,-16.503517919932463,-17.96532469546883,-11.796544388698159,3.9916809237070083,25.55026484354288,54.833597503834994,-26.93490834736724,-41.7371698292588,-63.57298730985137,-93.67457699275657
57.18902862425686,47.82837712440279,36.90780245318025,24.427537452892608,11.803366996733814,14.662587550823616,11.715556071391774,5.284612452366332,13.443459780400786,19.61649970397366,21.221463990892488,21.655522793534203
0.23754030903432355,-4.024678259929312,-3.8495810956610694,-3.8495810956610694,-36.21001622633121,-16.020720847654058,-1.5071273504550062,81.78910904795345,48.965738355281715,-10.938217232418975,-1.2869872464947156,46.96877858648464
-2.175724459911721,-2.1781066662184903,-2.1827712598158966,-2.1827712598158975,-83.67775788458593,-82.1663593222549,-81.83216404570516,-79.85818083219559,85.42634458464589,72.42595735023743,72.16903200539332,61.7689752855728
-1.2703716287447113,-1.3582196152703079,-1.5252477142728713,-1.5252477142728722,140.85949050791643,102.77035063847906,83.81760544196163,43.4595174957971,-59.011792416665656,-99.88964031755141,-87.35304229750585,-93.04519344806458
1.0582671165466309,1.293102025985718,1.5833635330200195,1.9504190077858028,-5.355648994445804,-20.953216552734375,-42.78132629394531,-72.56730651855469,9.964109420776369,25.3229751586914,47.18132400512695,77.26499938964842
106.6461181640625,116.07466888427734,127.07542419433594,139.64937377422459,151.75222778320307,147.62654113769534,148.81192016601565,152.8253631591797,151.34062194824224,146.38369750976565,146.59349060058594,148.6299896240234
-3.524880886077881,-4.2024688720703125,-4.976184844970701,-5.822018648681783,-7.296268463134765,-8.34806060791016,-9.171016693115234,-9.283333778381342,-6.290140628814699,-5.31762742996216,-6.572117328643795,-6.779570102691639
