hips,spine,spine1,spine2,rshoulder,rarm,rforearm,rhand,lshoulder,larm,lforearm,lhand
0.7789746806623254,-0.0412647334028895,-0.9809314853252822,-2.0154383350252587,-4.173059659796618,-6.176865156579986,-8.453069299311814,-10.547072344304741,-2.1555772708241214,-0.09143602835815212,0.14164474619277012,2.04286226699692
-14.18371384487203,-15.244589974094744,-16.497900246097338,-17.964050974540978,-11.800580300829179,3.986776349783848,25.54776510789574,54.81591520509675,-26.93682546120198,-41.735650206940164,-63.567315077826066,-93.65812154467307
57.18578912895535,47.82557106503026,36.90560507648247,24.426239299246618,11.80137346667911,14.657135002166541,11.742994193840389,5.238079618361837,13.4447393977226,19.62093929763836,21.27357088373202,21.654298664613464
0.26002016451195753,-4.005209007738343,-3.8360974748351837,-3.8360974748351837,-36.09078882825961,-15.625301528647222,-0.6206112933719047,72.34125088313267,48.64360608930733,-10.606060267469653,-0.3663758906965012,46.44492857874964
-2.12951752637483,-2.134348484159511,-2.1439211498723467,-2.1439211498723463,-83.71674917910411,-82.10759965580931,-81.73201823802206,-79.39520974098096,85.45851731152749,72.40853891234958,72.09892198002427,61.13904717915324
-1.2505359799190396,-1.3401999744436994,-1.5108516740324052,-1.5108516740324056,140.7558701143035,102.49044483070045,82.82639408887881,51.38846255812777,-59.31799924253915,-99.6671979944124,-86.35291083079434,-92.3315165288562
1.0756438970565796,1.306535124778748,1.592612981796265,1.955830335354969,-5.3543739318847665,-20.951555252075188,-42.78252410888672,-72.56063842773439,9.966166496276857,25.326961517333988,47.187740325927734,77.26757812500001
106.6457748413086,116.07469177246095,127.07581329345706,139.65007152429683,151.75138854980477,147.62190246582028,148.7636871337891,152.8361663818359,151.34352111816395,146.39035034179682,146.56346130371094,148.66490173339844
-3.538264274597168,-4.212169170379638,-4.9821705818176305,-5.825067776539285,-7.291347980499269,-8.333710670471191,-9.142836570739746,-9.189664840698239,-6.295612335205076,-5.334668159484863,-6.552654743194587,-6.611998081207274
