hips,spine,spine1,spine2,rshoulder,rarm,rforearm,rhand,lshoulder,larm,lforearm,lhand
0.8471979268996819,0.01459926699047287,-0.9395177114796454,-1.9906189091862974,-4.167979506631466,-6.17395207750649,-8.446877762290558,-10.479999796079973,-2.1423943654255737,-0.06404673778922731,0.24102455767215414,2.3137049782086203
-14.199140606329149,-15.256804352560623,-16.506816764443464,-17.970222886853325,-11.80440553086773,3.9814566412470187,25.54971634519071,54.80363970599443,-26.94028053822686,-41.739863953159755,-63.56763722808073,-93.64764050421915
57.18416652350113,47.824672042372256,36.90557999579282,24.42727877424383,11.80695078777444,14.669442291206536,11.80693154103733,5.219373219985698,13.443714148478847,19.613329834327942,21.30487535959014,21.641979404289998
0.2646002653669763,-4.001094727810569,-3.8329151400045456,-3.8329151400045456,-35.83306117727987,-14.916744847919754,0.8076249741394412,61.29827422458057,48.12810856181169,-10.22899899748801,0.4626728553352021,44.77717248153331
-2.063204922190776,-2.0735077708341856,-2.0940110625366843,-2.0940110625366843,-83.75810166165827,-82.08882336782804,-81.64297331490842,-78.96295474956335,85.48762384122043,72.38583664696239,72.02250034052574,60.12632990854383
-1.2253891384969935,-1.3169969108707817,-1.4915813143741663,-1.4915813143741663,140.51907746812634,101.92121747312035,81.25488281208568,59.291627174992904,-59.81250964993376,-99.40671468219219,-85.48867512512635,-91.51360049535604
1.0954645872116089,1.3214102983474727,1.6021883487701414,1.9604182572142703,-5.355152130126951,-20.951837539672862,-42.786666870117195,-72.55335998535156,9.966382026672363,25.329683303833015,47.19297409057618,77.26998138427734
106.64630126953125,116.0753936767578,127.07670593261717,139.65115220476812,151.75010681152347,147.61543273925787,148.70608520507815,152.86080932617188,151.3473510742187,146.3993072509766,146.53382873535156,148.67491149902344
-3.5484631061553955,-4.221645832061768,-4.990888118743896,-5.833114254720953,-7.292089462280274,-8.321216583251957,-9.096259117126472,-9.034693717956543,-6.309704303741454,-5.362502098083496,-6.539150238037108,-6.464068889617917
