hips,spine,spine1,spine2,rshoulder,rarm,rforearm,rhand,lshoulder,larm,lforearm,lhand
0.9577721280975835,0.10517013391308616,-0.8723680416425204,-1.950426566820468,-4.155397878561265,-6.155888125149952,-8.408074267471006,-10.337113970967652,-2.125580925202218,-0.03319993972517121,0.34096597284689345,2.5887915885516986
-14.226292263889876,-15.277952771457695,-16.52156826203232,-17.979042834042975,-11.807279158889795,3.977104036478457,25.556728884605175,54.79413845479699,-26.943845052222958,-41.746269722904096,-63.56878400355005,-93.63652223010537
57.18225108738581,47.823884711330734,36.906132072402826,24.429436585581357,11.816812597484898,14.691215203292444,11.89912088692995,5.207767144032829,13.441919284894055,19.59992531398268,21.34507031246079,21.649872420681362
0.2626387072231687,-4.003845273546009,-3.8371825567220115,-3.8371825567220097,-35.492749352218674,-14.060838212584914,2.7491181960322177,48.89105936523382,47.50950267565255,-9.876347737007373,1.354278903114012,41.34948021518933
-1.9895879992516545,-2.0063396436480754,-2.0397500004207294,-2.039750000420729,-83.79813230641697,-82.13507407203139,-81.58741876970748,-78.38206332773751,85.51221873944169,72.41832332293974,71.99423953921234,58.37780340275764
-1.1976432833212796,-1.2918993344178082,-1.4717897414279935,-1.4717897414279923,140.20040300958027,101.24194043553027,79.12097338769833,66.6949740823779,-60.409556274757975,-99.22563714573961,-84.60441505205516,-90.6822001893851
1.1163370609283447,1.336864113807678,1.6119391918182375,1.965059867919929,-5.356038093566892,-20.952262878417965,-42.79179382324219,-72.54213714599612,9.966560363769531,25.332431793212894,47.198272705078125,77.27317810058595
106.64789581298828,116.07708740234375,127.07850646972659,139.65303257928613,151.7494049072265,147.60932922363278,148.63609313964844,152.90155029296878,151.3519592285157,146.4092254638672,146.4848480224609,148.64495849609378
-3.557852268218994,-4.231391429901123,-5.001193523406985,-5.844384777365719,-7.297020435333252,-8.311145782470703,-9.038459777832028,-8.827569007873532,-6.329152107238769,-5.39627981185913,-6.530714988708497,-6.310500144958494
