hips,spine,spine1,spine2,rshoulder,rarm,rforearm,rhand,lshoulder,larm,lforearm,lhand
1.0913646485051345,0.21634577996707005,-0.7886832071191217,-1.9011995104121189,-4.14053580855525,-6.132140914243775,-8.359994786729526,-10.14621196225248,-2.1071682368252995,0.0012717866204310369,0.44094868478618565,2.9139211091005617
-14.25233469585556,-15.298480688887427,-16.53605695719188,-17.987524616564297,-11.809623361209916,3.97352366628213,25.568099639893926,54.78114218949419,-26.94707998168023,-41.7525689228256,-63.566098311276946,-93.6165301247225
57.178351578473766,47.82143359413577,36.90549362456065,24.431123031567125,11.827561925114878,14.714968603063312,12.020710503132221,5.184730984487402,13.439879504077311,19.585046552530713,21.42442086150902,21.68818648133754
0.2683322480233675,-4.005350903374535,-3.853049601308961,-3.8530496013089626,-35.02411412690078,-13.237528300908632,5.2532944965842825,35.83585969291689,46.73297994169127,-9.611925804701416,2.5523092800478864,36.375485020537646
-1.9119306813909125,-1.934196708524688,-1.9786586484904867,-1.9786586484904867,-83.8360207295982,-82.25606573836946,-81.56498681847725,-77.43341199219165,85.52975403331834,72.51583092223902,72.00618147991756,55.86467810775703
-1.1690249499261138,-1.2642495520534525,-1.446106744404767,-1.446106744404768,139.75963177457223,100.67219169456519,76.35638287516468,73.18295091770152,-61.15859307779486,-99.23516084507862,-83.4130989562936,-89.5528406880823
1.1371499300003052,1.3520221710205076,1.6208283901214597,1.9675280171341991,-5.360429763793947,-20.955932617187493,-42.80129623413087,-72.52794647216797,9.963370323181154,25.33240890502929,47.2001838684082,77.27107238769531
106.64874267578125,116.07813262939453,127.07968139648436,139.65415012139871,151.74694824218747,147.59979248046872,148.53392028808597,152.94825744628906,151.35644531250006,146.42068481445307,146.39808654785156,148.5851593017578
-3.569685220718384,-4.242313385009766,-5.0124378204345685,-5.859142159279121,-7.306937694549558,-8.303295135498043,-8.978250503540036,-8.574597358703617,-6.35541105270386,-5.437793731689451,-6.536240577697752,-6.121519565582282
