hips,spine,spine1,spine2,rshoulder,rarm,rforearm,rhand,lshoulder,larm,lforearm,lhand
1.206642298849819,0.3122285849200406,-0.7168390631465495,-1.8600551427462069,-4.131204973404127,-6.117310582004453,-8.343505802435198,-9.953022217029734,-2.0922730557617584,0.03290671337070794,0.5309556989349034,3.311219991218631
-14.265711870264527,-15.309186428673453,-16.54384376309932,-17.992436290832593,-11.811749000211593,3.9704706713106286,25.580879484970986,54.75158395729973,-26.949375435416496,-41.7561068493369,-63.555177514328435,-93.579332068696
57.17229724051599,47.816914070263536,36.90288144230152,24.430952591214464,11.83444518197743,14.730566903421249,12.164540164227901,5.107346102332173,13.438095932449727,19.574472856582673,21.564232825126908,21.752168842561332
0.2760729882621438,-4.00517603214109,-3.8679820293090383,-3.8679820293090392,-34.54030535497182,-13.187230968694532,8.453659197262391,24.001726709714852,45.92608941399758,-9.463893566455603,4.2230132245137275,30.095372271765402
-1.8395573974245893,-1.8646657253538046,-1.9148520503475355,-1.9148520503475368,-83.87617750381911,-82.60036554683944,-81.72053614057081,-76.20376866982878,85.54860997639058,72.62071249368017,71.97704743445792,53.02941606157329
-1.1429711333888601,-1.2383489044778029,-1.420508908261034,-1.420508908261034,139.30369031526956,100.96926553018423,72.76570581153322,77.31034915209042,-61.93794916615183,-99.49004207400041,-81.69852250393176,-88.09630084657148
1.1552128791809082,1.3649125099182133,1.6278100013732901,1.9680531206465028,-5.3668169975280735,-20.96158218383789,-42.813076019287095,-72.5025634765625,9.958206176757812,25.33041381835937,47.198669433593764,77.25975036621094
106.64691162109375,116.07650756835939,127.07820129394527,139.6526231585666,151.74188232421875,147.58766174316412,148.3934326171875,153.02528381347656,151.3583068847656,146.42948913574222,146.25753784179693,148.51022338867182
-3.582606315612793,-4.2539896965026855,-5.024111270904541,-5.8741241960757185,-7.316521167755133,-8.294449806213379,-8.937223434448244,-8.300969123840332,-6.382065296173089,-5.4805145263671875,-6.55592536926269,-5.86899948120117
