hips,spine,spine1,spine2,rshoulder,rarm,rforearm,rhand,lshoulder,larm,lforearm,lhand
-0.20085098208291358,-0.28782041821602505,-0.39241082494784457,-0.5209874478266537,-8.316530942233332,-23.776367867926652,-45.65018277946466,-75.70468428962641,7.0329060246094866,22.589091016309077,44.484446599039295,74.63742538130688
-17.4892358096009,-18.229535047975517,-19.082951905149695,-20.034753194541047,-21.35385141705636,-21.85126214765042,-21.84250782975443,-21.731460473929545,-20.8587879689475,-20.364592215603803,-20.30730330617987,-20.228588285369597
57.65095729565603,48.22459218087543,37.22640382460736,24.655329290574883,12.843462850347947,17.550531975989628,17.842617874054696,18.038119741683857,12.681059375877936,17.059571424793603,17.079121286176274,17.153091966425507
0.15604797980001914,-4.140042507624282,-4.032307015065794,-4.032307015065796,-14.666234953506077,8.376689329079243,10.195205968091111,12.738796893788894,14.517070314910312,-6.7460165336775715,-6.584341339816917,-7.044332725229145
0.3967746217629666,0.4012158061656941,0.40976989626932825,0.4097698962693281,-85.29287356506124,-85.14980937556662,-84.92877153606138,-84.85564567242326,85.95955988866449,85.42285245584378,85.30497481896408,85.54672786211897
-0.040967028541608774,-0.02531655827361511,0.014678707551909448,0.014678707551909463,120.94810855356567,81.82731348917562,79.62675668542995,77.13609805488382,-91.83216711177502,-97.36753701626886,-97.29500497463121,-98.13257485048666
1.028067708015442,1.0300220251083374,1.0293067693710325,1.0197442904872553,-6.668081760406494,-22.18073081970215,-44.05473709106445,-74.10618591308594,8.68702793121338,24.201763153076186,46.094863891601555,76.24424743652345
106.6517562866211,116.08222961425781,127.08518981933592,139.66168897188444,151.5599670410157,147.01515197753903,146.94851684570318,147.06225585937497,151.56156921386707,147.0204315185547,146.77488708496094,146.3896942138672
-3.8114943504333496,-4.502967357635498,-5.299379825592039,-6.185918153912989,-7.351686954498298,-7.687618732452393,-7.418213844299318,-6.94800043106079,-7.039786815643302,-6.7542204856872585,-6.959423542022708,-7.24243497848511
