hips,spine,spine1,spine2,rshoulder,rarm,rforearm,rhand,lshoulder,larm,lforearm,lhand
1.2612284264242533,0.35473264447797437,-0.6873956492947988,-1.8431842014213666,-4.129010957645563,-6.1161967570075175,-8.365620696471474,-9.76837047114325,-2.084495209991654,0.05089077016741417,0.6133650477124428,3.806112936519948
-14.25999346117286,-15.303203929350076,-16.538510332196275,-17.99003035118219,-11.81258804723893,3.9697471480476527,25.59678008899761,54.715947913488115,-26.949350051840792,-41.754251129435616,-63.53198762105379,-93.51557213002454
57.16770191764314,47.81344672200757,36.90073393595418,24.430304310640736,11.83487238334584,14.729728749638298,12.329373327188705,5.020003330991898,13.439576959956383,19.57686627000831,21.772343405438164,21.848680789528345
0.2786831511101166,-3.9977195461138986,-3.8508074661349725,-3.850807466134972,-34.26409032888975,-14.254249226799333,12.550559269203182,14.045996344940486,45.27569530179371,-9.315159068877232,6.519189080086604,22.580126621981513
-1.7683144066514582,-1.7948310707754387,-1.8477911756595726,-1.8477911756595728,-83.93887841489006,-83.21590187851382,-82.0979880585653,-75.0874418230513,85.59627731862645,72.77605317324792,71.91642456563396,50.464362873753174
-1.1173852247061573,-1.2181706585459513,-1.4111642704280318,-1.4111642704280323,139.0389532757782,102.49712113296695,68.23256853491854,78.40643794138697,-62.57649770919395,-99.87911469324023,-79.31273368612504,-86.62048234592702
1.172385334968567,1.3770254850387573,1.635067224502563,1.972149636543194,-5.366480827331544,-20.961673736572266,-42.81901931762697,-72.46329498291016,9.959685325622559,25.33379745483397,47.2008171081543,77.24287414550781
106.64280700683594,116.07254791259764,127.07444763183594,139.64920661042615,151.73765563964847,147.58105468749997,148.21490478515625,153.0863800048828,151.35644531249997,146.42999267578122,146.0580596923828,148.4161376953125
-3.6005101203918457,-4.271495819091796,-5.0402159690856925,-5.886492909865682,-7.3163900375366175,-8.27755165100098,-8.913826942443853,-8.015951156616214,-6.399877548217779,-5.517817497253415,-6.5673036575317445,-5.504720211029049
