hips,spine,spine1,spine2,rshoulder,rarm,rforearm,rhand,lshoulder,larm,lforearm,lhand
1.2456266631481734,0.3367004396000173,-0.7043085604589026,-1.8497385562725368,-4.129133989452677,-6.126871056382021,-8.421188986266507,-9.620478229782425,-2.0778685992908885,0.0606031856071807,0.7151226561183597,4.438304470904283
-14.23363241300104,-15.280982332191627,-16.521855982395504,-17.981414888600327,-11.81268703699515,3.97030407321365,25.613377848656757,54.69226897907082,-26.9474047687532,-41.74749553594945,-63.497660249947735,-93.42005967195651
57.16866101908424,47.81510263942894,36.902912287718735,24.432465202443638,11.831589958653439,14.71550065562937,12.510432754419298,5.006951134189279,13.446912462051785,19.594668981128933,22.02538720551908,21.968595745549067
0.2694431707047736,-3.9867409767112405,-3.79937904399751,-3.799379043997509,-34.183182239493824,-16.48431591653816,17.432125770456196,5.173100231651093,44.727573624970404,-9.100949570999298,9.565017099288333,14.201294104247216
-1.697751467798822,-1.7226846351166876,-1.7723346919419505,-1.7723346919419507,-84.02979544591099,-84.00596779314816,-82.61974198047108,-74.48482883312246,85.67750205603627,73.18918772754655,71.99925448016118,48.62028133326338
-1.0916555916806558,-1.198403119486177,-1.40333563138582,-1.4033356313858203,138.9679257692039,105.2953310697346,63.04650981901926,77.20865146007812,-63.11357580590712,-100.27116069438554,-76.1411451050778,-85.1656967525135
1.18751859664917,1.3871417045593262,1.6403596401214604,1.9742790559474526,-5.3681821823120135,-20.963909149169925,-42.826007843017585,-72.43350219726562,9.95921802520752,25.33524703979491,47.19964599609375,77.20944213867188
106.63629913330078,116.06604003906251,127.06819915771486,139.64379463989954,151.73236083984364,147.57408142089847,147.99519348144528,153.0331573486328,151.35281372070318,146.4280853271484,145.83538818359378,148.33142089843747
-3.622314453125,-4.294832229614258,-5.061474800109864,-5.896500952292394,-7.305661678314212,-8.250497817993166,-8.898700714111325,-7.742137432098388,-6.409344673156732,-5.551766395568848,-6.5533752441406214,-5.005069255828845
