hips,spine,spine1,spine2,rshoulder,rarm,rforearm,rhand,lshoulder,larm,lforearm,lhand
1.144529428729867,0.2434259838569961,-0.7794676898420843,-1.8836757487525375,-4.132416107743218,-6.161909971798064,-8.5423118685366,-9.599815854092185,-2.064439739840658,0.07604525744226986,0.8590048559075614,5.245459545363456
-14.18067603400693,-15.236085394570479,-16.487954371944355,-17.963694403901446,-11.812948413530327,3.9704984696140837,25.625017688143878,54.68447856754782,-26.942801053155627,-41.73262642984833,-63.452551412579496,-93.28434989559302
57.17809522245942,47.82468959554595,36.9120379797082,24.439777218188084,11.82461426238848,14.683788061840715,12.692596627169223,5.093132216969508,13.464041267916087,19.63577263560191,22.288855815511937,22.097662750495942
0.2378844333678158,-3.9724869847729907,-3.6934922338110754,-3.693492233811075,-34.499746861188264,-20.289249431560663,22.492578174767115,-4.208030525677843,44.48291968411069,-9.055964242667306,13.796560025378575,5.272232125684103
-1.6301819654033924,-1.6519894535332544,-1.6950413691901538,-1.6950413691901545,-84.15672785181653,-84.80265968177262,-83.18000685449769,-74.24351024197153,85.80729473972906,74.3262173397522,72.65200294442621,48.737034933791996
-1.0633166077322207,-1.1832180883784562,-1.4144773409913782,-1.4144773409913791,139.274880710949,109.74055294298753,57.881331968193386,75.38149104335636,-63.36549031169125,-100.80196064367603,-71.76170424783639,-83.24034660396616
1.1959316730499268,1.390237808227539,1.6395190954208367,1.9741078563090766,-5.368494510650635,-20.966026306152344,-42.83026123046875,-72.41917419433594,9.960009574890138,25.33646392822265,47.19765090942383,77.15786743164064
106.62945556640625,116.05892944335936,127.06137084960935,139.63846792478512,151.73066711425776,147.57630920410162,147.75634765625006,152.85089111328128,151.3473510742188,146.41891479492185,145.6260528564453,148.2722320556641
-3.642916679382324,-4.320663452148438,-5.08459711074829,-5.896417352753826,-7.273281574249263,-8.205605506896973,-8.892756462097175,-7.527363777160648,-6.397656440734866,-5.5693774223327654,-6.500447273254403,-4.3564085960388175
