hips,spine,spine1,spine2,rshoulder,rarm,rforearm,rhand,lshoulder,larm,lforearm,lhand
0.9796353331246967,0.09594707710155959,-0.8954925870341146,-1.938284232085123,-4.138363979357746,-6.209135823150585,-8.70556487704631,-9.674011234565015,-2.05147378601482,0.08596002758334276,1.031348966534268,6.11583195150938
-14.14956395606818,-15.208684276232379,-16.46635059888351,-17.95205191221801,-11.813390071594824,3.9683135869809623,25.628337937712406,54.68159867285682,-26.938517479657015,-41.720596720055546,-63.412931134653924,-93.13338700322996
57.196932285324564,47.8422935032244,36.927403278738,24.451039634822934,11.821417733678317,14.660724541034796,12.88299867547363,5.247914020865039,13.480418148687846,19.67181605458825,22.492433139899163,22.25648983585947
0.2053946040879783,-3.9479811919479437,-3.5549938291975614,-3.5549938291975605,-35.04405161053385,-25.888484569450032,27.538274966810956,-14.330760328952861,44.3560460766202,-9.153637762657569,19.29556570583591,-3.799419535027621
-1.5586653135677446,-1.5765139633517384,-1.6111617613978766,-1.611161761397876,-84.30908880204213,-85.50051506157583,-83.70391834296616,-73.99375483943547,85.96890128280026,76.21340143259715,73.90990123071086,51.775981542219505
-1.0265252066814432,-1.1602774243268281,-1.41929060793559,-1.4192906079355896,139.81560729393908,115.96221950907443,52.81936574024983,73.84960017189415,-63.49284801636474,-101.37068100844506,-66.24678758299068,-80.43062762797334
1.2034530639648438,1.3909981250762937,1.634745121002197,1.9683951211624788,-5.375942707061768,-20.974864959716797,-42.83772659301758,-72.41784667968751,9.95377540588379,25.33132553100586,47.190521240234375,77.09523010253906
106.62319946289062,116.0524139404297,127.05530548095703,139.63435090661144,151.72998046875006,147.57810974121094,147.52337646484378,152.6242218017578,151.34432983398435,146.41366577148435,145.46839904785153,148.16952514648438
-3.6633291244506836,-4.34644603729248,-5.105702877044677,-5.8871543722466475,-7.22406005859375,-8.144670486450199,-8.893941879272461,-7.370052814483645,-6.370896339416502,-5.576288223266602,-6.40637683868408,-3.644957065582271
