hips,spine,spine1,spine2,rshoulder,rarm,rforearm,rhand,lshoulder,larm,lforearm,lhand
0.8168898330879557,-0.048513616923964165,-1.0091982645148203,-1.9953046985666143,-4.149673699319124,-6.256926697184585,-8.85827636722657,-9.798357491848286,-2.0469180673747216,0.08609078923198332,1.2174166606976051,6.770938088969613
-14.169212395967852,-15.223731914256861,-16.476460490833784,-17.95747764374076,-11.815832133129403,3.961250182517324,25.623586483101242,54.67599286474358,-26.938586868402364,-41.72049368946083,-63.39389476354264,-93.03108800368791
57.216131415232965,47.85926959795229,36.941059570532644,24.459531023269108,11.82347166610515,14.661552103371434,13.072705119218057,5.430748814053118,13.484068584748513,19.677380272613135,22.573894918910128,22.47186915795183
0.18757024718704998,-3.9173459915458184,-3.427458218040475,-3.4274582180404782,-35.597876981757146,-29.58400492751915,29.961885613184045,-22.002640072095495,44.2832462338704,-8.781932183920151,24.134443475581232,-11.329523599138367
-1.4922320606678343,-1.5079811318698673,-1.5380003257417838,-1.5380003257417851,-84.44570634108159,-85.71577035493421,-83.83846118898086,-73.58732657992094,86.11580565513341,77.9965104612042,75.17470655821698,56.381411948814716
-0.9955677284984226,-1.1368704722971106,-1.4110034916607568,-1.4110034916607577,140.37856387823754,120.15617498336883,50.382349379541715,71.4368507459982,-63.55368812334951,-101.28075706477898,-61.68510398997835,-76.68958634840624
1.2098115682601929,1.391544103622437,1.6297413110733032,1.9598648290711163,-5.388573169708249,-20.987747192382816,-42.847240447998054,-72.42156219482422,9.942254066467285,25.321765899658207,47.1819953918457,77.06027221679688
106.61907958984375,116.04818725585936,127.05160522460938,139.63245030197282,151.72955322265636,147.57653808593753,147.33192443847656,152.43971252441403,151.34513854980463,146.41589355468747,145.38970947265628,147.94944763183594
-3.6819403171539307,-4.368015766143799,-5.121414184570312,-5.874891579640818,-7.175534248352054,-8.086455345153812,-8.893293380737305,-7.282219409942628,-6.34196615219116,-5.577266693115234,-6.272480487823486,-3.1178731918334877
