hips,spine,spine1,spine2,rshoulder,rarm,rforearm,rhand,lshoulder,larm,lforearm,lhand
0.6981408737868664,-0.1537802708451137,-1.0930374181041769,-2.041598792703149,-4.170730005350257,-6.312329668471759,-8.997351251369182,-9.938029165215415,-2.0473595380862237,0.0929597469289627,1.3793874915849953,7.138204977076525
-14.219048487119625,-15.264922613782826,-16.50738562238287,-17.976220441349906,-11.82418855252654,3.9461803684970453,25.610325678586456,54.645691070173584,-26.945237523629036,-41.730390024189454,-63.39295575141187,-92.99096598000602
57.22788029282755,47.86881229227636,36.94756664476546,24.461689495928567,11.82641576576242,14.675955018798476,13.25968071798053,5.553456738039472,13.476231764289224,19.659203129162762,22.572056119990492,22.659350695990838
0.18911825713238806,-3.886413892684897,-3.3376992179102634,-3.3376992179102642,-36.00875243296934,-28.882609039457634,29.23366957209906,-24.375844054812948,44.23795831100731,-8.188590873770625,26.89111757046581,-15.010168722912434
-1.4296587776487761,-1.4494123724886596,-1.4871995612347555,-1.4871995612347557,-84.54097891657935,-85.41763514383867,-83.46234618070474,-73.42094744497126,86.21887310662744,79.11703106582279,76.06127494137755,60.52684114527644
-0.9810986026898791,-1.124516154449271,-1.4029508664203025,-1.4029508664203032,140.7979680657901,119.85887233975652,50.95666032920376,67.46344892239279,-63.58845200693417,-100.82359359601277,-59.29933326083307,-71.97053386916745
1.2111725807189941,1.3897676467895512,1.6246799230575566,1.9518843601699531,-5.399843692779542,-20.99901199340821,-42.85481262207031,-72.41061401367186,9.93174934387207,25.312772750854492,47.17444610595703,77.05593872070312
106.61856079101562,116.04774475097659,127.05163574218751,139.63372100057427,151.7315216064453,147.57711791992182,147.17504882812503,152.3697509765625,151.34858703613284,146.4209442138672,145.35940551757812,147.70840454101565
-3.698585271835327,-4.384420394897461,-5.131898880004884,-5.865683855088592,-7.140891075134277,-8.045179367065424,-8.88938617706299,-7.218194961547853,-6.320931911468505,-5.577096462249755,-6.165939807891842,-2.8807592391967813
