hips,spine,spine1,spine2,rshoulder,rarm,rforearm,rhand,lshoulder,larm,lforearm,lhand
0.6556745527020489,-0.19252139980490401,-1.125158883202305,-2.0609538441476243,-4.194856365535323,-6.3751173027388095,-9.158975642491932,-10.124665989690888,-2.0377030686473194,0.13222295170831888,1.4851096050463166,7.39993735340401
-14.269441253077973,-15.308143769360498,-16.541647128519507,-17.998854865508125,-11.83778939687963,3.9244216712418356,25.585020168038927,54.58135462947256,-26.955697913072527,-41.74270101438541,-63.39903665626536,-92.96603926812587
57.23194726819425,47.87172770181108,36.948902248186855,24.46069957586576,11.830621907262667,14.695971232321227,13.424075955487893,5.575184026264111,13.465332129721219,19.633579359477295,22.56256310815769,22.71253496351278
0.20766743449715946,-3.8561744024681985,-3.284042282603575,-3.284042282603575,-36.291920543606864,-27.984741100499892,28.156591313686253,-22.00726050999865,44.274460400582846,-8.70239034948985,28.930609061336867,-14.463926255201992
-1.378300213614944,-1.4066535015813222,-1.461582503334003,-1.4615825033340026,-84.59402989453052,-85.0369316374644,-83.01085409395124,-73.93249915112497,86.27826474784536,79.89594462515615,76.67826945151215,63.50229198498638
-0.9847585471589019,-1.1262435706178506,-1.4009597078892784,-1.4009597078892784,141.08322865607923,119.26821090924115,51.71512305312165,62.28083918881681,-63.54866373492261,-101.449378078372,-57.41344126079931,-66.6910286694973
1.2107800245285034,1.3892929553985591,1.6238443851470945,1.9499996925173462,-5.402978897094727,-21.00229263305664,-42.85375213623047,-72.37548065185547,9.928983688354492,25.31062316894531,47.170616149902344,77.05104064941405
106.62013244628906,116.04955291748047,127.05384063720702,139.63663432180223,151.73521423339838,147.58074951171878,147.05706787109378,152.4249725341797,151.35240173339847,146.42495727539068,145.32540893554688,147.57914733886722
-3.7083897590637207,-4.391187191009521,-5.132872104644775,-5.854882069273185,-7.115516662597655,-8.017124176025396,-8.905148506164553,-7.179396629333494,-6.302421569824217,-5.569774627685548,-6.150999069213871,-2.7900145053863583
