hips,spine,spine1,spine2,rshoulder,rarm,rforearm,rhand,lshoulder,larm,lforearm,lhand
0.6700395212598593,-0.1802801022092959,-1.1158138235962456,-2.055897320031632,-4.211383861243346,-6.4255145220235805,-9.312227199697428,-10.335510103950515,-2.0190845210514743,0.18799463840746888,1.5239982906817024,7.653302694356343
-14.299376111336993,-15.334140358823662,-16.562851924969692,-18.014116958746683,-11.84974721701838,3.905649209254211,25.557508604340114,54.51131877251342,-26.96379035364498,-41.749828507030465,-63.401352299918614,-92.92489926909012
57.23194863464643,47.87150616855121,36.948388297403184,24.459815704664493,11.835022042196584,14.711883668534199,13.523362274530484,5.52623484365256,13.458648716546975,19.616025431702184,22.588252201548215,22.671301158818636
0.24948776402895356,-3.816870698865045,-3.249711342774158,-3.2497113427741593,-36.450588873527195,-28.053614542689434,27.458531945827726,-18.0818201381498,44.244248568149274,-10.68588997219552,31.602927540441478,-11.430493169714282
-1.337141881833121,-1.3724267268724761,-1.4412583590141115,-1.4412583590141121,-84.63102931123355,-84.77994407858719,-82.73567233510515,-74.88799547789384,86.31811287101084,80.67415095930457,77.1912645112043,65.44334242722182
-0.983967826376999,-1.124301317565464,-1.3968177943616742,-1.3968177943616744,141.24622078746182,119.50449689633093,52.09965513745969,56.90854831588028,-63.573806719606964,-103.5708744830598,-54.64768402145251,-61.48146013728959
1.2113381624221802,1.389081120491028,1.622645735740661,1.9474562439518077,-5.407005786895749,-21.006265640258793,-42.8539924621582,-72.3433074951172,9.925262451171871,25.307582855224602,47.16262435913086,77.02375030517577
106.62596893310547,116.05587768554688,127.0606918334961,139.64395030342854,151.74264526367185,147.58735656738287,146.9962310791016,152.531005859375,151.36068725585935,146.43414306640628,145.28010559082034,147.57290649414062
-3.70932936668396,-4.38526725769043,-5.119414806365967,-5.833891534655232,-7.084675312042238,-7.98350334167481,-8.919511795043945,-7.167129039764404,-6.277025222778316,-5.552599906921387,-6.2105350494384775,-2.707491159439089
