hips,spine,spine1,spine2,rshoulder,rarm,rforearm,rhand,lshoulder,larm,lforearm,lhand
0.7326399042167848,-0.12693461920936944,-1.074562948867186,-2.0314163283860136,-4.21536280538777,-6.448882197722286,-9.413088757724081,-10.517699832240202,-1.997808616850378,0.24091268322208048,1.5420042120081643,7.819321522435377
-14.308308706623638,-15.341431212256794,-16.568558424423163,-18.018765789100428,-11.855151991925247,3.896315153374029,25.537577048704225,54.46396369581595,-26.966193668096945,-41.75010140731793,-63.397344732592856,-92.88986438176931
57.229845262715315,47.87004782971259,36.94779677291834,24.460374989692752,11.840114949863874,14.72349708734464,13.533022434878347,5.448114485497399,13.457382790903011,19.60842691459959,22.62684982130375,22.65520427273748
0.2972650565223532,-3.77621494906397,-3.2232410915115204,-3.2232410915115204,-36.55072872177835,-28.916803466846225,27.218647887851652,-15.820539581338528,44.17022607710946,-12.747152639371121,33.59266271268935,-7.074640554120582
-1.31524135382114,-1.3513778627157313,-1.421953637334426,-1.4219536373344264,-84.66242867287012,-84.72594117706943,-82.73009876464,-76.10667487603186,86.35051594012282,81.2055608599102,77.53681591705781,66.49601496311392
-0.9689818390449533,-1.1107010051686212,-1.3859743040077637,-1.3859743040077637,141.35741510944445,120.34221502953005,52.1622545673354,53.12494803026933,-63.63616287008585,-105.74687733302099,-52.56646685035203,-55.62087046789593
1.2095025777816772,1.3843470811843872,1.6148557662963872,1.936907855184073,-5.420390129089354,-21.019105911254876,-42.86545181274414,-72.33827209472656,9.912218093872069,25.295757293701172,47.14570999145508,76.99217224121092
106.63330078125,116.0638427734375,127.06923675537108,139.65289453318724,151.7506866455078,147.5926818847656,147.0097503662109,152.6354522705078,151.37142944335935,146.44764709472653,145.247314453125,147.57963562011716
-3.7061190605163574,-4.374195098876954,-5.100540637969971,-5.809209788905379,-7.05191373825073,-7.947615146636962,-8.91989517211914,-7.18032932281494,-6.249435424804688,-5.53233432769775,-6.271000862121582,-2.670556306838986
