hips,spine,spine1,spine2,rshoulder,rarm,rforearm,rhand,lshoulder,larm,lforearm,lhand
0.8193969453838523,-0.05421364411996876,-1.0190646074624645,-1.9975346270397853,-4.2125243046282375,-6.459632092256943,-9.4901539954779,-10.685931374311544,-1.9737283113210324,0.29431965391301507,1.5951860021409487,7.928117220582186
-14.29331863477406,-15.329159467587946,-16.559669136342634,-18.014237841891006,-11.856505060794255,3.892976939470193,25.52103427127231,54.4276070386701,-26.96444673408568,-41.744040491599286,-63.3868542287166,-92.86748351167523
57.225700214604615,47.86751286144046,36.94715131341991,24.461912073250545,11.844182954136045,14.72772289723622,13.465895158727278,5.323235532110772,13.461156221565403,19.61177533183806,22.66173879946777,22.71290895334468
0.33614607922913625,-3.7419698131938364,-3.1983097825084594,-3.1983097825084594,-36.71239937375302,-31.04707209708649,27.700853137803144,-16.283827393999857,44.24118376840222,-13.882319479588979,34.58011345270976,-3.753441600272307
-1.3180736539906086,-1.3505790759252412,-1.4139210274557565,-1.4139210274557568,-84.68388633171918,-84.88397281933932,-82.99001357438854,-77.36010294984585,86.37630911249533,81.52087571517986,77.79820962241186,66.87932345288505
-0.954267872745408,-1.0972476563167481,-1.374980347111445,-1.374980347111445,141.52999711399866,122.29394331260458,51.57647978274441,52.05486145829544,-63.553741856797714,-106.94152732672516,-51.60596293520134,-50.077970066057475
1.209180235862732,1.3814960718154907,1.6092635393142705,1.9286739930421297,-5.431236267089844,-21.02920341491699,-42.87577438354492,-72.34143829345703,9.9015531539917,25.286159515380866,47.13357162475585,76.97987365722656
106.63963317871094,116.07066345214844,127.07654571533203,139.66057786471424,151.7574310302734,147.596664428711,147.0825653076172,152.7561950683594,151.38092041015634,146.45993041992193,145.2366027832031,147.54559326171875
-3.701836109161377,-4.363506317138672,-5.083273887634279,-5.786469740865907,-7.022918224334717,-7.918418884277347,-8.924488067626951,-7.219403266906742,-6.22259330749512,-5.509646415710453,-6.284224033355716,-2.667186975479121
