hips,spine,spine1,spine2,rshoulder,rarm,rforearm,rhand,lshoulder,larm,lforearm,lhand
-0.20824943414909042,-0.2949986647024519,-0.3991681761893419,-0.5268900497181757,-8.322775008139086,-23.78525385627732,-45.65889874132986,-75.71303876424778,7.0280176395060385,22.58430877943155,44.479645007385095,74.6325354277876
-17.503048739756814,-18.23700135627512,-19.085393573128705,-20.036895007360414,-21.334506119807212,-21.78918010136213,-21.72267183866058,-21.518727801558292,-20.881853412716293,-20.430617479723786,-20.46293236108827,-20.507650572106428
57.6511934379205,48.22433212512372,37.22574914248986,24.65464319566422,12.840606000991727,17.543389050626104,17.840357505788546,18.015968457017863,12.682463649739447,17.06528436160417,17.106716611104105,17.232048646367986
0.18928338462594557,-4.119268670552865,-4.036459059527357,-4.036459059527356,-14.59535653063343,8.606930238251076,10.752185272455813,13.63534892345604,14.458020814031473,-7.675778868561484,-7.510521365735406,-7.58360903068317
0.40719255507441515,0.4095908807346597,0.4140683185237834,0.41406831852378345,-85.29151747414919,-85.29849258579081,-85.06455706226696,-84.87987421437562,85.95527009963236,85.37177565165844,85.26160112849254,85.58168914093154
-0.0531582885891382,-0.03802331578786201,0.0009334824447851527,0.000933482444785159,120.86376661410327,81.6108088656888,79.0339026130123,76.26806599627137,-91.90477959147914,-98.34882398011932,-98.31280034259733,-98.78886306703086
1.0192545652389526,1.0231289863586426,1.024766206741333,1.0181477283288611,-6.66691780090332,-22.180702209472656,-44.0546989440918,-74.10588073730467,8.688217163085938,24.20190048217772,46.09440612792969,76.24269104003908
106.65259552001953,116.08346557617188,127.0867156982422,139.663152502431,151.56320190429693,147.0220794677735,146.94976806640622,147.08224487304685,151.56114196777335,147.01631164550778,146.74984741210932,146.3146209716797
-3.8169422149658203,-4.502945899963379,-5.2953677177429235,-6.1828169211495,-7.348871707916263,-7.68331050872803,-7.4149971008300755,-6.9326200485229466,-7.038123607635493,-6.753391265869138,-6.989405632019041,-7.314987182617192
