hips,spine,spine1,spine2,rshoulder,rarm,rforearm,rhand,lshoulder,larm,lforearm,lhand
0.9012804285437239,0.013961567575135447,-0.9669370275303013,-1.9638485081974757,-4.212129218554988,-6.4845917099602435,-9.605124263471431,-10.905915174481954,-1.9415573909528305,0.36535229999507646,1.7093100468684934,8.060772261738059
-14.245494186480032,-15.290974997081634,-16.53296455898694,-18.00119572585492,-11.85964213098973,3.8882269180301092,25.497947901296186,54.37746557561578,-26.961723873472025,-41.73114303865375,-63.370167194119446,-92.84657853797997
57.21920003214596,47.86335435877514,36.94571934778442,24.46353855583186,11.843817313578882,14.716350903657315,13.363170516983558,5.140938682754154,13.471182926588853,19.63183736116261,22.69019109057092,22.812387555362562
0.36371778219148293,-3.714963058270651,-3.1724543491276065,-3.1724543491276065,-36.96728362081209,-34.56849031426929,28.800410465263386,-18.387651142401854,44.501997635688284,-14.3643701232109,35.09400030082015,-1.9217957213375656
-1.3329065280395904,-1.362102854713189,-1.41880793697983,-1.4188079369798308,-84.69552063343046,-85.13379489185996,-83.37827610746787,-78.14270409761345,86.39685357572792,81.78103891666315,78.08085528818715,67.06728386549646
-0.9497194757907,-1.0946637156881438,-1.3762921400984105,-1.376292140098411,141.78311912793725,125.6132496716719,50.353432830021,53.00490833644465,-63.294117704612425,-107.40168003231322,-51.172603385607914,-45.44190746055519
1.2063806056976318,1.378016948699951,1.6053160429000863,1.9249415497078943,-5.4347076416015625,-21.03265380859376,-42.87872314453125,-72.33555603027347,9.89799976348877,25.282501220703125,47.13043212890626,76.9852752685547
106.64517211914062,116.07655334472655,127.08278656005864,139.66712938053553,151.76461791992176,147.6044464111328,147.1691131591797,152.89894104003915,151.38757324218759,146.46607971191403,145.25279235839844,147.5076599121094
-3.696824312210083,-4.353940963745117,-5.068517684936525,-5.766033200711916,-6.997757911682134,-7.896625518798831,-8.9495267868042,-7.2798671722412145,-6.196128845214838,-5.483911037445069,-6.260419368743902,-2.6800920963287376
