hips,spine,spine1,spine2,rshoulder,rarm,rforearm,rhand,lshoulder,larm,lforearm,lhand
0.9788035858415451,0.08066899032542363,-0.9137337833815424,-1.928146951904746,-4.221423299936583,-6.545025863208731,-9.793153927258675,-11.236801656477557,-1.8938166505866851,0.4772058157873138,1.9030427299479502,8.309212360217959
-14.188087511561918,-15.245928625208869,-16.502679034582005,-17.98857021556404,-11.869361869954723,3.873518847917299,25.460598403829092,54.30669597939172,-26.961376780641547,-41.71548513360643,-63.3515347649223,-92.8158966816511
57.211987121849845,47.85857228865295,36.94384940679558,24.465168951537322,11.842687040923266,14.701688531891989,13.288821858615194,4.973635818922162,13.482850410813029,19.655863319455506,22.698090693209195,22.861709862357884
0.4012314611655223,-3.6827575814214177,-3.150898103052313,-3.1508981030523153,-37.23746929565268,-37.89126431956955,29.66058352325405,-20.001860675936136,44.8455919488098,-14.636835042256779,35.38494186730796,-0.5202571067744869
-1.3475396428409765,-1.3761463759837624,-1.4316824951427074,-1.4316824951427076,-84.69808257146896,-85.28189049546584,-83.66526496426611,-78.2480460496218,86.40973358814307,81.97733657870953,78.31738913389513,67.38625312175954
-0.9517414868684162,-1.0989552589066036,-1.385110161975138,-1.3851101619751385,142.04386150727913,128.8160452247045,49.34931978028782,53.72550940543444,-62.95947558449111,-107.58550182242689,-50.905700977969076,-41.99249970252733
1.1990944147109985,1.3710949420928955,1.5992525815963745,1.9208595730038864,-5.436756134033203,-21.03510284423828,-42.87946701049805,-72.32447052001953,9.89571285247803,25.279346466064467,47.12936401367187,76.99126434326172
106.64704132080078,116.07883453369142,127.08544921874999,139.670003308055,151.7690124511718,147.6114196777344,147.2227935791016,153.0212860107422,151.38946533203136,146.46548461914062,145.2876434326172,147.51943969726562
-3.693014144897461,-4.343963623046874,-5.052350044250488,-5.74512699181201,-6.974088191986084,-7.878142356872564,-8.983246803283695,-7.342199325561523,-6.169015884399417,-5.455027103424071,-6.227183341979982,-2.6915931701660103
