hips,spine,spine1,spine2,rshoulder,rarm,rforearm,rhand,lshoulder,larm,lforearm,lhand
1.037514626104409,0.13373448122064513,-0.8688077517909205,-1.8960764925798559,-4.246773539807347,-6.657183285736788,-10.074006307223467,-11.731935149696756,-1.8283863828648146,0.6392650336399637,2.1785594091188,8.75404801062276
-14.134918930335083,-15.205874021826352,-16.478050775086206,-17.981857769298138,-11.888292811315798,3.843501003331468,25.40331723105107,54.21659126806632,-26.964890840184303,-41.69893242098671,-63.33014708569733,-92.75742848565409
57.20573273222803,47.854362969411255,36.94217567648228,24.46669347974955,11.842372842537799,14.690378626342522,13.25935456863354,4.87079386669015,13.49290808573383,19.675867402992196,22.696832210440448,22.817775839245684
0.44422963068568194,-3.6487224539259446,-3.1347368346634923,-3.1347368346634914,-37.41502580985452,-39.193888443005044,29.330504005827162,-19.943996402041293,45.04960865038851,-15.138251429798673,35.754825864231826,0.3526692259745895
-1.3455034848007874,-1.3766818358269575,-1.4374197102451347,-1.437419710245135,-84.70307474868365,-85.23542976017795,-83.72876401384602,-78.07643115431564,86.4211885664115,82.08757723370309,78.41251011645745,67.81266098387333
-0.9618020556316834,-1.1100606971839413,-1.3983213212713868,-1.3983213212713874,142.20785510762173,130.08930269387065,49.56580483673658,52.79785036262583,-62.768655826847734,-107.99294110530364,-50.42949948482103,-40.57134517054895
1.1891334056854248,1.3626089096069338,1.5927575826644895,1.917251349361808,-5.4375262260437,-21.03668022155762,-42.87898635864257,-72.3145523071289,9.894766807556152,25.277183532714844,47.12852478027344,76.98612976074217
106.64618682861328,116.07843017578124,127.08541870117186,139.67009369312711,151.7710876464843,147.61723327636724,147.23876953125,153.09390258789062,151.38787841796884,146.46026611328128,145.31814575195312,147.60186767578125
-3.687204360961914,-4.331076622009277,-5.032925128936766,-5.722150581795535,-6.9485168457031286,-7.855400085449222,-9.003708839416502,-7.395506858825684,-6.1419115066528285,-5.4276542663574245,-6.21476936340332,-2.675757169723515
