hips,spine,spine1,spine2,rshoulder,rarm,rforearm,rhand,lshoulder,larm,lforearm,lhand
1.094664531424252,0.18793532491421328,-0.8202944980350306,-1.859217449260246,-4.28826277849814,-6.8305047109388894,-10.468919984387679,-12.43199829933588,-1.7348181525935296,0.873926347883911,2.580640068177189,9.453179665147898
-14.080926140754979,-15.167081427229439,-16.456733392194096,-17.97992131510929,-11.917728565304651,3.7947895945329626,25.31898956040015,54.097355228858845,-26.971216206889867,-41.67796859634254,-63.29815153264838,-92.65766668833027
57.20059524528415,47.85125687714783,36.94164076274541,24.46947534388005,11.844868459622745,14.68477649413029,13.263323605808893,4.820891763824392,13.50294748069453,19.693059034948362,22.703105036382368,22.740346847145815
0.488623281396631,-3.6171398762542797,-3.1287401591184847,-3.128740159118485,-37.44597701278773,-38.684240730768934,28.097313520378904,-18.53077111598395,45.04851516652826,-15.862430837014623,36.306633373572865,0.35624640784185346
-1.3284269631398056,-1.3641511742799006,-1.4340897762701126,-1.4340897762701126,-84.70930063709893,-85.05553892307681,-83.61470731748065,-78.16187449383052,86.42805388686288,82.1678953659815,78.42658131019907,68.09614343809531
-0.9812848460700456,-1.1286125081291418,-1.4150530367552627,-1.4150530367552636,142.22210036997208,129.60569736844937,50.71530209844133,50.58796665208256,-62.786339699014526,-108.66035276602051,-49.71940881663529,-40.75825786696078
1.1770294904708862,1.3533596992492682,1.5867819786071775,1.9148795235233451,-5.436464786529541,-21.0368938446045,-42.87740707397461,-72.30604553222653,9.895765304565428,25.276836395263665,47.128211975097656,76.97418212890626
106.64405059814453,116.07674407958986,127.0840530395508,139.6687066059011,151.77197265624997,147.62272644042974,147.23164367675778,153.13076782226562,151.3842315673828,146.45208740234372,145.33058166503906,147.69752502441403
-3.67720103263855,-4.313770294189453,-5.0095553398132315,-5.69746463514552,-6.922139644622799,-7.8285984992980975,-9.007078170776367,-7.432837009429935,-6.11642694473267,-5.403544902801511,-6.219123840332034,-2.6372301578521675
