hips,spine,spine1,spine2,rshoulder,rarm,rforearm,rhand,lshoulder,larm,lforearm,lhand
1.1626896381594873,0.2541862023156529,-0.7593374635338517,-1.8117039130927726,-4.353356132163492,-7.092587535628429,-11.034294735939598,-13.422747933141638,-1.5994701701012186,1.2173197220648717,3.1989199676806566,10.472112982079988
-14.021094344395653,-15.125559427902315,-16.436091363170004,-17.982044596964954,-11.961495487966973,3.7186877953639152,25.190598783437423,53.92217100987864,-26.97917606645531,-41.646018835440216,-63.242549176761415,-92.5054307652321
57.195441723927544,47.84842649887328,36.94178858529503,24.473551900125784,11.851190342519715,14.686683887678925,13.284199019547032,4.792074055305704,13.513160860460118,19.70674715806132,22.718296841200527,22.70820043088861
0.5306267363870283,-3.593453563870116,-3.1416557975403654,-3.141655797540367,-37.30657978544805,-37.3758395969357,26.669800454798793,-16.753524792816766,44.89126744981693,-16.132749046648904,36.36523665946285,0.041877318723131676
-1.311752535607768,-1.3515947263883419,-1.429934439024464,-1.4299344390244642,-84.70498858974257,-84.82814731055997,-83.41241003225143,-78.6040464027076,86.41869652990174,82.1433829126968,78.38342421357912,68.05746552775348
-1.0007237525456631,-1.1460643803956403,-1.4285388331960658,-1.4285388331960662,142.06948282728132,128.3377860163851,52.06221981489992,48.177157717616524,-62.95708898298731,-108.91561764124297,-49.58396364067985,-40.90268313122235
1.1645219326019287,1.343717098236084,1.5802381038665765,1.9113147526613206,-5.4372081756591815,-21.03871536254884,-42.877811431884766,-72.29908752441406,9.894989967346191,25.274913787841793,47.12593460083007,76.96636199951172
106.64344787597656,116.07654571533205,127.08407592773438,139.66849601007493,151.77325439453136,147.6275634765625,147.2178192138672,153.16067504882812,151.38200378417952,146.44631958007815,145.32940673828122,147.73858642578125
-3.660773754119873,-4.2904319763183585,-4.98167085647583,-5.6724182968942065,-6.899224758148195,-7.803536891937256,-9.000605583190923,-7.452989578247072,-6.094621181488034,-5.381839275360111,-6.213517665863031,-2.6134588718414333
