hips,spine,spine1,spine2,rshoulder,rarm,rforearm,rhand,lshoulder,larm,lforearm,lhand
1.251549008991618,0.3402096114009563,-0.6802643776232671,-1.7489392335367562,-4.445151581896161,-7.459640793040277,-11.80636655109413,-14.76079824094877,-1.411975163155871,1.6939391837500475,4.082619835120728,11.848781201340337
-13.94406628524941,-15.071896029641335,-16.409189636081276,-17.984613412480527,-12.022074534627508,3.607951868998384,25.002381515830198,53.666458839403724,-26.985645076572762,-41.593471621953306,-63.1468342423933,-92.2827161956167
57.189158180952845,47.84521600282609,36.94248098060693,24.47932140689801,11.86149883203123,14.69458593764054,13.304387626697405,4.7624082030171735,13.525255345170649,19.720108695353503,22.745544291301428,22.75328290505655
0.566766722833318,-3.578428577147575,-3.1688486123896324,-3.168848612389633,-37.09650512163027,-36.25070369343909,25.609898127822444,-15.4353320856552,44.741460275830406,-15.637141009347765,35.495693078404834,0.17091704229135796
-1.3094664778456715,-1.3513512202059978,-1.4339600941699895,-1.4339600941699897,-84.68554586194978,-84.64162708264168,-83.23151537826293,-79.16014363713651,86.39286653031918,81.9439890898535,78.27015865135168,67.81871818441601
-1.0136983780710016,-1.157414710890833,-1.4366289999229798,-1.43662899992298,141.85153954917163,127.23636139111134,53.043283231301054,46.34475443193567,-63.11537465449567,-108.43796577919348,-50.50100869624257,-39.95474274784281
1.1530780792236328,1.3342564105987547,1.5728906393051145,1.9059339311670098,-5.440663814544678,-21.04274559020996,-42.881046295166016,-72.2945251464844,9.891425132751465,25.270565032958984,47.1213493347168,76.96835327148438
106.64595794677734,116.07940673828124,127.08706665039062,139.6711056460058,151.77639770507815,147.63267517089847,147.21131896972656,153.1968383789062,151.38319396972653,146.44549560546878,145.32049560546872,147.70803833007812
-3.640254497528076,-4.26396369934082,-4.952316284179689,-5.649035241307073,-6.882032871246336,-7.785283088684085,-8.993330001831055,-7.462243080139155,-6.076348304748535,-5.360318183898926,-6.187419414520257,-2.628074645996087
