hips,spine,spine1,spine2,rshoulder,rarm,rforearm,rhand,lshoulder,larm,lforearm,lhand
1.3849538985157404,0.46552681806852725,-0.5683542779928494,-1.6615005439924726,-4.561947586345459,-7.93351876950554,-12.792450057838632,-16.461692874734947,-1.1650834357496738,2.3186735147432396,5.243798461959602,13.627802376995366
-13.857197080689133,-15.01180224686589,-16.379798937341942,-17.989107494473913,-12.10144730663263,3.454398864985516,24.738813350652755,53.31115445090144,-26.987379620308328,-41.51269318812754,-62.998062174690965,-91.96221090811548
57.181926298776034,47.842036972510996,36.944367398644076,24.487661181039385,11.87997396267977,14.718852238707996,13.335973437882245,4.763792863466676,13.537394777084813,19.725277858290752,22.76310317235277,22.80828283411978
0.5887014220072531,-3.579951256701612,-3.2172811883008183,-3.2172811883008188,-36.79130128900298,-35.71204340732527,25.190710625493093,-14.741754685921983,44.61960203905427,-14.74063437558571,34.087297967962606,1.175575340583896
-1.327391711871197,-1.3689888579860843,-1.4512154166292983,-1.451215416629298,-84.64269232868148,-84.55859669308916,-83.14289613622877,-79.5937120839588,86.34205040330284,81.62534946722316,78.09338767764544,67.74167671844698
-1.0191601611593222,-1.1611841239973393,-1.4369456368340456,-1.4369456368340456,141.54611049404602,126.69143517251906,53.405585463190356,45.20685511261518,-63.238520722233666,-107.57295842644214,-52.016759012960044,-38.05652288460261
1.142240047454834,1.3244305849075324,1.5640075206756592,1.8975846319770278,-5.448341369628906,-21.050275802612305,-42.88843536376953,-72.29592895507812,9.883511543273926,25.26230621337891,47.11296844482422,76.9727020263672
106.6492691040039,116.08294677734375,127.09057617187501,139.674007869858,151.7784423828124,147.6343688964843,147.21418762207037,153.23007202148438,151.38551330566418,146.44801330566412,145.30960083007807,147.6452331542969
-3.614058017730713,-4.2341580390930185,-4.922798156738282,-5.6301492687405865,-6.875520229339596,-7.779604911804201,-8.990431785583496,-7.463096141815187,-6.065209388732914,-5.340666770935059,-6.152082920074462,-2.665450334548951
