hips,spine,spine1,spine2,rshoulder,rarm,rforearm,rhand,lshoulder,larm,lforearm,lhand
1.5278973899959025,0.5982555017605655,-0.4505897132231578,-1.5678482310578232,-4.692173789185521,-8.461344985773705,-13.88339044814043,-18.332768306977563,-0.8912440040579455,3.0114515352994475,6.523735253374758,15.612907909541224
-13.770389807316766,-14.95202681850934,-16.351053014917742,-17.99468952764672,-12.19220271112352,3.269702328176076,24.417951554577577,52.876201639928865,-26.981651037255105,-41.40621148488043,-62.80231461325181,-91.5529094463093
57.175343589026554,47.8398514318754,36.947551100241114,24.497468168750743,11.903781685351305,14.755897624460232,13.376907967538813,4.794730269142946,13.547552460036599,19.721134529462375,22.766927103659185,22.82927947633044
0.5891271752777625,-3.59836617377686,-3.273415196535929,-3.2734151965359284,-36.50480279953144,-35.89577198086863,25.36805777061329,-14.368674342958561,44.61184875976044,-14.052489047213264,32.93074100104861,2.8117874905416422
-1.3613236116954983,-1.4013990880186236,-1.480728965450129,-1.4807289654501283,-84.58527780578315,-84.58285974514318,-83.16343256980802,-79.86891205558898,86.27864401531693,81.3419871626878,77.92062018145025,68.03762994914831
-1.0125839612655998,-1.1535618800043357,-1.4271768272603023,-1.4271768272603023,141.26921645949312,126.84811336366606,53.19450099213155,44.486722882309664,-63.23792152048062,-106.91986785171567,-53.25946100372452,-36.06612009546917
1.1331353187561035,1.3146100044250488,1.553194046020508,1.8852911103728887,-5.461782455444336,-21.06268882751464,-42.90106582641601,-72.30472564697263,9.869731903076172,25.248914718627915,47.099224090576165,76.96862792968751
106.65448760986328,116.0881805419922,127.09561157226564,139.67838389471035,151.78051757812506,147.63327026367193,147.22377014160162,153.25685119628903,151.39062499999991,146.45608520507812,145.3029632568359,147.5976409912109
-3.5849239826202393,-4.204938888549806,-4.897107124328614,-5.616777051452065,-6.877758026123045,-7.78538370132446,-8.996265411376953,-7.463471412658691,-6.05953884124756,-5.322555065155028,-6.122872829437254,-2.6925930976867654
