hips,spine,spine1,spine2,rshoulder,rarm,rforearm,rhand,lshoulder,larm,lforearm,lhand
1.5985667426305676,0.6690912770412822,-0.38102945910148733,-1.5031801901535733,-4.842999749900809,-9.036514956834386,-15.04890972265992,-20.304160398882637,-0.6180343281350602,3.717194013122798,7.838283418471331,17.708818599345825
-13.71516401463667,-14.918446829183797,-16.341875298594818,-18.01148320760596,-12.294728774274963,3.0530716735562446,24.041809979026134,52.36906093394732,-26.97127700864857,-41.281993773849074,-62.57104150198498,-91.06290401695968
57.17320972370682,47.84046627890007,36.951454105133195,24.505267550625632,11.927702704505634,14.803500200566788,13.43445778572567,4.874627594475385,13.547974097705861,19.697779912165373,22.73076046272402,22.76443532673005
0.5707833594084358,-3.627219526033765,-3.3232964374199407,-3.3232964374199403,-36.33968468460917,-36.76867870543409,26.0016025272385,-13.837588712572366,44.78180039177854,-13.711777685996065,32.46922144973865,4.239994543687068
-1.407268713125581,-1.445151928043,-1.5201800405927168,-1.5201800405927166,-84.5236529851832,-84.69084360184064,-83.27887651388073,-80.13564374383223,86.21604588885972,81.20548581928524,77.8171683675654,68.53867181066283
-1.006652364111313,-1.1461453056125448,-1.41675770703719,-1.4167577070371904,141.11395580692576,127.67672023405568,52.546441112745036,43.77773234753792,-63.05921614230346,-106.60336688117393,-53.75370076544634,-34.79062790572384
1.1221851110458374,1.3032512664794922,1.5410716533660889,1.8716509364381735,-5.476498603820801,-21.07610511779786,-42.91481399536133,-72.3167266845703,9.854523658752441,25.23395919799804,47.083992004394524,76.95611572265626
106.65861511230469,116.09211730957031,127.09921264648439,139.6813943878149,151.78121948242193,147.63067626953128,147.23944091796875,153.278564453125,151.39450073242185,146.46307373046872,145.30015563964844,147.580810546875
-3.5552961826324463,-4.178325653076173,-4.876023292541504,-5.606634371276858,-6.883248805999755,-7.797594070434578,-9.009218215942385,-7.4671363830566415,-6.054463386535649,-5.302851200103756,-6.096318244934084,-2.6802289485931374
