hips,spine,spine1,spine2,rshoulder,rarm,rforearm,rhand,lshoulder,larm,lforearm,lhand
1.595501216906027,0.6774641537200683,-0.35976156940304804,-1.468251366930648,-5.010196389021035,-9.643226976385028,-16.260432222199952,-22.334855643557958,-0.35248760177338134,4.417725017887699,9.159201418337053,19.841283356321156
-13.676071917722629,-14.898980997036102,-16.34396941365543,-18.035174219736557,-12.408046010741042,2.807882418736127,23.614253371240025,51.79101100935762,-26.955891998168102,-41.138680010582135,-62.303095136709324,-90.50072799755657
57.17476711944134,47.84344542470539,36.95603707398219,24.511542337139588,11.94885421218612,14.85086304109322,13.488304371352854,4.973893610959465,13.543420268411552,19.667521761849656,22.66639095822086,22.660745624549207
0.5427952312481429,-3.6597352525575273,-3.364910614887879,-3.3649106148878816,-36.27588808681379,-38.34093902390444,27.001727267892697,-12.57293087037076,45.06689845312362,-13.665429226723225,32.59253596301271,5.105783729940195
-1.4572567907917882,-1.4931773676648312,-1.5643274137270136,-1.5643274137270133,-84.46329170455986,-84.8651340160606,-83.48140996903875,-80.61790366479114,86.15841953746961,81.25454336476896,77.85943077480671,68.98702396473772
-1.0093863868811896,-1.1459800215432294,-1.4107646037971464,-1.4107646037971464,141.05533659532605,129.18505099319893,51.55528045802767,42.490132060011994,-62.769876375864015,-106.54764163314893,-53.64428576539096,-34.10822053760587
1.110854148864746,1.2930253744125366,1.531553506851196,1.861615799743377,-5.486598014831542,-21.085174560546875,-42.92415237426758,-72.3272476196289,9.843830108642578,25.22311782836914,47.07366943359375,76.94645690917972
106.66068267822266,116.09385681152345,127.10054016113281,139.682202417613,151.7804565429688,147.62791442871094,147.26336669921875,153.29508972167966,151.39566040039057,146.4661102294922,145.30761718750003,147.5795135498047
-3.5264790058135986,-4.154095649719238,-4.858024120330811,-5.597758078798279,-6.888912677764896,-7.8119020462036115,-9.02647876739502,-7.477353572845459,-6.048305511474606,-5.281449794769288,-6.067942619323736,-2.652029752731315
