hips,spine,spine1,spine2,rshoulder,rarm,rforearm,rhand,lshoulder,larm,lforearm,lhand
-0.2162896719331039,-0.30074424723406556,-0.4032723370751762,-0.5314860124989667,-8.328936139527894,-23.793448576237168,-45.666833648353546,-75.72033750479602,7.0230956783344896,22.57983942843736,44.474750910930595,74.62698480832634
-17.547404220519425,-18.27345754311784,-19.11238948069874,-20.05251234356452,-21.317846744060894,-21.733164589365863,-21.610036638590707,-21.316292105814174,-20.90821785140291,-20.504562194704203,-20.62720665278869,-20.796495155451126
57.65323891228488,48.22574367455917,37.22641745238117,24.654460451230165,12.837961138687803,17.53769364847716,17.83583115665752,17.99017217169356,12.6828382089613,17.068724215482177,17.129627954742716,17.30075031672652
0.22445258625901712,-4.082833017215687,-3.997486739822445,-3.9974867398224454,-14.87971798924582,8.70699336439984,11.17458099788815,14.550714345202927,14.492794958260847,-8.680433859277086,-8.506213329198985,-8.767124467947289
0.4056019409013653,0.4072979623181751,0.41035054611271293,0.41035054611271293,-85.32300485153,-85.45829286398494,-85.21320294367096,-84.96548202361694,85.99434568913617,85.42475014924779,85.32143123542993,85.72797792660656
-0.0658329731442874,-0.04513522556851979,0.004945409596869261,0.004945409596869264,121.15090440733837,81.52604449947239,78.58390358477342,75.38512553709542,-91.86635079090887,-99.38756426001464,-99.37870777872844,-100.09908380488751
1.0096813440322876,1.0157024860382078,1.0187873840332031,1.0114070866281184,-6.674357414245605,-22.18782424926758,-44.06187438964844,-74.11292266845702,8.680757522583008,24.1947250366211,46.0866813659668,76.23396301269531
106.65283203125,116.08412170410153,127.08787536621094,139.6649124315384,151.56524658203128,147.0233459472656,146.94459533691406,147.09106445312497,151.563980102539,147.0199584960938,146.73947143554688,146.26596069335935
-3.8227832317352295,-4.502997398376465,-5.288422107696534,-6.16731730692549,-7.325776100158702,-7.66430950164795,-7.402107715606689,-6.916057109832764,-7.0140333175659055,-6.731385707855225,-6.994966506958008,-7.358762264251709
