hips,spine,spine1,spine2,rshoulder,rarm,rforearm,rhand,lshoulder,larm,lforearm,lhand
1.54387706388985,0.6460266528079828,-0.3676132766743656,-1.4491193139571692,-5.18732444615541,-10.278309351175473,-17.523896075035392,-24.450358060318894,-0.08298483278059621,5.131854013197207,10.524527188034364,22.026267921392233
-13.646746671149847,-14.886851006507335,-16.351089968510657,-18.06245799415936,-12.533343463473209,2.5305097448922598,23.12683443362081,51.12431006335926,-26.933357663113394,-40.96978964379486,-61.985415717029014,-89.8587666548153
57.1805981464621,47.84957899585139,36.962527223806944,24.518414689972076,11.969081010658243,14.897191474087009,13.540059458137193,5.084954002701551,13.538218109778398,19.63706398905606,22.58123554744145,22.552986342119624
0.5174664800510335,-3.6878452045721204,-3.3985954537652994,-3.3985954537652994,-36.241791399688616,-40.2759759535482,28.163912897212615,-9.873769433873953,45.32527763015992,-13.583840296773397,32.71651421116802,5.641237330198614
-1.4943349017569496,-1.5306839112271688,-1.6026986227978348,-1.6026986227978344,-84.41235506688307,-85.05793388997833,-83.71612622207815,-81.44748339656938,86.11043987811253,81.36693390594475,77.99247930342409,69.25753569043005
-1.003874100737759,-1.140827871087246,-1.4063351204356045,-1.4063351204356045,141.0248946235723,131.05282972395796,50.422836873260835,39.81829932528825,-62.508593069843656,-106.41072061861983,-53.553227115278446,-33.58427002944453
1.1013879776000977,1.2831616401672359,1.5212980508804326,1.851079071075047,-5.497025966644287,-21.09475898742675,-42.93397903442383,-72.34071350097656,9.832877159118652,25.211986541748047,47.064220428466804,76.94166564941406
106.66100311279297,116.09391021728514,127.10025024414064,139.68148363880982,151.77850341796878,147.6244506835937,147.28811645507815,153.30113220214844,151.39515686035156,146.46701049804688,145.33139038085932,147.58029174804685
-3.5029361248016357,-4.134706974029541,-4.844022274017334,-5.591138951798053,-6.894413948059082,-7.825113773345942,-9.043420791625978,-7.490702152252196,-6.043532848358156,-5.263625144958497,-6.03553867340088,-2.6450755596160813
