hips,spine,spine1,spine2,rshoulder,rarm,rforearm,rhand,lshoulder,larm,lforearm,lhand
1.4658250371056,0.5962163062626757,-0.3855420349605545,-1.4331207444180247,-5.37180585227445,-10.94505614204478,-18.851435957072038,-26.686052854327375,0.20126435228099382,5.881069538962379,11.962297286062167,24.317629656056692
-13.623083363911178,-14.879320831263643,-16.361715312632406,-18.09233221565166,-12.6726466376193,2.2139835685386156,22.56685063757933,50.34377037037844,-26.900788939249978,-40.76740642914924,-61.60300718357467,-89.10859878302102
57.188413774021356,47.85687084171698,36.969348578182775,24.52499578002113,11.989248251152617,14.945375785289201,13.604067289652022,5.214601259801782,13.531198879266583,19.603107391588622,22.4844056393313,22.430358665394323
0.5092667516111666,-3.704786759377095,-3.4329918349239725,-3.432991834923971,-36.14322454107563,-41.5006269327079,28.86203294617526,-5.680411986920651,45.45104338614772,-13.432325560683621,32.61867021531222,5.970134959159112
-1.5175551677033605,-1.5557531313842907,-1.631542394372333,-1.6315423943723328,-84.36852920460905,-85.17523224200436,-83.86590554948272,-82.51647242155067,86.0663923529961,81.43225389819546,78.10459290683853,69.38515761007723
-0.9974719413055007,-1.1337511666267157,-1.397915768342543,-1.3979157683425427,140.93424020587312,132.23232377007298,49.76345120088447,35.685537269009906,-62.375676094046725,-106.18623325104437,-53.678309901982,-33.268931775515426
1.0935754776000977,1.274585366249084,1.5117568969726565,1.840269206685789,-5.508767127990723,-21.105499267578118,-42.9449577331543,-72.3563232421875,9.82076358795166,25.200109481811516,47.05433654785156,76.93780517578125
106.66049194335938,116.09333038330078,127.09948730468749,139.6803037741073,151.77557373046872,147.61891174316403,147.3014221191406,153.29225158691403,151.39472961425787,146.4690551757812,145.36267089843747,147.59164428710935
-3.48477840423584,-4.117897510528565,-4.830458641052246,-5.585116979494034,-6.899387836456303,-7.83516311645508,-9.054344177246092,-7.5041270256042445,-6.040782928466795,-5.250345230102543,-6.008067131042478,-2.657737493515018
