hips,spine,spine1,spine2,rshoulder,rarm,rforearm,rhand,lshoulder,larm,lforearm,lhand
1.380623449711556,0.5420083063428578,-0.4048844325161811,-1.4156386810121502,-5.5578747309487815,-11.626186482536639,-20.205175250085524,-28.979914364252522,0.4960541759695376,6.652553045594168,13.437724316674728,26.678988186237742
-13.588031228664077,-14.861745919565145,-16.364302355765705,-18.11745753194856,-12.822120586809092,1.8646000618630802,21.945019156880566,49.45984893303649,-26.855058342347466,-40.527403487553954,-61.15293758567767,-88.24301578512863
57.19672316579627,47.86471506109541,36.976864699743004,24.53262123700054,12.009353312137932,14.990419508932746,13.67580471715786,5.353408995323377,13.527016858934843,19.574815517494272,22.39541047952369,22.293073251840326
0.5127065757106467,-3.7119633751228363,-3.4613939968277645,-3.461393996827764,-36.074339296639025,-41.61512754884302,28.97246937739877,-0.9117393388525404,45.575942272404895,-13.31033053734725,32.452815503039815,6.212698080091666
-1.5329297292864605,-1.5745293869747052,-1.6571830983052231,-1.6571830983052231,-84.33087690414789,-85.20943162391711,-83.90452432733743,-83.6535917657376,86.02911588058481,81.44520409741081,78.1561307394668,69.58411325882292
-1.0006144528109886,-1.1375697929595072,-1.403082041129732,-1.4030820411297318,140.85972273094924,132.32571223331826,49.69530199929877,31.176145471698362,-62.25705740745012,-105.99629178855193,-53.83806640690238,-33.35587838118182
1.0837024450302124,1.2653851509094234,1.5035598278045657,1.833715302915411,-5.513483047485351,-21.11022186279296,-42.95016098022461,-72.36634826660158,9.81563091278076,25.194116592407227,47.04997634887695,76.93670654296874
106.65948486328125,116.09234619140625,127.09839630126953,139.6787947332499,151.774154663086,147.61865234375,147.30975341796878,153.27819824218753,151.3921508789062,146.46527099609378,145.3854217529297,147.6144866943359
-3.469360113143921,-4.1019091606140154,-4.815842628479003,-5.576727138452907,-6.900319576263428,-7.840779781341547,-9.054094314575192,-7.5082073211669975,-6.034849643707279,-5.235223770141601,-5.985078334808341,-2.6641588211059517
