hips,spine,spine1,spine2,rshoulder,rarm,rforearm,rhand,lshoulder,larm,lforearm,lhand
1.3019946515127367,0.4938423655185469,-0.41918685078300477,-1.3951330412413379,-5.73975798054684,-12.296208202856189,-21.542110852232025,-31.25379109848089,0.789264944036959,7.417741233692968,14.89784863449751,29.045057803391067
-13.55618316045927,-14.846805231695473,-16.36846855828146,-18.14207323622753,-12.97727282942395,1.4923118132658106,21.276675941095892,48.49087686180942,-26.798556323938783,-40.26063172237133,-60.65253210365698,-87.28019061973724
57.205107057540445,47.87274255268346,36.984664547238495,24.540540308774155,12.031340888281306,15.040556114528357,13.75914262429572,5.48909605760781,13.521588389812194,19.54213618446272,22.30334721877776,22.1058704987297
0.5108972531009671,-3.7254308439334554,-3.4981605263100577,-3.4981605263100577,-35.85580209154196,-40.94409510045103,28.68276088451267,2.080793149573607,45.47012908340577,-13.250687579946161,32.338850521548274,6.474455381627176
-1.5378223395779604,-1.5817621779577888,-1.6691985411196955,-1.6691985411196957,-84.29883098255016,-85.17926610870035,-83.85490577464677,-84.89121205631821,85.99116107966788,81.39715152342393,78.110226684249,70.14895361590277
-1.0105723211318014,-1.1450657124755481,-1.4056448750068893,-1.4056448750068897,140.63862370215367,131.63896254890378,49.99112466905037,29.012528907663768,-62.36623573171396,-105.87807347290568,-53.879503471076404,-34.21422523279246
1.0736522674560547,1.2570358514785769,1.496808528900147,1.8279093505675348,-5.5182671546936035,-21.11509895324707,-42.95557403564453,-72.37232971191406,9.810659408569336,25.18867492675781,47.0455551147461,76.92907714843751
106.65921783447266,116.09201812744139,127.09785461425781,139.67773767649564,151.7727050781249,147.61758422851562,147.3143157958984,153.28031921386716,151.39028930664074,146.46296691894534,145.40509033203125,147.6736602783203
-3.4527223110198975,-4.085566520690917,-4.802083492279054,-5.571035356150288,-6.903872013092041,-7.844671726226807,-9.0494441986084,-7.505286216735838,-6.035181045532223,-5.229389190673829,-5.980108737945556,-2.6569440364837615
