hips,spine,spine1,spine2,rshoulder,rarm,rforearm,rhand,lshoulder,larm,lforearm,lhand
1.2153489606181571,0.43788478360872407,-0.44061018876404745,-1.3800522166184397,-5.918251497604656,-12.948888024944612,-22.840652150697053,-33.460064257199036,1.0717384151185998,8.15761538612124,16.312709972915115,31.368376749468784
-13.544268523076592,-14.847810200738616,-16.383577882534826,-18.171118132659696,-13.136616614754676,1.101488225046243,20.572707621725538,47.45167005415534,-26.7340972765115,-39.975694747775364,-60.11601476353063,-86.23917120774325
57.214489248479055,47.88130294169726,36.99235294507487,24.5474133665505,12.053836834436083,15.096468000334426,13.841484000643305,5.590941411677818,13.511663937880996,19.500141629634186,22.196055930328157,21.847385522926515
0.4986418825599721,-3.746300196379678,-3.536273213794891,-3.5362732137948907,-35.59498744182067,-39.47616716152335,28.038069368556414,-0.9421484346477171,45.28854773992168,-13.14845723032723,32.26547725599542,6.596518135574511
-1.5451401244293237,-1.5887827150738698,-1.6756962782339693,-1.675696278233969,-84.2702176405223,-85.08325195089843,-83.7110284090912,-86.50945318302188,85.95467854094534,81.27382217275373,77.94685526415293,71.37936612517204
-1.0135942487241512,-1.1443684370286307,-1.397489649371368,-1.3974896493713684,140.38614716921265,130.1275568567257,50.56976107340329,34.0098338577249,-62.54033285791944,-105.70919514330367,-53.79627530347627,-36.515879208571405
1.0653691291809082,1.2493830919265747,1.4892156124114986,1.8188452035459712,-5.528686523437502,-21.124908447265625,-42.966304779052734,-72.37550354003906,9.800197601318358,25.178747177124027,47.03662109375,76.90896606445312
106.66001892089844,116.09268188476564,127.09826660156249,139.67767421849442,151.77084350585935,147.61317443847656,147.32527160644534,153.3274383544922,151.3908996582031,146.46600341796875,145.432373046875,147.78999328613278
-3.433626890182495,-4.068486213684082,-4.789009094238281,-5.566325582138579,-6.90794658660889,-7.847485542297363,-9.039494514465334,-7.491912364959717,-6.03751373291015,-5.22693920135498,-5.982563495635986,-2.621223211288448
