hips,spine,spine1,spine2,rshoulder,rarm,rforearm,rhand,lshoulder,larm,lforearm,lhand
1.1049343023654652,0.36058056738398925,-0.4796397555206866,-1.3762113239245677,-6.09428141168153,-13.585879411394684,-24.097623548612283,-35.5951925460027,1.3415728791496138,8.867535697142214,17.678796181234397,33.603290360177276
-13.550515508183635,-14.86283494555293,-16.407887679916048,-18.20388315291643,-13.299969360338125,0.6936025872029923,19.83759096657407,46.346642557536384,-26.66239609799849,-39.6737797839428,-59.54681485231844,-85.14633769805138
57.22663761540392,47.89198308312126,37.001327938599474,24.55444349845422,12.07556566085833,15.152315153024745,13.903422087968863,5.633090223101192,13.500454100155991,19.45648503750303,22.07017645478399,21.532142669601683
0.4841312040421205,-3.7647096901183414,-3.562472981285146,-3.5624729812851452,-35.43396498749337,-37.054421078003124,26.875461982153876,-35.509468641929395,45.199124338227364,-12.76826613596337,31.698519935842253,6.454193404274649
-1.5576573226224466,-1.5995118029889068,-1.6828818003020802,-1.6828818003020805,-84.24836237346791,-84.89464911322703,-83.45353651876154,-88.40133343688167,85.92826637544488,80.97493608478132,77.63496285031248,73.17622943929658
-1.0094801634451882,-1.1383887374107606,-1.3877465260134414,-1.3877465260134414,140.23490134000957,127.60644001446565,51.58768413265674,72.04650348366762,-62.62054653141295,-105.2183280509241,-54.141361944797936,-40.44403313793306
1.0579257011413574,1.2414631843566892,1.4803760051727293,1.8081242144615626,-5.541147232055664,-21.13659286499025,-42.97941970825195,-72.37249755859375,9.787695884704588,25.166893005371087,47.026527404785156,76.88494873046874
106.66204833984375,116.09455871582031,127.0999298095703,139.67903003636664,151.7704315185547,147.6098937988282,147.357666015625,153.43795776367188,151.39328002929685,146.47116088867182,145.47750854492185,147.96311950683594
-3.4132566452026367,-4.050502300262452,-4.77455711364746,-5.557622358795229,-6.905645847320556,-7.845052719116211,-9.018119812011719,-7.469144344329837,-6.033287048339842,-5.2186918258667,-5.977807044982912,-2.5850236415863037
