hips,spine,spine1,spine2,rshoulder,rarm,rforearm,rhand,lshoulder,larm,lforearm,lhand
0.9898623050333928,0.278944137301643,-0.5227173318674696,-1.3763110672425967,-6.258844863395923,-14.180529432020286,-25.268508055009455,-37.60034892859363,1.5923077324049721,9.527508293367191,18.959688586147944,35.63366525760877
-13.58870957444552,-14.903625152807445,-16.450179487590894,-18.244435869687614,-13.461371296351494,0.2841862575755838,19.098978081351827,45.22004404797689,-26.58826544569521,-39.37200088221806,-58.97348720962823,-84.08627356054598
57.24250514761154,47.90561699993836,37.01227192868194,24.562115529950603,12.099609051198485,15.216882746656438,13.948144408755752,5.645184933770594,13.485496287663409,19.403258359631366,21.89756967909682,21.159997638792987
0.4714100520626987,-3.7799207099290832,-3.5827249114742328,-3.5827249114742328,-35.2749076963501,-34.17618361134693,25.301412173026666,60.71735120397538,45.060477569989295,-11.971129375221008,30.050693259103777,6.321976011833664
-1.5670831148475532,-1.6057273930078975,-1.6827134290843009,-1.6827134290842996,-84.23589978854297,-84.63309937604737,-83.13484564155607,-92.84173390655155,85.9105981329589,80.40617350502617,77.17725771490791,74.93652315160318
-1.0050431386200955,-1.1290592075351327,-1.3686128601962522,-1.3686128601962517,140.09518989224705,124.54551183440908,52.97409979401278,-19.488300898958748,-62.74031831879907,-104.22577772088657,-55.552832414194505,-45.25674023204384
1.0503979921340942,1.2333648204803473,1.4706423282623293,1.7943114207764093,-5.558887481689451,-21.153005599975597,-42.99777221679689,-72.37061309814452,9.770085334777828,25.150905609130874,47.01369094848633,76.86517333984375
106.66513061523438,116.09750366210939,127.10271453857423,139.68164283875888,151.7701873779297,147.60426330566423,147.41882324218753,153.59962463378906,151.39831542968747,146.4814605712891,145.5586395263672,148.18095397949216
-3.394913911819458,-4.034249305725098,-4.761223316192628,-5.548734408179697,-6.900942802429201,-7.838701248168946,-8.988110542297367,-7.45271635055542,-6.028627395629877,-5.2124695777893075,-5.969370365142818,-2.618248939514151
