hips,spine,spine1,spine2,rshoulder,rarm,rforearm,rhand,lshoulder,larm,lforearm,lhand
0.8755163392723624,0.19717110093386214,-0.5669594155773447,-1.3788031470590392,-6.407194094105084,-14.718568621730501,-26.326548448128303,-39.46024906467193,1.8195791634034046,10.12420919243166,20.127586453484284,37.43142320376395
-13.643161239951825,-14.955968008926991,-16.49886686400567,-18.28624723108138,-13.614961961736213,-0.11079383891079231,18.383048305188492,44.10890777261227,-26.513862461767953,-39.07849027276555,-58.415704502760065,-83.09127681779994
57.25997521660739,47.92036142204107,37.02379784134733,24.56986056184877,12.122959245790497,15.280359003256677,13.945453615596136,5.638372264681465,13.470293001712463,19.350263555933992,21.676212774969713,20.722343525010984
0.4684764661157702,-3.7856428270504177,-3.5940285629724897,-3.5940285629724897,-35.148292471484964,-31.116056025840876,23.101130615714162,45.01576691854236,44.907925258701624,-11.078110942978775,27.987381054468482,4.682529844427825
-1.567926484994419,-1.6041931449584936,-1.676465633200529,-1.6764656332005285,-84.23372919729815,-84.30268050427905,-82.80961166906,-96.33068206074653,85.90365424832872,79.74873392380456,76.70043178233932,76.65809743273412
-1.0011739925686172,-1.1214326541234583,-1.3534502814619216,-1.3534502814619216,139.98405665297156,121.17722061931299,55.03060917756973,1.5972399019008592,-62.87764112298366,-103.01315897532564,-57.33608484600146,-52.055960571133824
1.0449002981185913,1.2272505760192867,1.463073015213013,1.7833963258694685,-5.573086738586422,-21.166229248046875,-43.01307678222656,-72.3727722167969,9.756084442138668,25.138259887695312,47.005985260009766,76.85397338867186
106.66807556152344,116.10043334960936,127.10560607910155,139.68446427319927,151.77084350585943,147.60070800781247,147.5295257568359,153.78662109375,151.40310668945304,146.49040222167966,145.6857452392578,148.46394348144528
-3.3781251907348633,-4.017949104309082,-4.746022701263429,-5.53601769622758,-6.889741420745848,-7.82491683959961,-8.947214126586918,-7.47121286392212,-6.019097328186037,-5.20373296737671,-5.952441692352302,-2.697334766387937
