hips,spine,spine1,spine2,rshoulder,rarm,rforearm,rhand,lshoulder,larm,lforearm,lhand
0.785354147035795,0.13562444909098836,-0.5970376477272463,-1.3773335532632123,-6.535848115921648,-15.181935548186836,-27.23541988485743,-41.13748416095375,2.0153777767550913,10.64104197766703,21.14697103276026,38.93399328222049
-13.70908304782695,-15.014723013159168,-16.54937077473189,-18.327600866335786,-13.755697836572583,-0.4730267585013759,17.724936926123277,43.06637077134044,-26.44592857218108,-38.81062580000658,-57.90612955194097,-82.22470477251281
57.275891832207904,47.933246236319505,37.033356615432794,24.576093327545067,12.145531509606514,15.343551587459615,13.895634826772863,5.657494128044391,13.453760995223263,19.295328497187114,21.39134659288149,20.19003513458594
0.4842846118665392,-3.7818808927224254,-3.6143603790184824,-3.614360379018482,-34.88901589590924,-27.79919405078736,20.05946747841708,39.89260336196758,44.572739637056415,-10.122786900062138,25.43088350190731,1.8897138417526476
-1.5507996936855724,-1.5873196140890227,-1.660182946077903,-1.6601829460779027,-84.23369058675036,-83.87259922136522,-82.4621716280643,-100.19838382425456,85.89348405432209,78.96064599518134,76.16594854900208,78.67389852855072
-0.9959352050256086,-1.1137474292128373,-1.3408485064627853,-1.340848506462785,139.73808782866,117.42334615250073,58.056040159196094,12.341061183244113,-63.19996241175727,-101.58039312171314,-59.54163902024248,-60.72521467198021
1.03898286819458,1.2202134132385258,1.454326272010803,1.7717812485890025,-5.5876336097717285,-21.1801986694336,-43.02864456176758,-72.39262390136719,9.741872787475586,25.125341415405273,46.99930953979492,76.84606170654295
106.6700668334961,116.10261535644531,127.10787200927733,139.68652140762032,151.77090454101557,147.59716796875003,147.68882751464844,153.953857421875,151.4066772460938,146.49746704101562,145.87088012695312,148.83738708496097
-3.362215042114258,-3.9994394779205327,-4.726796627044676,-5.5212613739334415,-6.8770394325256365,-7.806205272674562,-8.895168304443361,-7.542859077453612,-6.0107502937316895,-5.198174476623533,-5.935065269470218,-2.8389980792999316
