hips,spine,spine1,spine2,rshoulder,rarm,rforearm,rhand,lshoulder,larm,lforearm,lhand
0.6948822763138764,0.07464387375762893,-0.6272683550781428,-1.3808227641258703,-6.652253704499133,-15.587335641416875,-28.032406808224074,-42.704460104283676,2.1795253085696604,11.08318110587943,22.024505745539066,40.17718088569092
-13.779212145463676,-15.074840042085553,-16.59926190864774,-18.369168136640983,-13.887633562883165,-0.8064197973202745,17.11301956216401,42.07241957573394,-26.387781591087897,-38.56997690523013,-57.448667767299305,-81.479538284332
57.28632711791174,47.94028222390217,37.036938901818374,24.576844187918596,12.16076743022441,15.39446963349684,13.793500119246659,5.72608810922037,13.434606993897944,19.24235602685181,21.05598764823415,19.568052124630555
0.5211597205934296,-3.7680461182903846,-3.6466008604983497,-3.6466008604983497,-34.46132291536778,-24.543033790647964,15.949434668019967,35.43593113811299,44.01195198834469,-9.292999543479008,22.5997223896125,-2.66221263017113
-1.5131520289867375,-1.55267798909144,-1.6317097245158496,-1.6317097245158494,-84.23543789550874,-83.28967371610156,-82.06096007782293,-103.72318014172181,85.87829822188432,78.06134778695643,75.55826471411514,81.66359720292674
-0.9959937007850861,-1.1113803694600433,-1.3335992865277913,-1.3335992865277913,139.31888564819164,113.63205867406197,62.342640931489846,22.455982843483703,-63.75297353539415,-100.12041020546522,-61.9199691557094,-72.33517976639412
1.0355585813522339,1.2162269353866575,1.449376821517945,1.7650367004999628,-5.596400260925293,-21.188949584960938,-43.03700256347658,-72.43032836914061,9.733579635620117,25.11797904968261,46.99761962890626,76.84062957763669
106.67118835449219,116.10415649414062,127.10960388183595,139.6878487359793,151.77066040039065,147.5946960449219,147.88536071777344,154.05424499511716,151.4085998535155,146.50154113769534,146.11021423339844,149.3133087158203
-3.3471240997314453,-3.9782924652099605,-4.7030043601989755,-5.504557735000556,-6.86323595046997,-7.782148361206056,-8.843893051147464,-7.703192234039302,-6.004564285278315,-5.197131633758546,-5.928571701049807,-3.0387191772460964
