hips,spine,spine1,spine2,rshoulder,rarm,rforearm,rhand,lshoulder,larm,lforearm,lhand
-0.2431550467797704,-0.32316641549397884,-0.42068045375098495,-0.5435509668684457,-8.337121722674627,-23.80594243464009,-45.67884357786357,-75.73134113512913,7.016200788090577,22.5712491754116,44.46535036220627,74.61628081726914
-17.570486434983934,-18.290214418383574,-19.12316227327436,-20.059648123575904,-21.29783060806748,-21.666551351407108,-21.479501909674088,-21.089668394721194,-20.935621236126813,-20.581187512969596,-20.802122802970768,-21.107136247227707
57.65407454246983,48.22605811169542,37.226233600643525,24.65395180011788,12.832019557346484,17.52150702615205,17.821464560306993,17.963106373673924,12.687063456704266,17.083241244316298,17.15970917916414,17.370939854655973
0.2533122709971853,-4.061359013385539,-3.9907698297505285,-3.9907698297505294,-15.098333584239773,8.63831048453251,11.366242830644188,15.156512768445053,14.730072674262464,-9.769459520704935,-9.590378070346166,169.95403768641887
0.38923314874064485,0.3907872416115613,0.3935670218062035,0.39356702180620357,-85.32004146945494,-85.59939452665218,-85.34723372129554,-85.04347150773746,86.00156370376456,85.55751224541744,85.46080875962927,94.08609285563448
-0.08340100044105851,-0.06170058814190794,-0.009616047411516705,-0.009616047411516707,121.35417773317799,81.62049035212253,78.38942846747545,74.78518183577444,-91.64426881046975,-100.49252870767576,-100.51419546436097,78.49066422721896
1.0005848407745361,1.0097249746322632,1.01624596118927,1.0123296579591496,-6.670062065124512,-22.184604644775387,-44.0587272644043,-74.10988616943362,8.684959411621096,24.19769668579101,46.08927154541015,76.2356948852539
106.65216064453125,116.08378601074217,127.08782958984376,139.66497103078632,151.5673980712891,147.02949523925778,146.940185546875,147.0873260498047,151.5621795654297,147.0141754150391,146.7270355224609,146.22569274902344
-3.826247215270996,-4.501719951629639,-5.283021926879883,-6.160444527302424,-7.319759368896484,-7.663370132446291,-7.4112792015075675,-6.930820941925051,-7.003518581390378,-6.716859817504882,-7.004657268524167,-7.402242660522463
