hips,spine,spine1,spine2,rshoulder,rarm,rforearm,rhand,lshoulder,larm,lforearm,lhand
0.5878031256673735,-0.0012406717526625144,-0.6704131459073039,-1.394916354142226,-6.762017887940579,-15.956504998572392,-28.760098636098956,-44.16253791520017,2.3199213871460027,11.46975237235526,22.801455467255224,41.255027781448106
-13.837197649520256,-15.123284633645152,-16.6393946381386,-18.40626940055528,-14.013852140808822,-1.1195246660345133,16.528412427612782,41.10600264116836,-26.335753468873293,-38.344793004531994,-57.01904139417217,-80.79954287974847
57.292964019696385,47.94357352233381,37.03700683955313,24.574758998259398,12.16782386718964,15.424889714891975,13.645489965564906,5.769496876725697,13.41917370395879,19.204845273838828,20.712114124119864,18.932428722327842
0.5698959636672127,-3.7458351024500396,-3.6774178010770724,-3.677417801077075,-34.01069307601351,-22.200012850285468,12.034785803107162,31.858074607850124,43.39914285614384,-8.615410315847123,19.973361743317756,-18.50432657330277
-1.463662216448369,-1.5083879722912528,-1.5979754362736214,-1.5979754362736214,-84.24182179945748,-82.72393424330613,-81.69623204266895,-107.16664033771796,85.86637858152928,77.20050962789315,74.97257811552647,85.48199878622856
-0.9960549628234225,-1.1137555984057208,-1.3405702797110093,-1.3405702797110088,138.86268883229957,110.71499041573979,66.49295237364585,31.61524691305389,-64.37204349733766,-98.72134163293475,-64.04184164085693,-95.95550605747127
1.033850073814392,1.2137882709503178,1.4467273950576784,1.763624348013825,-5.5969767570495605,-21.190650939941406,-43.03550338745117,-72.46421051025392,9.733469009399414,25.117666244506836,47.0006332397461,76.83525085449219
106.6735610961914,116.10708618164062,127.11282348632811,139.69060347069154,151.77371215820304,147.59941101074233,148.1039733886719,154.14189147949222,151.41000366210938,146.5012664794922,146.38035583496094,149.84126281738287
-3.336808204650879,-3.959962844848632,-4.6804237365722665,-5.488755084963138,-6.849337100982661,-7.756689071655273,-8.80349159240723,-7.898458003997806,-5.999691009521488,-5.19893646240234,-5.925602436065679,-3.2551012039184677
