hips,spine,spine1,spine2,rshoulder,rarm,rforearm,rhand,lshoulder,larm,lforearm,lhand
0.49840364734780485,-0.06238483069860834,-0.7030903849987036,-1.4053378909738452,-6.863479931567962,-16.292577565631703,-29.426468515001652,-45.443537713237696,2.4463065525042333,11.822053922289363,23.512068063391183,42.21792682921754
-13.894036823322732,-15.169843844226342,-16.67730947252067,-18.44197287170936,-14.134512414515267,-1.4167933862659805,15.96580115740569,40.18281397590358,-26.287516073886785,-38.13205657199685,-56.6071366829874,-80.17125776943746
57.29672372112036,47.94418760198094,37.034720618154424,24.570885569881597,12.17389381908015,15.454650697008475,13.4809110649054,5.714878291550548,13.40237069414539,19.16550698986447,20.357751773979203,18.349060853632267
0.6271776239449831,-3.7201419305367107,-3.7148801090587105,-3.714880109058708,-33.53583646776098,-21.585480870820476,9.812440229339737,29.026353432616105,42.80173618930395,-8.186726118228504,17.87495898815307,-91.2777977437852
-1.415944688170322,-1.4666805981023592,-1.5684757973313632,-1.568475797331363,-84.24031091158507,-82.57294992111807,-81.69967006002625,-111.57047288102797,85.84615657642688,76.69879782921585,74.72735928725393,86.97793923734872
-1.0006556114636498,-1.119316551976938,-1.3479832449358282,-1.3479832449358282,138.38178753986654,109.49165322111052,68.79686574043215,40.271788533158144,-64.97634331505552,-97.55775908018738,-65.73233437433451,-176.0131669993657
1.0325847864151,1.2125385999679565,1.4459016323089602,1.7642224373794528,-5.595320701599122,-21.190113067626946,-43.02874755859374,-72.47268676757811,9.735520362854004,25.119447708129872,47.002479553222656,76.83375549316406
106.67686462402344,116.11100769042966,127.11705017089844,139.6942622754915,151.77757263183585,147.60498046875,148.34054565429688,154.3262939453125,151.41213989257818,146.50163269042972,146.65917968749997,150.31478881835935
-3.3305749893188477,-3.9443016052246094,-4.659841060638429,-5.476407116616286,-6.840837478637693,-7.7372474670410165,-8.777593612670897,-8.038173675537108,-5.9990839958190945,-5.20333480834961,-5.920662879943843,-3.4827761650085423
