hips,spine,spine1,spine2,rshoulder,rarm,rforearm,rhand,lshoulder,larm,lforearm,lhand
0.433937992556348,-0.10253334987962148,-0.7204054569031602,-1.4092542551682206,-6.956194080161549,-16.59522431204142,-30.022472178952786,-46.52903514977481,2.5599808473686405,12.142920459783433,24.160652997658808,43.07134036675507
-13.96069824193084,-15.225966514844451,-16.72331459859138,-18.48143175920446,-14.249063289241224,-1.697898282463243,15.433734670288464,39.33190897389976,-26.244205902377978,-37.936425507362,-56.21730661875209,-79.60614976141689
57.29977688585146,47.94439172926832,37.032218498082386,24.566710728026464,12.183278098238617,15.495220087539877,13.312761234136389,5.583949732241251,13.381529386950263,19.11480420379229,20.003809785882027,17.867736510833964
0.6830155735749025,-3.696747417506444,-3.7563675402970205,-3.75636754029702,-33.052758989660845,-22.70501214460954,9.370038131544675,27.353045847313517,42.227674718186925,-7.989212419821737,16.17684128369321,51.61467772089851
-1.3787894191971735,-1.4331300614174096,-1.5423330754644726,-1.5423330754644726,-84.2332494295224,-82.99263287408073,-82.23778944958225,-117.19558305608443,85.82039782368614,76.64029440806445,74.92086989042232,96.57736216598094
-1.0200553304245432,-1.1305980306272378,-1.342932879584863,-1.3429328795848634,137.9050752516488,109.96482612129977,69.17738185503302,48.10675219861708,-65.54494854222878,-96.68077437442118,-67.20503475968864,-39.64550519936148
1.026727557182312,1.2092643976211548,1.4442688226699834,1.7613397085902158,-5.599678516387941,-21.194608688354485,-43.023780822753906,-72.46479797363281,9.731586456298832,25.116218566894528,46.99628448486327,76.83644104003906
106.68134307861328,116.11602020263673,127.122314453125,139.69896292734774,151.7807922363281,147.60650634765616,148.59295654296875,154.6024169921875,151.41702270507818,146.50814819335943,146.92649841308597,150.66867065429685
-3.326681613922119,-3.9312348365783696,-4.64229154586792,-5.467974167563861,-6.837535858154297,-7.723592758178706,-8.753699302673343,-8.092807769775387,-6.0027761459350595,-5.210805892944336,-5.914040565490722,-3.728613138198854
