hips,spine,spine1,spine2,rshoulder,rarm,rforearm,rhand,lshoulder,larm,lforearm,lhand
0.3664309057168875,-0.14669353036360988,-0.7424261540840273,-1.4176150759170731,-7.045966034340639,-16.88059374903863,-30.566434955704892,-47.52112890363258,2.6621935403402914,12.4375657920308,24.753590344171364,43.8244270273363
-14.048969159359714,-15.300603298580604,-16.783521795813414,-18.528540501295822,-14.361706717326612,-1.9726809774630936,14.921917228089782,38.534878899976235,-26.205390387420962,-37.753823389791044,-55.84623773965309,-79.10213542660722
57.30382491173262,47.94528982019558,37.02991087425066,24.56181550166113,12.192904359617074,15.540075117034064,13.128018271802574,5.493231451534427,13.35713351020496,19.056899712429896,19.678978748145653,17.51528901943459
0.7349219321261753,-3.6727598261135426,-3.788164983685626,-3.788164983685625,-32.73258236329015,-25.647623793825993,9.745852502238494,27.72414687737269,41.885335308319206,-7.961549826876197,14.424922699921629,46.88425041683891
-1.3590503341014721,-1.415761656275245,-1.52983793873949,-1.52983793873949,-84.2218695357662,-83.87474168825727,-83.2765510374878,-122.58999979305796,85.79715166930569,76.79058364962187,75.33349460803649,100.66707160755122
-1.0442068467890644,-1.144209310375898,-1.335363636478468,-1.335363636478468,137.59324178270742,112.20867328688237,68.83895297795843,53.801579008345286,-65.87966815568788,-96.08330551203663,-68.91635913914456,-50.85157930141537
1.0207289457321167,1.2068445682525635,1.444140195846558,1.7595451998409313,-5.603202819824219,-21.197839736938473,-43.013751983642564,-72.46195983886717,9.728290557861328,25.113689422607415,46.9887809753418,76.85049438476565
106.685791015625,116.12094879150392,127.12749481201173,139.70372470911963,151.78393554687491,147.60733032226565,148.8694305419922,154.8503875732422,151.42242431640636,146.51577758789065,147.15374755859375,150.8788452148438
-3.32419490814209,-3.9202003479003897,-4.626654624938964,-5.459321329679061,-6.833820819854738,-7.713980674743655,-8.724323272705078,-8.128686904907228,-6.002403259277343,-5.211288928985596,-5.904299736022945,-4.002494812011719
