hips,spine,spine1,spine2,rshoulder,rarm,rforearm,rhand,lshoulder,larm,lforearm,lhand
0.25133735791995715,-0.23213592888991563,-0.7967490499101393,-1.4443476931786936,-7.138450393285676,-17.168704007095634,-31.11319871398163,-48.55750201341186,2.7567604169891706,12.714562803183131,25.314191214245486,44.52172550581365
-14.158139574073415,-15.393956332187509,-16.858763508684834,-18.583901686567252,-14.476922454066298,-2.2539684704912237,14.392593431970582,37.70304126515412,-26.167603305077325,-37.57305346917392,-55.47505727985936,-78.62585886112664
57.3113414448362,47.94912756527731,37.029647334612505,24.55732249731426,12.198491881568458,15.575643628215687,12.931370159335415,5.471941905442293,13.334055244924457,19.00584775213082,19.420894175596857,17.34062227302755
0.7802296444891282,-3.6446758858803685,-3.7946010764152627,-3.7946010764152627,-32.67475432611348,-31.121933580002494,9.43513106982538,29.883660245340906,41.82958277930649,-8.06273899406844,12.397385631693773,49.12032194197691
-1.359023694599522,-1.4152361105318523,-1.5283602249764632,-1.5283602249764632,-84.21875999777477,-84.88456834672584,-84.56025920816668,-125.9352452220211,85.79196139186323,77.0163554597819,75.82884360564512,104.06074708279115
-1.0711986170345889,-1.160516096768296,-1.3302662014433777,-1.330266201443378,137.5406281044132,116.99274364834407,69.34994662075317,57.69116408430457,-65.9303218440412,-95.75679050689446,-71.08805787661224,-55.480288218095495
1.0168298482894897,1.207220673561097,1.4475162029266355,1.7618163730533107,-5.602010726928712,-21.196325302124023,-42.994876861572266,-72.46850585937501,9.72953987121582,25.115379333496108,46.98508071899413,76.87971496582031
106.69097137451172,116.12651062011722,127.13333892822267,139.70950283797953,151.78892517089838,147.6108856201171,149.14581298828125,155.0118865966797,151.42881774902347,146.52359008789065,147.3265533447266,150.93428039550784
-3.3235535621643066,-3.91210150718689,-4.613161563873292,-5.447241476486587,-6.822881221771239,-7.702133178710941,-8.710243225097656,-8.243188858032227,-5.991858482360838,-5.200633049011232,-5.890597820281982,-4.30577373504639
