hips,spine,spine1,spine2,rshoulder,rarm,rforearm,rhand,lshoulder,larm,lforearm,lhand
0.10288467280722946,-0.34606917708897367,-0.8725895528652416,-1.4816961566996052,-7.232597765177287,-17.465161804830018,-31.705841463407634,-49.70335591641767,2.852559508054865,12.991964611915677,25.86417343586817,45.22297861558154
-14.27765476794183,-15.498134986697835,-16.943681934482562,-18.643735870451593,-14.595762883620024,-2.549002026616639,13.81335660707663,36.75921176771483,-26.12538639127596,-37.38170637062748,-55.0914129576642,-78.12903987208895
57.32273420689587,47.95680064345744,37.032854886799015,24.555147631754124,12.203149318009963,15.60636834825766,12.77336841535788,5.500128741143783,13.31403838802234,18.96199033467468,19.24114330748293,17.312766829740127
0.8182672552439463,-3.612772740320163,-3.7750225986905273,-3.775022598690529,-32.87142302022913,-38.97841559697794,6.552362157412898,31.994803531715416,42.03904334640699,-8.462221638748732,10.303457293527249,52.647072579863114
-1.3817364755604893,-1.4329431195033988,-1.5360265538710691,-1.536026553871069,-84.22582764615026,-85.5984789152018,-85.68466203895967,-126.59886125034356,85.8063326177031,77.33043492973734,76.38644021913937,105.41330147257113
-1.1034912490472948,-1.1791637585211607,-1.3216097309556207,-1.3216097309556205,137.74548096122206,124.27541175536187,72.46336922518914,62.36046965608966,-65.71226242103215,-95.892439246963,-73.44300023036871,-58.905139859025574
1.0135310888290405,1.2093336582183836,1.4532828330993646,1.765685874801291,-5.599881649017336,-21.19339752197265,-42.97267532348633,-72.47447204589844,9.731607437133789,25.11812973022461,46.98337936401367,76.91392517089842
106.69635009765625,116.13215637207031,127.13928985595702,139.71578549542278,151.79449462890636,147.6142425537109,149.37420654296878,155.11007690429688,151.43655395507804,146.53352355957028,147.43731689453125,150.86738586425778
-3.324056386947632,-3.9063487052917476,-4.6012744903564435,-5.431054191645951,-6.803649425506595,-7.686524868011476,-8.742560386657717,-8.484505653381348,-5.970576286315918,-5.178830623626708,-5.885519981384282,-4.616157054901122
