hips,spine,spine1,spine2,rshoulder,rarm,rforearm,rhand,lshoulder,larm,lforearm,lhand
-0.05265754534809197,-0.4674681561452685,-0.9546528550437956,-1.5199545458625856,-7.325837729175675,-17.769101773716766,-32.33153649117584,-50.92155002405855,2.9559404343790927,13.282010292248778,26.391620206259425,45.88662879309612
-14.410544198180444,-15.613914924840993,-17.037454565697765,-18.707672733176807,-14.720066618662512,-2.863064655203691,13.195890141261293,35.730542874448616,-26.077092245772974,-37.174480188931454,-54.71040089542669,-77.64625571838718
57.33782920309879,47.968093732089685,37.039431356747045,24.55563474457739,12.209716515383917,15.639083059267136,12.707622026952322,5.641842177669105,13.295889536087486,18.920047405739638,19.108280145521178,17.345274247340285
0.8457491303431247,-3.5817714639305795,-3.7370620570553865,-3.737062057055388,-33.315393186926364,-43.72424370156212,0.13385241824987798,33.1877292965037,42.56656330735793,-9.528445556324984,7.727165426889698,52.892251084029354
-1.4174087413269794,-1.464855669811909,-1.5603761876439413,-1.560376187643941,-84.23212001871102,-85.70787055427535,-86.13816688878138,-125.20391212514811,85.82985211924853,77.61495779270523,76.9141475180037,103.71560326897247
-1.1230862411206657,-1.187670637684516,-1.3079792270915018,-1.307979227091502,138.2018510521269,128.67160592054864,79.15988103567997,68.32232560788921,-65.17148644953592,-96.78625225900025,-76.29664496284485,-65.18629720633317
1.0099290609359741,1.2092090845108032,1.4550349712371824,1.764584219800503,-5.603470802307131,-21.19549942016602,-42.959747314453125,-72.49191284179689,9.727744102478027,25.11514663696289,46.9754409790039,76.93981933593751
106.70124053955078,116.13726806640624,127.14473724365234,139.72185103159177,151.79957580566406,147.61592102050787,149.50932312011722,155.09283447265622,151.4450225830078,146.54541015624997,147.50927734374997,150.75126647949216
-3.324720859527588,-3.902461051940918,-4.591422080993652,-5.412860216568032,-6.780817985534671,-7.673281192779543,-8.804890632629398,-8.800191879272461,-5.941230773925778,-5.145912647247314,-5.923286437988287,-5.005396366119383
