hips,spine,spine1,spine2,rshoulder,rarm,rforearm,rhand,lshoulder,larm,lforearm,lhand
-0.20653595971482153,-0.5878777750797513,-1.0357660291887298,-1.5556340529213322,-7.41682227748651,-18.07517590244413,-32.95509136675511,-52.13603315589916,3.0655267302802165,13.581903249036875,26.91816409509052,46.49088135035791
-14.534914965190316,-15.723243075016711,-17.126985196920756,-18.76947814762442,-14.849413037943194,-3.191832979357331,12.572754159023122,34.68739130104931,-26.023572179847456,-36.9509997411958,-54.315663763427125,-77.20221237652639
57.351153091124885,47.978079432640186,37.04517287164866,24.555724255819882,12.21430796543575,15.665636287861417,12.73082585707192,5.922215215204631,13.279788116703315,18.884066089182966,19.023095628730573,17.496888723742813
0.8692768694629714,-3.55087875158818,-3.6914806395093986,-3.6914806395093978,-33.88223383724442,-41.64330577858494,-6.206418044814816,33.85342757330609,43.27044694886606,-10.28384938307507,3.896226790052692,55.188487088554965
-1.4543569313811475,-1.5009453748839845,-1.5946831896729237,-1.5946831896729228,-84.23532818664832,-85.28640114328076,-85.77698727470309,-122.17898037847168,85.85533024863729,77.13924362261037,76.68267765434084,99.8179450008346
-1.1379686967967264,-1.1932059709883656,-1.2948324867440362,-1.2948324867440353,138.78024124032376,126.49232510372255,85.89338683587782,73.450625384471,-64.45505994111068,-97.44085266875932,-80.51037170904453,-68.30790490797496
1.0063555240631104,1.2083677053451538,1.4555431604385376,1.7624344720247214,-5.607813358306885,-21.19825172424316,-42.95640182495118,-72.52682495117188,9.722968101501465,25.111103057861328,46.96680450439452,76.96730804443361
106.70549011230469,116.14169311523439,127.14950561523439,139.72733486606637,151.80427551269528,147.6174011230468,149.5417938232422,154.91354370117185,151.4529113769532,146.55653381347653,147.5454559326172,150.53907775878906
-3.32939076423645,-3.9032540321350107,-4.586269378662109,-5.397688901736311,-6.760753631591793,-7.666102409362791,-8.86059856414795,-9.09989356994629,-5.911987304687505,-5.111007213592528,-5.981114387512206,-5.509212493896479
