hips,spine,spine1,spine2,rshoulder,rarm,rforearm,rhand,lshoulder,larm,lforearm,lhand
-0.35954516853282703,-0.7077594417504183,-1.116216079999806,-1.5892530832367546,-7.5035950838825425,-18.375859516870687,-33.56274277703914,-53.26706926146257,3.1777888814021646,13.882557398107865,27.428271139183725,47.04683878654594
-14.630032518928072,-15.808823505740673,-17.19937440982594,-18.82208977912478,-14.980157707079524,-3.5253555794056233,11.956201573573292,33.674888583059605,-25.9652606808414,-36.7135789899055,-53.91535254102908,-76.78034879408312
57.36122052443936,47.98565220484093,37.04952078498637,24.555626139742714,12.21500870997761,15.678036128809737,12.809342790927417,6.224360575318258,13.269629521226307,18.863634003228015,19.001857505141828,17.76914615150892
0.8903937147040311,-3.520580946458654,-3.6428170202864907,-3.6428170202864902,-34.53354818582649,-38.287265853327355,-9.329307081569626,34.21564898918971,44.12061037276025,-10.688066671335712,-0.1320838088349048,75.17408249573332
-1.493800105842121,-1.541875319942101,-1.6385465561480568,-1.6385465561480566,-84.23253913152256,-84.7276094280388,-85.17029807353056,-118.20963896340275,85.87847922517574,75.98564839809126,75.71142902333183,94.33027110224563
-1.1509963736776694,-1.1996046449152764,-1.2879892072370205,-1.2879892072370207,139.4364618868923,123.24948898882792,89.3842569366765,76.3675600187847,-63.598892245714765,-97.81268925796184,-84.98106602787958,-52.547339169376215
1.006467580795288,1.2109338045120237,1.4596772193908694,1.7653971942756332,-5.605514049530032,-21.194633483886715,-42.95447158813475,-72.55841064453124,9.724645614624025,25.112869262695305,46.96421813964844,76.99581146240236
106.7091293334961,116.14549255371095,127.15362548828124,139.73216893664963,151.80917358398438,147.62083435058594,149.49371337890625,154.6669464111328,151.45928955078122,146.56445312499997,147.54319763183597,150.24855041503906
-3.33778715133667,-3.9081602096557613,-4.585341930389404,-5.386061979534675,-6.744865894317631,-7.6659274101257315,-8.911401748657227,-9.321634292602539,-5.884365081787105,-5.0753836631774885,-6.058791637420652,-6.0760045051574725
