hips,spine,spine1,spine2,rshoulder,rarm,rforearm,rhand,lshoulder,larm,lforearm,lhand
-0.4796605984454325,-0.7997449749266134,-1.1747235312233466,-1.6080171565913537,-7.581636579905387,-18.664062871633732,-34.14791694397579,-54.26569797088605,3.2977484581003154,14.192537744176846,27.926234388903065,47.64806171192157
-14.683470059985208,-15.857607317990478,-17.242203315466657,-18.856932259392604,-15.107504822936423,-3.857724571827661,11.346598405886496,32.70960668168388,-25.89707524719211,-36.45540548107482,-53.50692372683665,-76.29538959048601
57.36788399978283,47.990742701826676,37.05265643155549,24.556285772259997,12.21575711081914,15.684630328915262,12.92263843866732,6.424980111115417,13.264973333350781,18.853909959570302,19.04931243323989,18.07351726327741
0.9139268455279228,-3.4935609359922393,-3.6087972668496535,-3.6087972668496535,-35.148979600699455,-36.5875073806979,-9.634410880016969,34.140682099526416,45.03710642918907,-11.20996695981741,-3.0091181821491535,6.771478250268244
-1.535033784309765,-1.5881939774688216,-1.6950300567331875,-1.6950300567331873,-84.21001094540895,-84.34071765685727,-84.75410762783477,-114.21403715181427,85.88182058317174,74.70321400705139,74.52928521507768,85.44163871200475
-1.1531869699021768,-1.2007212756903527,-1.2869522173501258,-1.2869522173501262,140.05079769124822,121.79390444602903,89.82907737516184,78.2743875886829,-62.6827298033647,-98.41326711071079,-88.22550384405426,-124.26875553376648
1.0074868202209473,1.2126247882843022,1.4619928598403928,1.7680640366712177,-5.6019177436828596,-21.189945220947266,-42.955730438232436,-72.5720977783203,9.727388381958006,25.114959716796875,46.962173461914055,77.01211547851562
106.71214294433594,116.14871215820315,127.15715026855469,139.7361597726678,151.81369018554693,147.6253204345703,149.39930725097656,154.4965667724609,151.4638671874999,146.56910705566406,147.48837280273438,149.94590759277344
-3.345491647720337,-3.9119818210601807,-4.583958148956299,-5.377187568975142,-6.736455917358398,-7.6754808425903285,-8.961302757263184,-9.421227455139158,-5.860841274261474,-5.039284706115722,-6.162263870239264,-6.584558963775635
