hips,spine,spine1,spine2,rshoulder,rarm,rforearm,rhand,lshoulder,larm,lforearm,lhand
-0.26793488390442927,-0.34220770847759796,-0.4343359273418032,-0.5540425899325144,-8.345818947563439,-23.818185953132637,-45.69031084893028,-75.74125465328125,7.008728584454716,22.562675670011572,44.45534630118314,74.6040838030279
-17.602636982038483,-18.317855086611537,-19.144780248408384,-20.072629709065414,-21.276315917121664,-21.594962592790402,-21.336947475492003,-20.84254926427951,-20.96675115900035,-20.668619795871315,-20.998424922514907,-21.453843786776957
57.65467065654752,48.226257020302256,37.22592958549508,24.652976938008976,12.826304247961502,17.50773232396932,17.813658177317734,17.950985591047896,12.689341554172955,17.09361049441415,17.183350531655122,17.430833977782697
0.2718581466876038,-4.03889856741742,-3.96054143402244,-3.9605414340224394,-15.584467755497421,8.414688382839909,11.404342180470918,15.416953294723903,15.12098218329986,-10.915081788931552,-10.734515536912044,168.89439172715217
0.3581320099524614,0.36075596693917095,0.3656479065747601,0.36564790657476004,-85.3311502319114,-85.74746509680583,-85.49009500102403,-85.07851941402124,86.03249331860289,85.69989926181057,85.6094875508132,93.93920725270681
-0.10328943700092491,-0.07470251013195885,-0.008842851107249743,-0.008842851107249762,121.83926562393867,81.88705003351295,78.37053048799076,74.5054288503339,-91.25373592766245,-101.64179055568817,-101.6960462180249,77.34390613404163
0.9898841977119446,1.0026845932006834,1.0121397972106934,1.0085237372134426,-6.673421382904053,-22.187742233276367,-44.061981201171875,-74.11336517333984,8.68144416809082,24.194091796875004,46.0853157043457,76.23092651367186
106.65135955810547,116.0832061767578,127.08755493164064,139.6651574215933,151.56811523437514,147.03024291992188,146.9237060546875,147.05967712402347,151.56288146972642,147.01487731933602,146.7259063720703,146.20407104492185
-3.828958749771118,-4.501374244689941,-5.27836561203003,-6.149155547367131,-7.305935859680179,-7.659501552581789,-7.422163486480712,-6.954889297485354,-6.982214450836181,-6.690394401550296,-7.001302242279053,-7.431260585784911
