hips,spine,spine1,spine2,rshoulder,rarm,rforearm,rhand,lshoulder,larm,lforearm,lhand
-0.5469683520102311,-0.8468935668096471,-1.1981666122370662,-1.6039731441583698,-7.648234838126039,-18.935954524578474,-34.71443735933958,-55.199981329954554,3.428838448027306,14.517928014396068,28.434494877109444,48.3904508559291
-14.701267362292556,-15.877174761008762,-17.262833052035205,-18.876509157517262,-15.229414273249118,-4.188733340224778,10.727201588633905,31.734042870039662,-25.816878349550283,-36.17605671412387,-53.076898267181534,-75.66610204656156
57.37355027677745,47.99596466802639,37.05722910612985,24.55979964772183,12.223001059804545,15.701817381785332,13.036848027216223,6.526925617312429,13.262634127699044,18.842136128742055,19.156712403097885,18.31823993349667
0.936922532454631,-3.467192876025019,-3.575709480159652,-3.575709480159652,-35.67853484953215,-35.80866507139532,-8.981883598316742,32.329250505019886,45.8016671573299,-11.897142178046765,-4.36075179181198,29.033537353912493
-1.5782854202459782,-1.6318294263149016,-1.7394153462307356,-1.7394153462307353,-84.19576765927835,-84.08602647405327,-84.48650887582912,-110.17005542311723,85.88923326453117,73.54355169800662,73.41797791149857,78.41247090490157
-1.1485243482437317,-1.191886126450785,-1.2697813240918279,-1.269781324091828,140.5958128484784,121.23861395681597,89.13521151334362,82.08893884162218,-61.90195821098375,-99.32301810638153,-89.76154267350358,-104.72266095072452
1.0104697942733765,1.2151670455932615,1.463211297988892,1.7659166036322973,-5.60682487487793,-21.192798614501946,-42.963661193847656,-72.57661437988278,9.721899986267092,25.110385894775387,46.953723907470696,77.01020050048828
106.71154022216797,116.14834594726561,127.15711975097656,139.73666776010577,151.8126220703125,147.61984252929676,149.30451965332028,154.42250061035156,151.4671630859375,146.57682800292963,147.37785339355466,149.70063781738278
-3.3503928184509277,-3.913084506988525,-4.579980850219727,-5.365928664382148,-6.72424030303955,-7.677884101867669,-8.9966344833374,-9.447474479675295,-5.836750984191894,-5.0058174133300755,-6.2845587730407635,-6.9389514923095765
