hips,spine,spine1,spine2,rshoulder,rarm,rforearm,rhand,lshoulder,larm,lforearm,lhand
-0.5644762775414269,-0.8510326077000052,-1.1874891637305158,-1.5781779289133613,-7.7074606126363365,-19.2014115922581,-35.27997936988089,-56.19094704716597,3.572946769255367,14.866813153520384,28.989026646768146,49.308049262431936
-14.674640782611679,-15.859109589515755,-17.254094353420026,-18.8769612667391,-15.348687554853074,-4.52714209426592,10.075679396372653,30.669786275641947,-25.720549973762708,-35.863341039242904,-52.58845214552535,-74.85321070234802
57.37708875569888,48.00016104892897,37.0621456749234,24.5654245908529,12.23602108386018,15.728163166431017,13.12312800823156,6.647155071018261,13.262543332610448,18.828902529190543,19.31858093217187,18.52196427064638
0.9547398820282206,-3.4508210806673962,-3.562249530531786,-3.562249530531785,-36.04649233262198,-34.475255926563904,-9.214830449374652,26.492091746161744,46.41980533543543,-12.400293303720506,-4.545804007481503,35.833642656042535
-1.6279540001482016,-1.6794072630691605,-1.7828068991972872,-1.7828068991972876,-84.16982969354956,-83.7419830869494,-84.11626948321226,-105.18126539072856,85.87944270609079,72.38953824149995,72.28380055912356,71.72192241042198
-1.1398927632968665,-1.1770148836906147,-1.242435673490971,-1.2424356734909703,140.98962317002733,120.02435316306742,89.40585471391184,90.54042714670774,-61.2576694017795,-100.18904969926125,-89.99927613589902,-100.0606064441474
1.0160233974456787,1.2197108268737793,1.4653631448745732,1.762571679968205,-5.614984035491943,-21.198205947875984,-42.971076965332045,-72.58734130859375,9.713228225708008,25.1034622192383,46.94351577758788,77.00183105468751
106.70829010009766,116.14529418945311,127.15431213378906,139.7341766007648,151.80685424804693,147.60673522949216,149.24044799804688,154.3352966308594,151.46862792968744,146.58555603027347,147.21362304687503,149.49078369140625
-3.3509905338287354,-3.910739898681641,-4.574475288391114,-5.357450167826201,-6.718750476837155,-7.685190677642826,-9.035011291503903,-9.528404235839846,-5.8196506500244185,-4.978051185607912,-6.400595664978033,-7.1279015541076625
