hips,spine,spine1,spine2,rshoulder,rarm,rforearm,rhand,lshoulder,larm,lforearm,lhand
-0.5505656367125349,-0.8278677255613045,-1.1551146314100953,-1.538930042660162,-7.764116228340457,-19.467537046759286,-35.85538211517383,-57.28069501582751,3.72613474805006,15.234664427928381,29.61787762902144,50.382726229512805
-14.604378076440941,-15.803313348196298,-17.215643597131404,-18.859417733250552,-15.469133996778968,-4.878840883371338,9.385106326042433,29.50041609075354,-25.60934651418602,-35.51541137714973,-52.0094319895076,-73.86035064446907
57.37687232838128,48.00150251592612,37.065435057293016,24.57123380622656,12.251163726248706,15.756440881985185,13.201791109330316,6.90440688509662,13.26454724134274,18.817466574200694,19.50825589024899,18.750091442210987
0.9680659297311365,-3.445861899020265,-3.574053382822694,-3.574053382822694,-36.229809013273226,-32.67870510606261,-10.690446659310133,7.5122108916595245,46.88669225304633,-12.380028762003583,-4.1530184194831845,40.522952240902484
-1.6784111213032193,-1.7283312823316497,-1.828662915790099,-1.828662915790099,-84.12632354311017,-83.27837545872626,-83.6195478213212,-98.86924030673269,85.8461680117888,71.21831069276179,71.10389619192148,65.79472564249639
-1.1254583686160446,-1.157186227505971,-1.2117892238847714,-1.2117892238847714,141.20226500357597,118.31994613735468,91.18787109425818,112.31780330271799,-60.761729241202495,-100.61092170502602,-89.67925033842894,-97.0092566924931
1.0230942964553833,1.2248324155807488,1.467213869094849,1.7583994097246465,-5.624445915222166,-21.204656600952134,-42.978607177734375,-72.6208953857422,9.70321750640869,25.095335006713874,46.93422317504882,76.99620056152342
106.70445251464844,116.14163208007812,127.15077972412111,139.73062474679696,151.79910278320315,147.59053039550776,149.181625366211,154.10885620117185,151.46916198730466,146.5944213867188,147.02484130859375,149.25949096679685
-3.35018253326416,-3.9077172279357915,-4.570482730865479,-5.356028890568034,-6.725892543792726,-7.703792572021478,-9.086320877075199,-9.70592880249024,-5.814521789550782,-4.959587574005128,-6.471020698547367,-7.178306579589851
