hips,spine,spine1,spine2,rshoulder,rarm,rforearm,rhand,lshoulder,larm,lforearm,lhand
-0.519897668324196,-0.7900424408412123,-1.1107982647461052,-1.4914737624246974,-7.817789326180128,-19.732761405153,-36.43811240705069,-58.4269211509208,3.886001293305026,15.614598310427857,30.324448859747765,51.57244482765747
-14.501446159272614,-15.719366044542213,-17.155117824651843,-18.82859429315799,-15.591828960560727,-5.244171245504626,8.661281528282608,28.254533367899352,-25.486049455593246,-35.1377938698106,-51.33267604747578,-72.71705318069553
57.37387187173407,48.00073897635032,37.0675221260137,24.577168437768478,12.267342045805776,15.784530471213543,13.311027341081115,7.317628605789878,13.268558205760456,18.80885665993509,19.676433511168398,19.008080496921707
0.9797116117967518,-3.446491519487693,-3.599256367686257,-3.5992563676862583,-36.22154716612612,-30.678690409132283,-12.373710136137973,113.70280778168333,47.08164710408113,-11.951246441722562,-3.6880822374494873,44.70703687375463
-1.7194769420204468,-1.766155735818424,-1.8599978735420333,-1.8599978735420342,-84.0861218713785,-82.72992401794185,-83.02555726025713,-83.74037789338733,85.8085492932636,70.28604278926791,70.14347238466961,60.28693093233116
-1.1017333857327145,-1.1295667047750142,-1.1763578106327164,-1.1763578106327164,141.22866753848308,116.49777916137778,93.41844133651311,8.87104850111363,-60.53267261379595,-100.59118458057301,-89.38953329471488,-94.48917304909494
1.0287891626358032,1.2269622087478638,1.4644775390625,1.7484857227315742,-5.6409120559692365,-21.218044281005852,-42.99555587768555,-72.68171691894531,9.686456680297853,25.081047058105476,46.92138671874999,76.99097442626952
106.70073699951172,116.13810729980467,127.1473617553711,139.72702506982145,151.79040527343741,147.57197570800787,149.08644104003903,153.7172393798828,151.47015380859384,146.60510253906253,146.8636932373047,149.00877380371094
-3.3474233150482178,-3.903028011322021,-4.565901279449463,-5.356965644288765,-6.7362418174743635,-7.7206187248229945,-9.133052825927727,-9.915104866027832,-5.816483974456792,-4.951077461242677,-6.480553150177007,-7.13944482803344
