hips,spine,spine1,spine2,rshoulder,rarm,rforearm,rhand,lshoulder,larm,lforearm,lhand
-0.4605627241318928,-0.7290985539733346,-1.049434531216802,-1.4329784337292495,-7.864148190983192,-19.98453254338016,-37.000059036468606,-59.50849410215471,4.0494028635147945,15.996555137481703,31.06957405682896,52.81212361504132
-14.365565977488682,-15.607179037622835,-17.072475548003922,-18.784096576806487,-15.711914360576241,-5.610066199040571,7.940794634324904,27.028481236830103,-25.353883719960958,-34.7418256622075,-50.59125839490145,-71.47600944275489
57.36780097863797,47.99772340576186,37.06842377381362,24.583327854628862,12.285655132639732,15.815448121512901,13.492661321989402,7.804658242085196,13.273821085883412,18.800362481177075,19.80354799589577,19.25264945572934
0.9825751747947508,-3.456787541134995,-3.635914596032516,-3.6359145960325168,-36.03334911166572,-28.321797605785587,-12.741866684766293,71.98007823934815,47.01056654472137,-11.389470065964867,-3.226205685886896,48.16692322314584
-1.743660362156063,-1.787474452109483,-1.8756099074160206,-1.8756099074160208,-84.05136652895975,-82.08570103220943,-82.31311379371955,-76.18391421609618,85.7690614891574,69.74492106589521,69.5672412721256,54.74761947456966
-1.0639067599590912,-1.0910643433993759,-1.1364930971111589,-1.1364930971111589,141.08014990253255,114.50241986953702,94.34430791147747,53.24181806131255,-60.5648750517836,-100.36796373636331,-89.16583953337923,-92.85162365991302
1.0355215072631836,1.2276853322982784,1.4581085443496706,1.7338329495403602,-5.663344860076904,-21.237350463867195,-43.02354431152344,-72.75214385986328,9.66399669647217,25.061626434326175,46.90538406372071,76.98442077636719
106.69831085205078,116.1358413696289,127.1451187133789,139.72445821568894,151.78196716308588,147.55239868164057,148.9195251464844,153.2492980957031,151.472640991211,146.61854553222656,146.74598693847653,148.77459716796878
-3.3403260707855225,-3.89544677734375,-4.560290336608888,-5.35939378463216,-6.74836492538452,-7.734058380126952,-9.163055419921877,-10.04975891113281,-5.824426651000975,-4.951891899108886,-6.4488253593444895,-7.041335105895998
