hips,spine,spine1,spine2,rshoulder,rarm,rforearm,rhand,lshoulder,larm,lforearm,lhand
-0.34028337400821806,-0.6186540874474382,-0.9520100880795661,-1.353995737126293,-7.896918233262409,-20.20127147390922,-37.48927503899769,-60.401040021874614,4.210522133626028,16.365642197945117,31.79555003210365,54.0236176256519
-14.20434287049667,-15.472706408444033,-16.971433270009356,-18.72638447493678,-15.818436185456665,-5.949893917060438,7.291401356527142,25.956425446665694,-25.218268631368414,-34.35036858376053,-49.845385654626405,-70.21462270648342
57.359545469056556,47.993355183741244,37.06898019860613,24.59048163552083,12.311845191181988,15.865077457014308,13.781440535139097,8.304906356362011,13.276109639580284,18.777845243908274,19.88680377718873,19.415452240393222
0.9686377783420419,-3.485530884459652,-3.6942554519380044,-3.6942554519380044,-35.64735744397095,-24.879259905896134,-11.043302346519306,62.74485664009661,46.72265009549737,-10.762503679460771,-2.604022019564669,50.35798372889458
-1.749824356305616,-1.7947350287762298,-1.885066660310594,-1.8850666603105934,-84.00804516444005,-81.15903019780419,-81.27071760140578,-67.18849104347983,85.71400141692959,69.38941741111171,69.16687905824429,49.10674514692331
-1.028594871245158,-1.055121221969419,-1.099258336445167,-1.0992583364451667,140.73155934424034,111.61092684515224,92.99970981715069,64.6637715187445,-60.81669134658825,-100.06226000858298,-88.7711104220193,-92.33597788818044
1.0448558330535889,1.2313323020935063,1.4551001787185671,1.7231870764166,-5.681219100952148,-21.252477645874023,-43.05237960815429,-72.80857849121094,9.6461763381958,25.046688079833988,46.89469909667969,76.9823455810547
106.69719696044922,116.1346893310547,127.14376831054688,139.7224532392666,151.7739715576171,147.53379821777355,148.6792449951172,152.81805419921875,151.47503662109386,146.6313171386719,146.64137268066406,148.56777954101562
-3.3303933143615723,-3.887816905975343,-4.558178901672364,-5.370082505506989,-6.772432804107667,-7.756064891815184,-9.170538902282715,-10.044273376464844,-5.845958232879636,-4.966238021850587,-6.405582427978519,-6.892886161804205
