hips,spine,spine1,spine2,rshoulder,rarm,rforearm,rhand,lshoulder,larm,lforearm,lhand
-0.14769339586418306,-0.4498479885344633,-0.812788231937497,-1.2527924224258329,-7.911161888095993,-20.36245067139909,-37.85611756425925,-61.05220964377049,4.359858680720563,16.698720347223198,32.445205879090004,55.12097049782274
-14.028354268535661,-15.3249957181701,-16.858596745236408,-18.657733760629384,-15.898667689117893,-6.230469556079973,6.781490008641797,25.129999405688803,-25.087957733961343,-33.99507249637988,-49.16062746998792,-69.03046227169038
57.350369644595474,47.98877963735194,37.07018888508293,24.599267712417543,12.348366064336773,15.940391240992483,14.148592967218548,8.801039641562141,13.27345363868153,18.734890380504396,19.943519121741417,19.481230690531447
0.9310706212122895,-3.537472589663956,-3.774915182184362,-3.774915182184362,-35.043914912467855,-20.485497705077044,-8.294642609977103,59.71130614011664,46.18488874373599,-9.979260556258016,-1.7449191664147152,51.44379374131494
-1.7362862947571027,-1.785633268983058,-1.884838065524844,-1.8848380655248438,-83.95806120575558,-79.79312646409176,-79.73214763507373,-59.29027387638481,85.64430773398965,68.8131538111397,68.5254851321976,43.62695111507464
-1.0048368388270277,-1.0279847272080382,-1.0652983963122018,-1.0652983963122016,140.16275299355695,107.84896049968548,90.40446897045538,68.92074631867845,-61.321613473189245,-99.64271534054821,-88.08725182161552,-92.49283517308032
1.055754542350769,1.2383661270141606,1.4571133852005005,1.7183023887693847,-5.692730903625488,-21.26171875,-43.07721710205078,-72.84754180908203,9.63485431671143,25.038043975830078,46.89006423950195,76.98393249511717
106.69837951660156,116.13558959960938,127.14415740966795,139.72183239137138,151.76731872558597,147.51725769042974,148.40811157226557,152.4643707275391,151.4780731201172,146.64401245117182,146.5198669433594,148.3800811767578
-3.3182029724121094,-3.8818187713623047,-4.562161445617676,-5.391766738322923,-6.810838699340823,-7.788023948669436,-9.144646644592274,-9.917524337768556,-5.884419441223149,-4.998362064361571,-6.369655609130861,-6.705874443054191
