hips,spine,spine1,spine2,rshoulder,rarm,rforearm,rhand,lshoulder,larm,lforearm,lhand
0.10516603940486347,-0.23365033749027475,-0.640875000645559,-1.1349521102188804,-7.909886253253235,-20.473867937137147,-38.09796712570732,-61.50317392243858,4.495888149048902,16.994468202887465,33.01283665863722,56.08620326530362
-13.864931097814718,-15.187054572046533,-16.751430128994645,-18.588156483654622,-15.954689901408038,-6.454789473137739,6.417150848933,24.538176989543977,-24.966848444574353,-33.68443038378874,-48.55469361308181,-67.95945657764645
57.34310504569385,47.98634439421214,37.073676810889836,24.610262483726842,12.3956761515702,16.043991603882716,14.543051853422696,9.332702798372452,13.26434395231513,18.66813346462837,19.969265111511504,19.431272108942892
0.8784142391911584,-3.5999001885311,-3.856920344554664,-3.856920344554665,-34.3658129408849,-15.893147211609168,-5.702970022981511,58.483299470562436,45.514154140578846,-9.065562269514334,-0.7954331978221617,52.01567957613615
-1.7076741351932279,-1.762333314675049,-1.8721244055169957,-1.8721244055169957,-83.91622449630988,-78.0573072714274,-77.79172477617014,-52.44826032405376,85.57914915815579,67.80654270658117,67.43282187246538,38.80043618186698
-0.9866326472694891,-1.0048556037814163,-1.0322622369795953,-1.0322622369795948,139.51879169088818,103.83960271208483,87.93218205355856,70.43305520201301,-61.96003276703332,-99.12984293654135,-87.2343041426302,-92.66152804555881
1.067912220954895,1.2474946975708008,1.4618771076202395,1.7161963239768854,-5.70157051086426,-21.268568038940437,-43.09926223754883,-72.88105010986328,9.626396179199219,25.032371520996094,46.88713836669922,76.98362731933595
106.69978332519531,116.13652038574219,127.14443206787107,139.7210475635411,151.76057434082028,147.5008850097656,148.1587371826172,152.15489196777344,151.48077392578122,146.65614318847656,146.3793640136719,148.22056579589838
-3.3075122833251953,-3.879806518554688,-4.572148323059083,-5.41975494933221,-6.854163646697996,-7.821419715881347,-9.06100082397461,-9.69257736206055,-5.931139945983884,-5.042016029357908,-6.345227241516115,-6.5059676170349
