hips,spine,spine1,spine2,rshoulder,rarm,rforearm,rhand,lshoulder,larm,lforearm,lhand
0.3774822444981303,-0.0028057538119412584,-0.4601465734685415,-1.0154443235036044,-7.9007444936539954,-20.548611128564943,-38.24767024490621,-61.82646501768174,4.6131877633397345,17.24650430731525,33.503883266052725,56.910145164294406
-13.732551666689206,-15.07375337395053,-16.661240284649033,-18.526323159172783,-15.993123873061196,-6.631348024127273,6.164077365951248,24.11912192135794,-24.860744652555745,-33.42444665565085,-48.02491610635481,-67.02373933299863
57.336815092230694,47.98434494221179,37.077001802051385,24.62037774644938,12.446356803618215,16.161206680929013,14.908456842591107,9.910522494795714,13.24860392576224,18.584710826467415,19.97390499653619,19.335567193194976
0.8215734998333515,-3.66623594705029,-3.9422477434062198,-3.9422477434062206,-33.63076987345371,-12.200831927243618,-3.939949021669188,57.820118402078435,44.76364331093884,-7.966443744036661,0.02692852006254009,52.75422208011807
-1.672016662187605,-1.7319950112121345,-1.8523777809369684,-1.8523777809369688,-83.87678354163283,-76.32835609226083,-75.89569767134839,-45.82030319732494,85.51381874978371,66.27258922407367,65.79952777524788,34.549535163828004
-0.9762721174258093,-0.9881093398807644,-1.002674535036796,-1.0026745350367958,138.81473141781618,100.60477799301344,86.39863033447524,70.90024438378144,-62.681468107034924,-98.46444723426445,-86.50981074211117,-92.5256626560024
1.0794203281402588,1.2572009563446047,1.4683706760406492,1.716486259897183,-5.707448005676268,-21.272790908813477,-43.115962982177734,-72.91525268554688,9.62098789215088,25.02955055236816,46.88630676269531,76.98435211181638
106.69878387451172,116.13500213623047,127.1421661376953,139.71762908290623,151.75155639648438,147.483154296875,147.9635925292969,151.84580993652347,151.4802703857422,146.66416931152344,146.22027587890625,148.04331970214844
-3.3015336990356445,-3.8831846714019775,-4.5882787704467765,-5.45461759175891,-6.90411281585693,-7.859272956848148,-8.951975822448729,-9.455222129821777,-5.986367702484134,-5.095815658569333,-6.316924095153815,-6.311216354370115
