hips,spine,spine1,spine2,rshoulder,rarm,rforearm,rhand,lshoulder,larm,lforearm,lhand
0.6328016831327781,0.21107497963836686,-0.29558996253829095,-0.9095018701459305,-7.8931178244363185,-20.606437971099925,-38.35257730657411,-62.06858697076985,4.709289950865514,17.455972412890166,33.92492776683523,57.61487072971288
-13.659247847124117,-15.008136944569062,-16.60587883858994,-18.485652312115285,-16.027319324960462,-6.783414718761481,5.9672331241591134,23.805914870660303,-24.77493180897256,-33.21403597561109,-47.568040899276184,-66.20702578778972
57.33374246606512,47.98417131274222,37.080503112900445,24.628839110022483,12.49554593646576,16.281394033941922,15.259516360248654,10.499702456879533,13.227180901684648,18.491651333461533,19.95542486155506,19.188087605084007
0.7692673327640751,-3.7273291530107677,-4.020916084867193,-4.020916084867191,-32.90744555148083,-9.510017682023344,-2.6426910382122673,56.861833112132565,43.9918832960606,-6.91702077152012,0.7030763054560529,53.673859844495865
-1.6290501293418473,-1.6943318422930211,-1.8253061172584306,-1.8253061172584308,-83.84625714932217,-74.84719930443396,-74.28932147510054,-38.843894991768856,85.45703775540622,64.54727941452185,63.972317454297475,30.55817797973363
-0.9491678814397192,-0.9591882145663947,-0.9700466574587574,-0.9700466574587574,138.1256488876434,98.33331665259499,85.37620347927344,71.4097513718559,-63.42072820678067,-97.84069183976175,-85.9007090947567,-92.10310425467492
1.0929186344146729,1.266036629676819,1.4715211391448981,1.7125957544748076,-5.718379974365236,-21.281929016113278,-43.134864807128906,-72.95301055908203,9.61064624786377,25.022155761718764,46.87975311279297,76.9772720336914
106.69617462158203,116.13192749023439,127.1384429931641,139.71284100295375,151.7408752441406,147.46299743652347,147.7877655029297,151.5375518798828,151.47889709472653,146.672103881836,146.06568908691406,147.88969421386713
-3.299832820892334,-3.890115737915039,-4.606956958770752,-5.490569036483371,-6.952789306640623,-7.894399642944332,-8.839089393615714,-9.214316368103026,-6.0422849655151385,-5.152815818786625,-6.286076545715337,-6.12383651733398
