hips,spine,spine1,spine2,rshoulder,rarm,rforearm,rhand,lshoulder,larm,lforearm,lhand
-0.30722015259009605,-0.37334114674939894,-0.45699317208417556,-0.5693764371065924,-8.355353866619787,-23.83262256367784,-45.703642575201414,-75.75264322927885,7.000277325186123,22.551456872825757,44.44204724413024,74.58761616507877
-17.61811028945022,-18.33204738673798,-19.156754922287714,-20.080400004557678,-21.253787862082113,-21.520769736205533,-21.194072665580148,-20.59273187694825,-20.99685395083744,-20.75340456972473,-21.19851580655957,-21.813076682679274
57.654963774835224,48.226397116578596,37.22583234728735,24.65250254383514,12.818948913505409,17.487367102609028,17.806427315838647,17.93823343259467,12.694893866114086,17.112223044101285,17.218251774663457,17.501774007021595
0.2808360023625079,-4.026299234182037,-3.9406627799669005,-3.9406627799668996,-16.133879463272898,7.9155106300119975,11.335026766989346,15.589731904341225,15.700915756442555,-12.024748148143582,-11.84044356699265,167.6475180815029
0.312287780495948,0.3167479421576883,0.32529151596941563,0.32529151596941547,-85.32653632838012,-85.89764348053879,-85.63119251799607,-85.12039301899524,86.0530369579256,85.77903769442315,85.69330865996213,93.89189724301612
-0.13229622583497813,-0.09828201042758374,-0.021563085694722057,-0.021563085694722067,122.37401434844642,82.45267417536361,78.46205485806017,74.33161777575657,-90.68801633032032,-102.75693362100051,-102.83330967466482,76.0602045319432
0.9757738709449768,0.9938952922821046,1.008489727973938,1.0083042535834306,-6.670160293579103,-22.185237884521477,-44.0595588684082,-74.11124420166016,8.68447494506836,24.195880889892567,46.08673477172852,76.2314987182617
106.65055084228516,116.08248901367188,127.08700561523439,139.66490972578828,151.5700073242187,147.03573608398438,146.90274047851562,147.02586364746094,151.56121826171878,147.00964355468747,146.71794128417972,146.17874145507815
-3.8317935466766357,-4.502734184265136,-5.27730941772461,-6.143739295988915,-7.301801681518544,-7.667869567871093,-7.452369213104247,-7.002398967742922,-6.967267036438001,-6.666097164154051,-7.001863479614261,-7.466476917266845
