hips,spine,spine1,spine2,rshoulder,rarm,rforearm,rhand,lshoulder,larm,lforearm,lhand
0.8531645569127271,0.39396996575913246,-0.1566585713610884,-0.8213829263867121,-7.888857541740573,-20.65616727825799,-38.43178762933735,-62.232689436415015,4.787481257969743,17.629644855959846,34.28607567186194,58.23134797114231
-13.632651505853332,-14.980826440974091,-16.579235689001447,-18.46321231345944,-16.060678940460523,-6.919944968464656,5.807840036402407,23.579234196541424,-24.706278585617344,-33.04247861537084,-47.17073175998125,-65.47316612623212
57.333287721514324,47.98536359430824,37.08392238855106,24.63550296305894,12.539639151539689,16.39373693163739,15.632332684915895,11.047676650878174,13.20360384281608,18.399602105442312,19.936289524749583,19.008214257857134
0.7272145793789303,-3.7766496452499387,-4.084726132609578,-4.084726132609579,-32.24142260291254,-7.4549571577671605,-1.395821835835,55.22904305972975,43.22689309495086,-6.026154349925608,1.3240155321346627,54.048917388688345
-1.580980008917506,-1.6503870789881603,-1.7896249566165299,-1.7896249566165292,-83.8310403065708,-73.60002383498126,-72.9174884432912,-31.256829100508774,85.41658666580356,62.896653943284065,62.21467849215001,26.415234207731853
-0.9091877081183506,-0.9212315708656174,-0.9360730084686195,-0.9360730084686193,137.49545059392685,96.80019525670885,84.31410152308915,72.30675982151509,-64.15132782683324,-97.37515006846125,-85.29307721066007,-91.60828763523311
1.10558021068573,1.271803021430969,1.4697091579437256,1.7031986464316677,-5.735426902770994,-21.29719924926757,-43.157859802246094,-72.9871520996094,9.594326972961422,25.00910568237305,46.865970611572266,76.96003723144531
106.69278717041016,116.1282424926758,127.13427734374999,139.70782569145942,151.73010253906253,147.44252014160156,147.57774353027344,151.25082397460938,151.47766113281244,146.6804351806641,145.9147491455078,147.77438354492185
-3.302492380142212,-3.8997139930725098,-4.6260433197021475,-5.523671967427314,-6.994384288787842,-7.921295166015621,-8.722644805908203,-8.937701225280762,-6.093425273895261,-5.20854377746582,-6.255832195281975,-5.931167602539071
