hips,spine,spine1,spine2,rshoulder,rarm,rforearm,rhand,lshoulder,larm,lforearm,lhand
1.0272908638415008,0.5390522198368801,-0.0460422054999059,-0.7514889690971938,-7.890395103863866,-20.70952422629608,-38.50551018445376,-62.351415587381204,4.85397097019605,17.781856339861225,34.61282241738764,58.80153563528482
-13.640605744903766,-14.982519962433901,-16.575046879136156,-18.455576978591058,-16.098548670154035,-7.057566482504351,5.656166046462642,23.38865458046775,-24.648150164721894,-32.89017907637884,-46.80133301485023,-64.7702863698726
57.335622766685034,47.98828183717694,37.08777285343612,24.64107353227422,12.57826079313358,16.495214379784983,16.034502545137173,11.534062097339955,13.180078255760122,18.31337903643913,19.927231409596317,18.81536204944311
0.6928110997322419,-3.8190736570998807,-4.143214810318141,-4.143214810318141,-31.610280664664792,-5.783078206913143,-0.12353736454298546,52.8759645005951,42.49499311954527,-5.278294973502546,1.912834762400289,53.43400286601629
-1.5322998922391728,-1.6057705677119734,-1.7531263248258708,-1.7531263248258708,-83.81917595904451,-72.5475880501675,-71.71577269453286,-23.070242117102698,85.38047170153382,61.39388961854751,60.59758146989478,21.535427675089934
-0.882144352627836,-0.894541159534237,-0.9100313064698021,-0.9100313064698021,136.89220452879104,95.77805446642202,83.08502063076453,73.31010045046133,-64.85664832032705,-97.06547700123686,-84.67828654944621,-91.0876968379395
1.1139999628067017,1.275407791137695,1.4678413867950442,1.695422272776488,-5.749249458312987,-21.309825897216804,-43.17535781860352,-73.00459289550783,9.581192970275877,24.998584747314446,46.85303878784179,76.94081115722655
106.68976593017578,116.1249313354492,127.13052368164064,139.70325649887516,151.72088623046875,147.42578125000003,147.32669067382812,151.00617980957026,151.4758453369141,146.68603515624997,145.75927734375,147.6815948486328
-3.309166431427002,-3.912071466445923,-4.646564483642582,-5.557041847121673,-7.035031318664553,-7.947440147399904,-8.60854625701905,-8.62886238098143,-6.143837451934816,-5.26418590545654,-6.228603363037118,-5.734604835510253
