hips,spine,spine1,spine2,rshoulder,rarm,rforearm,rhand,lshoulder,larm,lforearm,lhand
1.1573417277889995,0.6473868483153726,0.03657279820602799,-0.6991382280387493,-7.8960463447506815,-20.76361129014822,-38.56267499159122,-62.40867559344788,4.909073890063888,17.911323424237082,34.901630264185286,59.31741186519383
-13.670895261103338,-15.003660430566782,-16.586723022842435,-18.45921496561683,-16.139099615841424,-7.190959165681285,5.525993231532686,23.256271439133982,-24.601061744353213,-32.7588636965618,-46.464964180185405,-64.11060133219897
57.33890041095735,47.99141231840744,37.09093978403439,24.644780706120258,12.609305317437162,16.580257796393738,16.43389858176991,11.924932343893886,13.157852900180899,18.237552523826622,19.934280933006562,18.624324319263735
0.6609876416904453,-3.8573755496587725,-4.194459309063116,-4.194459309063117,-31.03672265979895,-4.310973575049786,1.2289753137776371,49.532603283509985,41.82336445680036,-4.636344893758034,2.4773168203959846,51.69531277052955
-1.4809148138693207,-1.5596556108437596,-1.7175595537660422,-1.717559553766042,-83.81080859113297,-71.75432020590739,-70.73791543890249,-14.789238803358955,85.3497548418303,60.05284615286214,59.13390519153694,15.781210638476807
-0.8669016155542911,-0.8797802976821957,-0.8961569387363113,-0.8961569387363115,136.3343060083977,95.02530416015026,81.6409438318384,73.97785416387516,-65.51375783310117,-96.86830009732861,-84.05331929520743,-90.44505113980635
1.1167430877685547,1.275230526924133,1.464430332183838,1.6887257789994086,-5.75947141647339,-21.319700241088864,-43.18651962280275,-73.00424194335938,9.571588516235352,24.99055099487304,46.841041564941406,76.91983032226561
106.68659973144531,116.12147521972655,127.12662506103518,139.69859655892293,151.71331787109366,147.4140777587891,147.05886840820312,150.82496643066403,151.47236633300784,146.68664550781247,145.59942626953125,147.60801696777344
-3.3198277950286865,-3.9279863834381104,-4.669850826263429,-5.591586575528763,-7.075473308563229,-7.974206924438481,-8.488992691040039,-8.276324272155755,-6.193795680999756,-5.319698333740233,-6.203225612640387,-5.534706115722676
