hips,spine,spine1,spine2,rshoulder,rarm,rforearm,rhand,lshoulder,larm,lforearm,lhand
1.245375662395146,0.7200797437538702,0.09148217735312514,-0.6642762229584838,-7.907108597863738,-20.821915130649238,-38.606011320387864,-62.4162125435044,4.953803419902248,18.021588864669326,35.15853871879378,59.791571893107715
-13.732744196966511,-15.052124377343125,-16.620469164118834,-18.47820840330187,-16.18585667994129,-7.327339223107319,5.410431215690154,23.17129162734303,-24.565685203924907,-32.64717955627215,-46.15891859866742,-63.48126538344175
57.34386869628379,47.995325397547205,37.09373528877252,24.646566665258348,12.6333433726777,16.65154622026307,16.80241924944505,12.22531902781418,13.135547591776316,18.168849465383857,19.947754965712278,18.41039110486318
0.6323946669363861,-3.8895723975233176,-4.2338327889808225,-4.233832788980822,-30.574214165192913,-2.8835413619633012,2.6590072803797162,45.07047153812315,41.27316661770093,-4.085637336273536,3.0598209839514268,48.85021090121124
-1.4286972048769997,-1.5145257369268013,-1.6866187606527374,-1.6866187606527374,-83.80660218322372,-71.19696946520591,-69.96471624238885,-6.72859693054709,85.32724631381889,58.92993730340862,57.87499106343824,9.372888667265862
-0.8632695762258331,-0.8777175441890938,-0.897154173919396,-0.8971541739193962,135.87234010611792,94.29839419226552,80.0340098109788,74.00038980711071,-66.06430541790661,-96.76092879619713,-83.3597704131769,-89.50425527182236
1.1135897636413574,1.2710392475128176,1.4594155550003052,1.683676435699401,-5.764884948730469,-21.325756072998054,-43.19041442871094,-72.98709106445312,9.566648483276367,24.985916137695312,46.8310661315918,76.89686584472656
106.6834487915039,116.11804199218751,127.12278747558592,139.69412228996237,151.70811462402352,147.40885925292966,146.8100738525391,150.7156524658203,151.46717834472645,146.68147277832028,145.43733215332028,147.56544494628906
-3.3342602252960205,-3.9471406936645512,-4.6952037811279315,-5.625591133187696,-7.113526821136476,-8.000773429870605,-8.355465888977042,-7.877754211425784,-6.2401280403137225,-5.3712768554687536,-6.176374912261955,-5.32061052322388
