hips,spine,spine1,spine2,rshoulder,rarm,rforearm,rhand,lshoulder,larm,lforearm,lhand
1.2835649116354535,0.7517456030508498,0.11565572716015549,-0.6483825480936041,-7.922974235828069,-20.883153408267326,-38.640611220564246,-62.37552204944019,4.98747402410971,18.110023019701263,35.38711009138993,60.23717274699639
-13.817133062787388,-15.1202972505813,-16.67024869872551,-18.508168260180774,-16.23487003619115,-7.459894726086709,5.309156975869254,23.12623897865112,-24.540275767209422,-32.55495204030145,-45.87498719556882,-62.860556784236095
57.35171303061847,48.0012683376776,37.09748551973746,24.64788031386024,12.6502426934683,16.70548157533605,17.12058553522519,12.374145399806878,13.116428346320077,18.11396850079214,19.98085259797395,18.198044008769784
0.6115629208081484,-3.9123641456834997,-4.260546961796484,-4.260546961796484,-30.238011005562274,-1.5473090708728305,4.16516819903652,39.552733110441395,40.86329201016851,-3.534704133406598,3.7456663580873264,44.93138273812718
-1.386557533945427,-1.4782476016813,-1.6620692591833757,-1.662069259183376,-83.80609251722802,-70.89512226569346,-69.40924089374592,0.5279212054856454,85.31320173765096,58.0438786525993,56.827401956008956,2.6046176282599314
-0.8769576371382124,-0.8920224083533712,-0.9126327794604859,-0.912632779460486,135.5218239334635,93.6040616405636,78.19159644627358,73.32637486662101,-66.4890654782082,-96.66793104633909,-82.53364633593571,-88.34963018288447
1.1069947481155396,1.26632559299469,1.457084059715271,1.6845055914206015,-5.761294841766357,-21.323762893676758,-43.18336868286133,-72.94315338134766,9.570548057556152,24.988834381103523,46.82770538330078,76.87558746337892
106.68064880371094,116.11498260498048,127.119384765625,139.69022688513363,151.70564270019528,147.41038513183594,146.5927276611328,150.72659301757812,151.46075439453128,146.67106628417974,145.27125549316406,147.5465545654297
-3.3526196479797363,-3.9689345359802246,-4.721386432647705,-5.657645176768437,-7.147851943969727,-8.026344299316406,-8.21966171264649,-7.451892852783195,-6.28102397918701,-5.416691780090331,-6.131236076354978,-5.053557395935056
