hips,spine,spine1,spine2,rshoulder,rarm,rforearm,rhand,lshoulder,larm,lforearm,lhand
1.2750918860629303,0.7445079416205793,0.11063872615172432,-0.6490909222429853,-7.942031867164633,-20.949093896960903,-38.68818164849623,-62.33240207175963,5.014856325433192,18.184376463834457,35.6013327856885,60.68886671485362
-13.943328164394876,-15.224274081803744,-16.747391895953744,-18.552568256484808,-16.284350371546907,-7.594059915864346,5.1902085554174295,23.044846288390875,-24.518795109698583,-32.47478069115226,-45.59865268680315,-62.19444488136967
57.367725955087295,48.014144362015244,37.106454708520985,24.651796072036092,12.664341072886515,16.75164010848772,17.41218745001362,12.363802951272817,13.099851618774466,18.06745876050087,20.022056295453837,17.922081169150573
0.5979794553485221,-3.919761819570339,-4.255570853536891,-4.255570853536891,-30.11350285312815,-0.42431817344916056,5.55623022634557,33.306863727354354,40.61306262036853,-2.9812508445756802,4.658559818912624,39.820387881776284
-1.361169912867902,-1.4531126224363684,-1.6374216394420467,-1.6374216394420464,-83.8273736408996,-70.67219007622512,-68.89273073747883,6.22660580495815,85.32788017806281,57.49518547209666,56.06544770224667,-3.970459858123735
-0.9010480263003412,-0.9157145887028,-0.9355658897729875,-0.9355658897729872,135.37523928510748,93.06980960484829,76.21172658441965,72.31743382060458,-66.76125127492494,-96.5841040492682,-81.38120154771981,-87.20248525522565
1.0995445251464844,1.2626197338104246,1.4576330184936521,1.6896535346255919,-5.75200366973877,-21.316539764404304,-43.16849899291993,-72.8676452636719,9.580108642578125,24.99683761596679,46.82847595214845,76.84713745117188
106.67707061767578,116.11119079589842,127.11541748046875,139.68625594100058,151.7047729492186,147.41580200195318,146.3969421386719,150.88981628417966,151.45370483398457,146.65780639648435,145.10478210449222,147.59996032714844
-3.3727965354919434,-3.9913539886474605,-4.745234966278075,-5.6804138058299625,-7.166302204132081,-8.038522720336926,-8.092186927795412,-7.044223785400376,-6.306070804595949,-5.448799610137938,-6.0607786178588885,-4.693803787231429
