hips,spine,spine1,spine2,rshoulder,rarm,rforearm,rhand,lshoulder,larm,lforearm,lhand
1.2252265289613211,0.7016979774164218,0.07832965149597282,-0.6642487383692517,-7.962503441327373,-21.019322501515262,-38.74955360491143,-62.294146325304496,5.038997525927334,18.24896575876229,35.79954599475713,61.14300771701921
-14.105114398390398,-15.358160549194752,-16.84659255893638,-18.607262018373078,-16.332191829086717,-7.72919611718647,5.052735385926351,22.912131417724144,-24.497273474802025,-32.40043534910589,-45.3320246107721,-61.4720100612567
57.39218223250184,48.03441636084776,37.12133112877554,24.65926898111516,12.676340454697936,16.789658649398405,17.6899426149906,12.211188752252298,13.08756412503493,18.03205021361049,20.070792907412255,17.53618418986332
0.5854203518467602,-3.916391072223188,-4.22031991303459,-4.220319913034592,-30.234147624752318,0.48644824420249777,6.71986698735196,26.558341527329294,40.5858934631872,-2.4595704567066123,5.843076356834481,33.28260501451183
-1.354934661974464,-1.4428721257278188,-1.6191936697652272,-1.6191936697652274,-83.86486978946573,-70.38956718717304,-68.27697281106568,10.000900898504431,85.36748275085901,57.30161117568088,55.58272873221037,-9.65817644963922
-0.9150863634683077,-0.9325715300772929,-0.9581639094867697,-0.9581639094867698,135.47360142426768,92.73825692882504,74.21880166798836,71.26036473047613,-66.80991550389861,-96.51049679424118,-79.76094364186491,-85.99170899293802
1.093004822731018,1.2583718299865725,1.456472396850586,1.6929445160935443,-5.744637489318847,-21.311073303222642,-43.15271759033203,-72.76506042480469,9.587642669677734,25.0028305053711,46.826580047607415,76.79551696777341
106.67298126220703,116.10693359375001,127.11115264892578,139.6824803902434,151.7047271728515,147.42214965820312,146.20228576660153,151.17594909667966,151.4473419189454,146.64511108398438,144.9505462646484,147.79084777832028
-3.3943276405334473,-4.014961242675781,-4.768198490142823,-5.6956532544502485,-7.1717963218688965,-8.041883468627923,-7.979545116424569,-6.677837848663332,-6.316443443298343,-5.466894149780276,-5.97458028793336,-4.23966503143312
