hips,spine,spine1,spine2,rshoulder,rarm,rforearm,rhand,lshoulder,larm,lforearm,lhand
1.130020074154193,0.6202021546880987,0.016524753748834442,-0.6951450756550308,-7.985230428359711,-21.095797211211675,-38.83037181774414,-62.245964778881635,5.059921100749907,18.304362306955273,35.98729191848942,61.59476448994089
-14.29989411189597,-15.520488959089654,-16.967569463478547,-18.672973407512508,-16.38074624194317,-7.868705598973584,4.887147150642244,22.733351175528373,-24.476717764058165,-32.3311987808717,-45.069390525698125,-60.69345473984043
57.423498502344245,48.0606826025589,37.140932806006816,24.669385346921104,12.684760197728309,16.816207487403773,17.966129392538164,11.920730973414322,13.079769490671794,18.009597816553395,20.12118457139502,17.0619606812013
0.5779115815896387,-3.8977984494092928,-4.149485763601833,-4.1494857636018345,-30.63318898180746,1.160968991651391,7.869172024782753,19.19822198331097,40.799331300413584,-1.923010791067225,7.232301433397588,25.511834457781507
-1.36793900794665,-1.4471545860219839,-1.606045161631442,-1.6060451616314422,-83.92305187480915,-70.30583231429387,-67.79803056249936,11.566325254217462,85.43744141447286,57.32836089482127,55.242972662191654,-13.711352062731551
-0.922238205726744,-0.9452593589713755,-0.9820916467999338,-0.982091646799934,135.8484537416024,92.67517765451007,71.99363169724762,70.19766586036458,-66.61909431896827,-96.37468284243309,-77.77157302986166,-84.60410299737383
1.0870283842086792,1.2537384033203125,1.454245924949646,1.695339099854425,-5.737947940826416,-21.306180953979492,-43.1341438293457,-72.62601470947266,9.594412803649902,25.007938385009773,46.82433700561525,76.71945190429688
106.66900634765625,116.10285949707031,127.1072769165039,139.67965320637904,151.70655822753915,147.43103027343756,145.99333190917972,151.57325744628906,151.44224548339835,146.63305664062503,144.8182067871094,148.1063995361328
-3.417088270187378,-4.03894853591919,-4.788613796234132,-5.700535442779181,-7.160223484039309,-8.032367706298828,-7.883048057556152,-6.328114986419678,-6.308391094207758,-5.468013763427735,-5.864748477935807,-3.700775623321534
