hips,spine,spine1,spine2,rshoulder,rarm,rforearm,rhand,lshoulder,larm,lforearm,lhand
1.0033087538234344,0.51275831078277,-0.06450698218510631,-0.7370348965878035,-8.01050218762023,-21.176501280672593,-38.92879787438772,-62.153681471994055,5.076949915442344,18.351503307029976,36.16445404017339,62.009603015330136
-14.510891729381882,-15.69510461589592,-17.096922737060254,-18.744174482034467,-16.431566062637078,-8.010493333626655,4.6958282019405875,22.546563621860543,-24.459390763628114,-32.26718346773762,-44.81693546216873,-59.92941258325446
57.456229788045874,48.087721514333595,37.160642030180696,24.679110053869977,12.688300893460735,16.829984442063562,18.227609979943963,11.498606587200356,13.07489657506298,17.99793578857671,20.144799905136864,16.559321952953837
0.585786896942632,-3.8661571974171287,-4.070293264135505,-4.070293264135506,-31.128349557752006,1.6430816862876194,9.347673415916534,11.002301658208966,41.11736611627337,-1.3708697265947143,8.54920949278811,17.230795136444993
-1.38115405349342,-1.4531135924347125,-1.5975091994920227,-1.5975091994920227,-83.98321216245087,-70.7034824260568,-67.71396585548636,10.622811980828054,85.5130074296557,57.37832537906653,54.910261857760055,-15.66387416948216
-0.9246469842830227,-0.9564665739345194,-1.0110356556560776,-1.0110356556560773,136.31413190135362,92.79993368562072,69.2339229516067,69.27551048955246,-66.32878458649151,-96.1023677010487,-75.80814369841505,-83.16677571250455
1.0810630321502686,1.2482867240905762,1.4508774280548096,1.6977234561656083,-5.730133056640626,-21.300495147705075,-43.11220932006836,-72.44342041015625,9.602210998535154,25.013608932495107,46.8255729675293,76.6328887939453
106.66632843017578,116.10025024414064,127.10504150390625,139.67855406401313,151.71093750000009,147.44387817382804,145.78431701660153,152.0752716064453,151.43830871582026,146.62077331542972,144.732666015625,148.48753356933594
-3.439474105834961,-4.060040473937988,-4.8036274909973145,-5.6981785079206615,-7.140289783477786,-8.016400337219231,-7.80908393859863,-5.957758426666255,-6.2907443046569815,-5.45895338058472,-5.741425037384024,-3.164753675460828
