hips,spine,spine1,spine2,rshoulder,rarm,rforearm,rhand,lshoulder,larm,lforearm,lhand
0.8784429198014347,0.4082833172367799,-0.14245054897167275,-0.7784067202942806,-8.037026363311139,-21.25618262559256,-39.04265828327758,-62.05437894388577,5.091379305063652,18.395581777529067,36.336345653651925,62.386399906226245
-14.739807026336722,-15.883328862100859,-17.235689140741208,-18.821870267493438,-16.48531946714582,-8.154664251184823,4.479835366037756,22.340196644840653,-24.446556197604846,-32.21025114606496,-44.579429645839525,-59.20696244194792
57.487951277117475,48.1133507961987,37.178676762637494,24.68732128118836,12.692148716970024,16.84738203708463,18.446895704285424,11.044662819244252,13.06699212738539,17.979748991962992,20.109980584991234,16.030132412789754
0.6177747782063573,-3.8175692136072072,-3.9885079357989177,-3.9885079357989155,-31.58119899105952,1.9992996149151117,10.9881348029645,2.352050930698342,41.33179873922716,-0.8449290552607952,9.70606497093442,9.0315479446541
-1.38184564076385,-1.4470895700293762,-1.57806966067832,-1.5780696606783198,-84.0527346459093,-71.35990127040014,-67.86542925481332,7.40091181025678,85.59538378093129,57.46811513444846,54.641448279600816,-15.640322552810861
-0.9316689747460535,-0.96970026587599,-1.0367912091960867,-1.0367912091960871,136.74102657449117,92.90352096482914,66.30394960853884,68.71609926075953,-66.13849842823414,-95.72232999329098,-74.03199446205879,-81.78129997115907
1.0753710269927979,1.2436363697052002,1.4484657049179077,1.7001888655931063,-5.723183155059814,-21.295579910278317,-43.09329223632813,-72.24278259277341,9.609313011169434,25.01899909973143,46.83000183105469,76.5453109741211
106.66727447509766,116.1015167236328,127.1068878173828,139.68156696249412,151.71905517578125,147.45964050292972,145.6298980712891,152.62796020507812,151.43890380859378,146.61386108398435,144.70193481445315,148.89263916015622
-3.4624431133270264,-4.077736854553221,-4.811994552612303,-5.688608738283365,-7.111148357391359,-7.988484382629392,-7.744515419006348,-5.5860013961792045,-6.26680850982666,-5.446759700775145,-5.620453834533677,-2.678753137588509
