hips,spine,spine1,spine2,rshoulder,rarm,rforearm,rhand,lshoulder,larm,lforearm,lhand
-0.3590309919561719,-0.41578243062997683,-0.48865159678106423,-0.5890493091441131,-8.364610264871986,-23.848074378075047,-45.717784600288134,-75.76474399891285,6.991851389688213,22.538513286609657,44.42641363080821,74.56804961859501
-17.616777621757727,-18.333188095089533,-19.159824281725946,-20.083478288233525,-21.234054394928584,-21.454918743930442,-21.07271518919534,-20.374998392790886,-21.02274961057915,-20.82538609682293,-21.382453285133124,-22.151252504340153
57.65366360766596,48.225229789167884,37.224740990968485,24.651310426549998,12.80867856213078,17.458967014919722,17.80296271580744,17.929935976884224,12.702606477817909,17.138157421349632,17.266018000582534,17.589961839761884
0.2738994121965992,-4.028388211158769,-3.9330596829686857,-3.9330596829686866,-16.716019354310415,7.019713000777005,11.072939401649908,15.791838599796124,16.450481400427527,-12.935089117187578,-12.74573617851122,166.7202690937084
0.2558326206981458,0.26191544036208364,0.27369419652415006,0.2736941965241499,-85.30506873445707,-86.00921247095286,-85.72907997507252,-85.17111346821108,86.06090089412642,85.75240609951028,85.67020759820576,93.94728743208954
-0.15986465450811568,-0.12500258400038863,-0.046582141710094616,-0.04658214171009462,122.92914775610899,83.45262432308544,78.75508466283213,74.16745405637027,-89.96530026644838,-103.6788066329069,-103.76991535308528,75.12541779269752
0.958504855632782,0.9818203449249266,1.002286195755005,1.0083813759183318,-6.663829803466796,-22.180564880371087,-44.05483627319336,-74.10690307617188,8.690492630004883,24.199642181396484,46.0899772644043,76.23382568359375
106.64955139160156,116.08139038085938,127.08586120605469,139.66387842311948,151.5724792480472,147.0450439453124,146.87106323242185,146.9768524169922,151.55693054199185,146.99851989746085,146.70133972167972,146.1442413330078
-3.8322691917419434,-4.504354476928711,-5.279334545135499,-6.144099437252568,-7.307501792907728,-7.6881418228149325,-7.5020785331726065,-7.07220697402954,-6.9591393470764,-6.644602775573734,-7.007600784301761,-7.509851455688477
