hips,spine,spine1,spine2,rshoulder,rarm,rforearm,rhand,lshoulder,larm,lforearm,lhand
0.7731963046899017,0.3224839915987454,-0.20484121512937747,-0.8124118996287519,-8.062938552372088,-21.330284499401795,-39.16925396506906,-62.021540488169634,5.10439304861106,18.439096253804276,36.49773807753566,62.7217104815603
-14.958855624679472,-16.061094383497473,-17.365174758346388,-18.89592656411555,-16.539355785000378,-8.294227237319172,4.2501042217906635,22.09207931470554,-24.436763887483426,-32.157030191259594,-44.36732911455486,-58.54117148081756
57.51462147299519,48.13410852233814,37.19240963074182,24.692728460603576,12.696579482752156,16.868781447317616,18.589140174700702,10.667022086375766,13.055958502814434,17.95442212920497,20.00362497313222,15.462730689743807
0.6742025430633267,-3.7587069631467935,-3.9248073110964725,-3.9248073110964725,-31.81574911827268,2.2118937281590503,12.33886667558074,-5.5208799446606776,41.27339779029085,-0.42376325175078466,10.767858041803454,1.406147832969373
-1.3587527180751142,-1.4202159225839002,-1.5436482476150377,-1.5436482476150377,-84.12097499468665,-71.95441026858275,-68.05389151901112,2.349390862780964,85.6676303775409,57.79007642055556,54.646074333754264,-13.953723652160825
-0.9515356274037164,-0.9922412547865291,-1.0647124297865003,-1.0647124297865003,136.9481295663673,92.91088354673944,63.90711995671299,68.26186064316974,-66.2229079213725,-95.2706019612687,-72.37569003979836,-80.74457863603541
1.0671952962875366,1.238273620605469,1.4468208551406863,1.7037866278578686,-5.714902400970459,-21.289752960205078,-43.08023452758789,-72.06907653808594,9.617951393127445,25.025897979736325,46.840644836425774,76.46361541748045
106.67205810546875,116.10686492919922,127.11292266845703,139.68846147360182,151.73092651367185,147.4796142578125,145.56774902343756,153.13136291503906,151.4428405761719,146.60984802246094,144.73513793945315,149.32525634765622
-3.483290195465088,-4.089299678802489,-4.81226110458374,-5.674911053628576,-7.079632282257077,-7.952705383300778,-7.6911678314209055,-5.290790081024159,-6.244509220123295,-5.438821792602541,-5.525183200836188,-2.2656304836273162
