hips,spine,spine1,spine2,rshoulder,rarm,rforearm,rhand,lshoulder,larm,lforearm,lhand
0.6771323179384328,0.24556866404721145,-0.2598971093602529,-0.843583627699779,-8.08911599277097,-21.400676572671028,-39.31397786006783,-62.112294006406536,5.11475330999035,18.479105256929813,36.63829683471893,63.00787932943361
-15.165398366486812,-16.22793392330756,-17.48669883182817,-18.967952220835713,-16.59530115080349,-8.430185034884978,4.000327261108992,21.77006123874674,-24.432145146905277,-32.11006508413596,-44.191368570377094,-57.95400687509286
57.536065706398404,48.150072710551626,37.202039263704606,24.69525826184406,12.699277121707354,16.887947929262197,18.66109464032013,10.427290009723635,13.043460487736553,17.927647615677017,19.849150015899795,14.904363812026105
0.7461754957515823,-3.6927056533176636,-3.870682606928932,-3.870682606928931,-31.85476921567699,2.181722577316798,13.094431566398162,-11.421066160369772,40.9170237591889,-0.1678872210174533,11.737426300925444,-5.041372848927906
-1.3092625530166702,-1.3691408476886684,-1.489424672966245,-1.489424672966245,-84.19747627587346,-72.34316914014171,-68.2143169654802,-3.9192594025467398,85.73942392512484,58.36878114245298,54.96475228341792,-11.018299626729938
-0.9782302263584374,-1.0194013314028236,-1.0927737339288048,-1.0927737339288048,136.96031483258525,92.96955383968866,62.465000615260166,67.43713388128499,-66.60491280524303,-94.82641459551056,-70.85576470994609,-80.06218213120253
1.05820894241333,1.232901692390442,1.445733666419983,1.707748818736715,-5.706636905670164,-21.284261703491218,-43.073677062988274,-71.95466613769531,9.626847267150882,25.033283233642585,46.855506896972656,76.39257812500003
106.6805191040039,116.11601257324217,127.12281036376955,139.69905271100936,151.74629211425784,147.50305175781256,145.5780487060547,153.50421142578125,151.45028686523438,146.60937500000003,144.82171630859372,149.7591552734375
-3.501901865005493,-4.096072673797608,-4.806372642517091,-5.657165840706957,-7.043413639068602,-7.906110763549806,-7.653544425964359,-5.126368522644043,-6.222807407379152,-5.4360771179199245,-5.46976613998413,-1.9485270977020215
