hips,spine,spine1,spine2,rshoulder,rarm,rforearm,rhand,lshoulder,larm,lforearm,lhand
0.5804070276156947,0.1682881657381321,-0.3153202863477569,-0.8759197480659271,-8.117610207011797,-21.47389428321227,-39.496803421789394,-62.33462763278025,5.1236398143302635,18.518809524109233,36.760250081206046,63.25286695844829
-15.375487497606963,-16.39843513881552,-17.61206840008723,-19.04416472300253,-16.656809275700972,-8.573710129516158,3.695415064423475,21.342440254274592,-24.43100078921912,-32.06434097246459,-44.044905602859295,-57.465971581680726
57.553882263867834,48.162630032539894,37.20851791710008,24.69495723486213,12.69957122637166,16.904885015786675,18.69106517004127,10.304166949713448,13.02829179508629,17.897851255129297,19.665097186439084,14.446931594673629
0.820040629275338,-3.6260328092284357,-3.818415112144136,-3.818415112144136,-31.856498687947123,1.689204561843589,13.439568865694905,-14.708333146982929,40.492290768562704,-0.09491499491846207,12.540256711880922,-9.862094768519466
-1.2523876098835043,-1.3119202022883751,-1.4315392010582753,-1.431539201058275,-84.27545082230002,-72.74417161232965,-68.54605699303676,-10.72471290335282,85.81086049884826,59.1690092505246,55.60401987292701,-6.8404748694941295
-1.0124798651861293,-1.0525780575014405,-1.1238004818972767,-1.1238004818972764,136.93234750307587,93.35437330889532,61.694087394098325,65.84984156612062,-67.05819047781043,-94.46434761345908,-69.67382151282754,-79.17674115732537
1.0495845079421997,1.2290750741958625,1.4472929239273076,1.7149874114971302,-5.6945204734802255,-21.27518272399903,-43.067893981933594,-71.88772583007812,9.63961696624756,25.044292449951172,46.87563323974611,76.3531494140625
106.69123077392578,116.12738037109376,127.1348876953125,139.71177980083226,151.7641448974608,147.529769897461,145.63549804687503,153.77264404296878,151.45944213867207,146.60981750488284,144.93666076660156,150.09529113769537
-3.5184123516082764,-4.100431442260742,-4.797940254211427,-5.637283574955136,-7.004953384399409,-7.856136322021484,-7.664834022521981,-5.109854221343996,-6.1998457908630416,-5.432918548583986,-5.451532840728734,-1.7532107830047674
