hips,spine,spine1,spine2,rshoulder,rarm,rforearm,rhand,lshoulder,larm,lforearm,lhand
0.46666339712154326,0.0765088311661577,-0.38203786679622365,-0.9152971167014385,-8.14911131805577,-21.551625871854345,-39.72355312041669,-62.635262591242174,5.129514771828996,18.55399833613544,36.860163787922225,63.45106686691661
-15.600630322713066,-16.582604028037114,-17.748933954113433,-19.12814146169412,-16.72296682534047,-8.724079318687956,3.3243997964646512,20.824785339362073,-24.433672168446435,-32.02295362594578,-43.92757145086703,-57.11018310575389
57.57137272862997,48.17480035798849,37.2144681195479,24.6937734979999,12.697201843171541,16.916347548741925,18.695259523924705,10.203297367213196,13.013220856959123,17.870909249800064,19.474210011266393,14.148982139478704
0.8933086239910639,-3.5567957965257366,-3.7572784549292937,-3.7572784549292937,-31.96269895273196,0.5441913888937451,13.774261453728371,-16.017234704265594,40.17267586811551,-0.17117026127941484,13.060871213135329,-12.921852049574548
-1.1996540620242506,-1.2592972268173968,-1.37914446305613,-1.3791444630561305,-84.3552521572626,-73.43052458250953,-69.24468102318299,-17.78181204438292,85.88796833094631,60.037124192829445,56.44007567662769,-2.0619758316281165
-1.052354876367343,-1.090923437555121,-1.159080848831565,-1.1590808488315647,137.00424653216737,94.30892398924193,60.998271442955534,63.44224015501776,-67.4107529140328,-94.19588267511197,-69.00276329995076,-77.92769807278002
1.0422029495239258,1.22748601436615,1.4521536827087402,1.7265200131512666,-5.6770920753478995,-21.260980606079098,-43.058963775634766,-71.83395385742188,9.657573699951172,25.060064315795906,46.90078353881836,76.35813903808594
106.7023696899414,116.13915252685548,127.14736938476562,139.7250048783016,151.78320312499994,147.55892944335938,145.7167205810547,154.016845703125,151.46859741210938,146.60906982421878,145.06372070312503,150.28778076171875
-3.5341761112213135,-4.104145526885985,-4.788367271423339,-5.614309818517963,-6.962288856506348,-7.80414295196533,-7.744872570037846,-5.208888530731201,-6.171210765838625,-5.423305034637453,-5.456051826477037,-1.689245223999011
