hips,spine,spine1,spine2,rshoulder,rarm,rforearm,rhand,lshoulder,larm,lforearm,lhand
0.34948549012905206,-0.02006850222124168,-0.45398466814325555,-0.9577230289535299,-8.182594302148479,-21.63418533450517,-39.975266742432346,-62.94575672881423,5.135497075822331,18.590723029807585,36.93367691752576,63.60947488577762
-15.871389014653298,-16.805603791357512,-17.915637365171015,-19.22915410727233,-16.796154414811756,-8.890329411105354,2.901920048094807,20.27744848897196,-24.43921858258848,-31.98492966506184,-43.8544919730382,-56.84340934418712
57.59125421689522,48.18897523207845,37.22179768965722,24.692819518445276,12.696445995359142,16.93489177666973,18.694700404809595,10.105786270964586,12.99446831491278,17.83498610940711,19.268808680336065,13.892401726115622
0.9635016150951256,-3.482514135595488,-3.674725835777179,-3.6747258357771764,-32.36449687481787,-1.0959770170653933,14.503138146769052,-17.100786120721637,40.20602343258784,-0.5240816097991882,13.558532368283146,-14.677333942488538
-1.1593100353934076,-1.2211437901191007,-1.345380997184452,-1.3453809971844524,-84.43533295367057,-74.47241821764787,-70.30210345078775,-25.05648130118604,85.97709887491159,61.20568634054086,57.62977326811839,3.375760106308118
-1.0803820439566159,-1.1194125114033187,-1.1884722495448317,-1.1884722495448317,137.37669016671495,95.70138255102647,59.89824299040471,60.80370515803906,-67.40490711471318,-94.16688027976929,-68.41738716967274,-76.07622041719691
1.0369857549667358,1.2262610197067256,1.4556596279144283,1.7355902422588798,-5.662997245788573,-21.249408721923828,-43.05302810668945,-71.78050994873047,9.671957015991211,25.072544097900394,46.92186355590821,76.37575531005858
106.71217346191406,116.14957427978516,127.15856933593751,139.7372584171573,151.8009643554688,147.58537292480463,145.81365966796875,154.27635192871094,151.47784423828114,146.60986328125,145.1941528320313,150.4249572753906
-3.5497183799743652,-4.10812520980835,-4.77808427810669,-5.585916210994145,-6.912239074707034,-7.751500129699705,-7.8635482788085955,-5.326528072357186,-6.130205631256099,-5.397981166839597,-5.494505882263189,-1.709949254989621
