hips,spine,spine1,spine2,rshoulder,rarm,rforearm,rhand,lshoulder,larm,lforearm,lhand
0.23970853300480854,-0.11100986509267363,-0.5221078954320291,-0.9978570451242001,-8.215951021362574,-21.717489187442467,-40.231029592161896,-63.23272859639772,5.1431198946538865,18.63125171852841,36.99304377910027,63.7624962707244
-16.184240952054722,-17.064624119225726,-18.110067909024117,-19.34570688801478,-16.87497497866223,-9.069915379537271,2.454865833307837,19.750803086340674,-24.44718551318809,-31.950515442052463,-43.81130008593859,-56.592342431659326
57.61295043244219,48.204758856727196,37.230354333825304,24.692362802371605,12.699629913770337,16.96592643894644,18.691115129822094,10.025320945271972,12.971139346874168,17.785917457429235,19.03983413858984,13.63088990458101
1.036421729324538,-3.399570110729321,-3.57177260834517,-3.5717726083451717,-33.0230670872129,-3.130876195095159,15.856610733927974,-19.12987465074046,40.52473110779436,-1.1100585621456986,14.347659861724301,-15.968737658672044
-1.1283716446819099,-1.1933392916259407,-1.3238236854583862,-1.3238236854583867,-84.51924540877857,-75.82299936893502,-71.64033247296553,-32.72080445544927,86.07991775296398,62.86608931340228,59.299671418764014,10.448438609922833
-1.106135336460257,-1.1434364924809584,-1.2090598635859047,-1.2090598635859047,138.01401271021805,97.43456947454048,58.19004651335145,58.64941672261964,-67.10515723748883,-94.35043502246785,-67.56966786334058,-73.70872511978509
1.032446265220642,1.2254393100738523,1.4588160514831547,1.7424705505682367,-5.652732372283934,-21.240766525268555,-43.05010986328125,-71.72760009765625,9.682384490966795,25.08168029785156,46.938480377197266,76.39253234863281
106.71855926513672,116.15658569335936,127.16645812988281,139.74649458921516,151.81491088867182,147.6057891845703,145.92800903320312,154.5439453125,151.4855346679688,146.6113586425781,145.32731628417966,150.53518676757815
-3.563857316970825,-4.1102614402771,-4.76428985595703,-5.549525737495623,-6.85157823562622,-7.693160057067868,-7.985791683197027,-5.39913606643677,-6.075325965881346,-5.357102394104004,-5.5506291389465385,-1.7358925342559908
