hips,spine,spine1,spine2,rshoulder,rarm,rforearm,rhand,lshoulder,larm,lforearm,lhand
0.14238032533457412,-0.1913829171457211,-0.5820816300120302,-1.0330984186745424,-8.25017944416522,-21.805901210972703,-40.49465268185931,-63.51883759305879,5.155478723559205,18.68360501788647,37.08096383278813,63.9536936750501
-16.495644841768996,-17.320833288834027,-18.301254438515535,-19.46116139794283,-16.960258929076836,-9.266368600147562,1.9808839112581609,19.2204054931098,-24.4506674357442,-31.89989719939546,-43.725587493671256,-56.32176101358063
57.63116649765519,48.217372877607744,37.23622702547989,24.690089281757537,12.703000589199291,16.999253815789842,18.666226812653264,9.94797916807184,12.945730342616827,17.73223362720117,18.779256711872137,13.44938176732154
1.1130732583964704,-3.3186495290098454,-3.482293307980336,-3.4822933079803358,-33.73301141984318,-5.679961002948995,17.86262509552513,-22.027745101411554,41.05661929842741,-1.6531970161617788,15.240058203107674,-17.69493220741969
-1.1080691676359409,-1.1794624928923767,-1.322807523948881,-1.322807523948881,-84.57802224471934,-77.37122517466219,-73.15653825036556,-41.221587567162935,86.16183021327545,64.74414686971046,61.235796906212606,19.333726062356998
-1.1234684478221226,-1.1610431652520572,-1.2272104518634575,-1.2272104518634575,138.7046667058048,99.63391888410175,55.87053014725973,56.98705973369433,-66.59057038453263,-94.4512392532609,-66.80525626588147,-71.37804179824336
1.0305590629577637,1.2259869575500488,1.4622869491577148,1.7494850773901456,-5.642308235168457,-21.23149490356445,-43.046417236328125,-71.67668151855469,9.692701339721681,25.090621948242184,46.95518112182617,76.43299102783203
106.72245025634766,116.16113281250001,127.17185211181642,139.75301911023766,151.82553100585938,147.62210083007807,146.06198120117188,154.80807495117185,151.4906311035156,146.61102294921875,145.4821319580078,150.55429077148438
-3.575033187866211,-4.108815670013429,-4.747296810150146,-5.512885979100305,-6.796207904815674,-7.644598484039301,-8.118000984191886,-5.44670009613037,-6.020236492156978,-5.30938911437988,-5.578975677490229,-1.7649631500244158
