hips,spine,spine1,spine2,rshoulder,rarm,rforearm,rhand,lshoulder,larm,lforearm,lhand
0.057749716257816,-0.26001871202967086,-0.6323039506964863,-1.0628467071273304,-8.28444225404272,-21.895872506328597,-40.74715827617778,-63.832829344704294,5.170954800004599,18.743950588397798,37.20500936205675,64.16012728326572
-16.780986699321772,-17.554823075944363,-18.47566801939476,-19.5682621417622,-17.048708082644737,-9.470107844768604,1.5164520968007,18.687070539871335,-24.450260764337607,-31.83527268633074,-43.580153368389915,-56.08915481062864
57.644372001487255,48.22565876365991,37.2387188809993,24.68582106410892,12.70535580457701,17.03038824959694,18.603205656436018,9.911512367669388,12.920209830179004,17.679135555601334,18.487541245638567,13.372747287057848
1.1961114627851739,-3.2380140520537037,-3.406458606692944,-3.406458606692944,-34.45256726016005,-8.506174184561685,20.005349178460456,-24.253917100496732,41.74038861159189,-1.9477625155616962,15.786685324384056,-19.889912403655305
-1.1050353296351487,-1.1823612984207004,-1.3375739529689141,-1.3375739529689148,-84.61510282692429,-78.79035372200718,-74.5942251691984,-50.71406322626541,86.22431537885605,66.42416647061836,63.093424406943434,28.31044614945304
-1.1426766012610672,-1.1792386521078353,-1.2433430007575679,-1.2433430007575679,139.40665283854526,102.04748472715256,53.573294784601195,55.20615259144979,-65.92268129296687,-94.24959715502341,-66.60877063112609,-69.89843434835751
1.0296860933303833,1.2279994487762453,1.4675270318984988,1.7580978641005867,-5.630301952362061,-21.220323562622063,-43.04143142700196,-71.65144348144531,9.70440196990967,25.100896835327156,46.97398376464844,76.50937652587892
106.72541809082031,116.16481018066406,127.17634582519531,139.7584379333739,151.83448791503915,147.63609313964844,146.2244415283203,155.0181884765625,151.49472045898423,146.61030578613287,145.66909790039062,150.4747772216797
-3.5850212574005127,-4.105124473571776,-4.7281084060668945,-5.477040549469616,-6.746571063995358,-7.604958057403567,-8.234021186828615,-5.50251913070678,-5.966655731201176,-5.257833480834963,-5.555539608001716,-1.8433115482330416
