hips,spine,spine1,spine2,rshoulder,rarm,rforearm,rhand,lshoulder,larm,lforearm,lhand
-0.02742456606504895,-0.328981218782026,-0.6825816077493112,-1.0922900360918346,-8.318884940236968,-21.98778771599519,-40.98541827256241,-64.1819425473685,5.18800611810604,18.807609631198233,37.333655574396374,64.34442869674301
-17.053710807236936,-17.77945423315645,-18.644329846079785,-19.673285954167014,-17.14099925568728,-9.681316189637766,1.0671686741595483,18.12589570087836,-24.448840327269913,-31.763426316496904,-43.41942247473884,-55.904562642157316
57.653740712038655,48.230662213248664,37.238555129856735,24.679583798015386,12.704821228257828,17.055193039041,18.507686772970942,9.891185184177061,12.895027301813968,17.62945169670226,18.204242972122984,13.330542327937962
1.2720334386900967,-3.16357414081018,-3.3349501350519257,-3.334950135051927,-35.26996061441152,-11.351060825789864,21.68979910212982,-23.494874899656224,42.67505494039032,-2.2297758078833905,16.043274371793373,-21.72392621927352
-1.1218449111993278,-1.2046855576029758,-1.3709393761439854,-1.3709393761439856,-84.63407963927831,-79.86629771089643,-75.77814706682877,-60.80652328565098,86.27416966238775,67.92822909993062,64.82986670646514,35.92332906769862
-1.1647652643984439,-1.1998718704782758,-1.2610388919504152,-1.2610388919504159,140.20444436361055,104.438442795275,51.839101966152,52.6234555894992,-65.0060278759635,-94.04207978121167,-66.73156445979855,-69.49821804786912
1.0288753509521484,1.2307493686676023,1.4742009639739992,1.7687384402779065,-5.615516662597658,-21.206165313720703,-43.033439636230476,-71.64508056640625,9.718612670898438,25.113296508789073,46.99331283569336,76.59444427490234
106.72821044921875,116.16821289062501,127.18046569824219,139.76339107528534,151.84306335449222,147.65010070800778,146.4067840576172,155.1959686279297,151.49804687499997,146.60845947265634,145.8538818359375,150.3733978271484
-3.5929338932037354,-4.100525379180908,-4.7091965675353995,-5.442414961640105,-6.701534748077391,-7.574603080749514,-8.332159042358398,-5.6031951904296875,-5.9126958847045925,-5.200525283813481,-5.520693778991709,-1.9766085147857493
