hips,spine,spine1,spine2,rshoulder,rarm,rforearm,rhand,lshoulder,larm,lforearm,lhand
-0.10582974735182793,-0.3945405206084893,-0.7320811255024338,-1.120986020449298,-8.352009214065736,-22.077176135429163,-41.212498995214744,-64.49341973008049,5.205161232400121,18.870156961456868,37.43541848013383,64.47589829376328
-17.317417208917902,-17.997681763343863,-18.809190946402673,-19.776459117949692,-17.232987128406783,-9.890906250504154,0.6282281793335951,17.590017819736108,-24.44767379483556,-31.691659334639386,-43.292981190236134,-55.78988236344668
57.66133261253198,48.23445871561063,37.23777530213343,24.67324117429419,12.703521895263293,17.07675730830246,18.394098410148047,9.813937887089992,12.871410909815069,17.58353316705444,17.967060205181014,13.292020483583372
1.327739138851716,-3.103829798687567,-3.267115383623258,-3.2671153836232594,-36.1941552416414,-14.943436075591338,23.900415841854684,-18.205069857883895,43.88836061270448,-2.8043401138306487,16.128174190767716,-22.31162579397495
-1.1583497424246847,-1.246882080242842,-1.4245365274238593,-1.4245365274238593,-84.63371507639444,-80.98091110692975,-76.98399279881355,-70.78676587251927,86.31044686453035,69.31102924798076,66.44292059513444,42.33653376323867
-1.1709235138213359,-1.2092564787228788,-1.2768723365468257,-1.2768723365468255,141.110413241659,107.5604049524032,49.513118875212,48.252196565129275,-63.80943478412765,-94.20885419523745,-66.9419117574833,-69.8417849733299
1.0281357765197754,1.2311717271804812,1.476638555526733,1.774987744129116,-5.605070114135742,-21.195907592773438,-43.02779006958009,-71.62942504882814,9.72820568084717,25.120990753173828,47.004703521728516,76.66419982910156
106.73103332519531,116.17150115966795,127.18434143066405,139.76803720462607,151.85099792480472,147.66291809082026,146.5975341796875,155.41500854492185,151.50125122070318,146.60702514648435,146.0016174316406,150.28231811523438
-3.5970566272735596,-4.095462799072264,-4.692641258239744,-5.410945520143208,-6.6631164550781214,-7.55604457855225,-8.440364837646488,-5.697855949401857,-5.859940528869633,-5.138657093048097,-5.517199039459224,-2.169667959213264
