hips,spine,spine1,spine2,rshoulder,rarm,rforearm,rhand,lshoulder,larm,lforearm,lhand
-0.4136611384776303,-0.4590906760518623,-0.5196186445035551,-0.6078935057040736,-8.372697626931746,-23.861986181979194,-45.73028397224533,-75.77528819136168,6.984348956273207,22.52636846931224,44.41108957919362,74.54815324632538
-17.613334391290216,-18.335050213268893,-19.165477360697913,-20.08800538571329,-21.218626123196362,-21.40172837999092,-20.976199811580067,-20.199465673289293,-21.045088720908044,-20.886276627140766,-21.55059521817391,-22.4668327421885
57.652118849218425,48.22402432050414,37.22374487826875,24.65014069432138,12.798533226172424,17.43108700832761,17.809696544783748,17.94563357232701,12.710061477528114,17.163407168279463,17.31859429417952,17.684318999738622
0.2568768880632805,-4.0331664043891795,-3.913355245602199,-3.913355245602199,-17.470239754631965,5.8084064247047955,10.477979384638836,15.75094435051353,17.344237424595175,-13.657244558522416,-13.459618853511696,166.42447453692563
0.18681526587784525,0.1955616035537374,0.21262958819167652,0.21262958819167657,-85.2879472428779,-86.0644302414205,-85.77386291968762,-85.19926586322408,86.080044210201,85.63836907498316,85.55746737601768,94.06430971851358
-0.19092620852734524,-0.15142833273092457,-0.06372405239959195,-0.06372405239959196,123.66361746641091,84.79963821718428,79.41358506209919,74.25107099122782,-89.09087207168317,-104.41962374092252,-104.5101744659248,74.8205058703616
0.9390409588813782,0.968269467353821,0.9947049617767335,1.0055013002245414,-6.661886215209961,-22.17958068847657,-44.0535888671875,-74.10615539550784,8.69205093383789,24.199493408203125,46.08917999267578,76.23204040527342
106.64864349365234,116.08026885986328,127.0846633911133,139.6629738371217,151.57427978515588,147.05163574218747,146.8246002197266,146.8959503173828,151.55398559570355,146.99081420898438,146.68513488769528,146.1121826171875
-3.8316264152526855,-4.506528377532959,-5.2824296951293945,-6.142872805131054,-7.310368061065671,-7.709103584289551,-7.55715274810791,-7.154377937316892,-6.9456429481506365,-6.61613655090332,-7.009330749511713,-7.552970409393308
