hips,spine,spine1,spine2,rshoulder,rarm,rforearm,rhand,lshoulder,larm,lforearm,lhand
-0.1738895324086407,-0.4534518203278486,-0.7785896508182946,-1.1493722930992036,-8.384189117045077,-22.15821315436141,-41.414079954539176,-64.72547379928241,5.2166796107460005,18.921120312825284,37.49599309326228,64.52191919405517
-17.568349442250092,-18.205818155579713,-18.967027114160118,-19.875966546634558,-17.318956045087084,-10.082106115210689,0.23315752258228706,17.16244164611132,-24.451387717622573,-31.6343932935668,-43.2241939216582,-55.819547070989906
57.664967509383374,48.23483684896297,37.23418880389323,24.664752781425307,12.70022840440592,17.095085265479582,18.2593296987703,9.69769969693445,12.846855143934334,17.5376488465744,17.77716078733934,13.285888357768215
1.3651812445299325,-3.060315754443943,-3.2114536185450633,-3.2114536185450646,-37.14557079912032,-20.11719741304988,27.514744264434817,-6.509605305888704,45.31656791711478,-3.6109764659300376,15.663672602702329,-21.5325924108049
-1.2161883769970556,-1.3101858232553385,-1.4987929825909345,-1.4987929825909347,-84.60810509240663,-82.30571059472557,-78.34037527300481,-79.53027895862566,86.32443085838764,70.28154477186729,67.68377862635434,48.20959634719216
-1.1648459368263735,-1.2093354931144562,-1.2892693661015004,-1.2892693661015004,142.0466494624993,112.2414980317399,45.75249673237757,39.37322829080063,-62.39515520485434,-94.70939150753658,-67.67834395845584,-70.64303559484676
1.0276378393173218,1.2300513982772823,1.4760112762451176,1.7777096685211884,-5.598383903503417,-21.188798904418945,-43.02387237548829,-71.60673522949219,9.733752250671387,25.124616622924798,47.00931549072267,76.7275390625
106.73500061035156,116.17579650878906,127.18907165527345,139.77338075165216,151.8589172363281,147.6746826171876,146.8010711669922,155.6593475341797,151.50549316406253,146.60763549804682,146.10745239257807,150.16783142089847
-3.5983712673187256,-4.090598106384278,-4.6793980598449725,-5.385454169184811,-6.6359629631042525,-7.553373813629149,-8.560798645019535,-5.754708290100092,-5.8129177093505815,-5.075968742370604,-5.541281223297123,-2.4500613212585516
