hips,spine,spine1,spine2,rshoulder,rarm,rforearm,rhand,lshoulder,larm,lforearm,lhand
-0.23868035289904466,-0.5102879464759353,-0.824482264175681,-1.1789798082138239,-8.416645366147833,-22.233487811796124,-41.58858891484237,-64.93952368631395,5.222347904542547,18.961095555624553,37.537372014103795,64.51012394166791
-17.82463556932513,-18.421267248364614,-19.13267452798968,-19.97976283258543,-17.401044875348326,-10.260895208952935,-0.11600280652887385,16.8041550589586,-24.460759391388304,-31.5935759851965,-43.18299210437148,-55.96780363898641
57.66792707169431,48.234887891400064,37.23058573183242,24.65636028935978,12.698206120038208,17.116877451474096,18.122008239066247,9.65053744421499,12.821352973447404,17.48843798648693,17.605279955526044,13.335256347931704
1.3825817638851914,-3.0290191795548056,-3.152370684634626,-3.152370684634626,-38.13245642256027,-26.94729948828246,32.06069560146235,21.48004311055195,46.81538535359792,-4.389303080609947,14.499659224874005,-20.23538026044286
-1.300829836943062,-1.3921934849084228,-1.5755187178591001,-1.5755187178591004,-84.58103328363892,-83.57981839723033,-79.66930606863299,-85.85184633054206,86.33781610363918,70.82375706187152,68.56065871637097,53.974782369917065
-1.165600520511966,-1.211902273753573,-1.2955392863814827,-1.2955392863814827,143.0244721022714,118.57491175755972,41.192451533207695,14.661195597515007,-60.904089859053215,-95.2419919643244,-69.19477383716516,-71.7940668903053
1.0268325805664062,1.2300339937210085,1.4771904945373535,1.7808707311580432,-5.592533588409424,-21.18205451965332,-43.0192527770996,-71.60529327392575,9.738443374633787,25.127925872802727,47.01235580444336,76.7975311279297
106.74163818359375,116.18257141113281,127.19614410400392,139.78112825375186,151.8685302734375,147.6864929199219,147.01046752929682,155.84091186523438,151.5130004882812,146.61312866210938,146.1948089599609,149.99517822265625
-3.598576545715332,-4.0879201889038095,-4.670684814453125,-5.363739536042261,-6.612203121185305,-7.555033683776857,-8.66355991363525,-5.8025712966919,-5.76863002777099,-5.015618324279787,-5.566072940826421,-2.806656599044803
