hips,spine,spine1,spine2,rshoulder,rarm,rforearm,rhand,lshoulder,larm,lforearm,lhand
-0.30551168110757576,-0.5674007600251119,-0.86948422985949,-1.208377560365438,-8.449108538282996,-22.307650106243372,-41.73546213494356,-65.18460849862474,5.2271348620512885,18.999505372382117,37.58667100723174,64.48466555315417
-18.074011765792612,-18.63001734904423,-19.292266343750633,-20.079128109650064,-17.479901810500596,-10.435190377432084,-0.4179975792605912,16.457082216151623,-24.46754315524038,-31.550187439905773,-43.1227021828563,-56.15897818270507
57.66910824447095,48.233309156401646,37.225604786002634,24.647036804926955,12.695176611313173,17.136459643611232,18.010902148671903,9.72275745956594,12.795878052260406,17.44019520868079,17.42946477099025,13.458496600158213
1.4036712732277876,-2.998100191761787,-3.1018002271178924,-3.1018002271178924,-39.15812286302916,-33.3409173764326,35.65834938446795,-65.30612590119901,48.52508550890582,-4.9676698889042985,12.946180187243568,-19.360687102536065
-1.4066913290683287,-1.4951749815856905,-1.672717598731554,-1.6727175987315537,-84.53068374365108,-84.41367172857711,-80.66428084000972,-92.38119231096185,86.33061669071226,71.29955655877959,69.40541091525373,59.80947988611568
-1.1823164602372755,-1.2275634289617943,-1.3091306405144751,-1.3091306405144751,144.03336055125018,124.54529372227827,37.77164991157772,104.40323224993193,-59.21004798586744,-95.58120351496687,-71.24928716851153,-73.3092148122873
1.0256733894348145,1.2324527502059934,1.4835184812545776,1.791049045928947,-5.577647209167479,-21.16643142700195,-43.00497055053711,-71.62879180908205,9.751785278320314,25.138910293579098,47.02326202392579,76.88304901123048
106.74795532226562,116.18899536132811,127.20278930664062,139.78828848853726,151.8783111572265,147.70039367675787,147.19349670410153,155.9068756103516,151.51881408691412,146.6150360107422,146.28109741210943,149.73974609374997
-3.6028754711151123,-4.088712692260743,-4.665507793426515,-5.347422653880766,-6.59833908081055,-7.571447849273683,-8.741894721984862,-5.899710655212404,-5.728760242462157,-4.9534759521484375,-5.561401367187502,-3.1852571964263863
