hips,spine,spine1,spine2,rshoulder,rarm,rforearm,rhand,lshoulder,larm,lforearm,lhand
-0.3655030516333819,-0.6187948572586652,-0.9102431272216895,-1.2356230966465631,-8.480000901338395,-22.3766172234337,-41.85493061435785,-65.44643526709831,5.230598684390995,19.034295937550834,37.63833331993304,64.43582658595594
-18.336728911171626,-18.849286195234217,-19.45895143087398,-20.181423554096302,-17.555341825765144,-10.60273313763896,-0.6786526171890319,16.103146425887957,-24.475648794155624,-31.51432432113782,-43.05883117453391,-56.403584780964266
57.67025097178157,48.23176939331459,37.220742571310225,24.637955340759873,12.69417840157547,17.161411268375787,17.971517853297257,9.900782354781086,12.769032339502672,17.387006180410964,17.241725080093374,13.632483212192142
1.428004195377063,-2.9638625831700702,-3.0478038976666832,-3.0478038976666832,-40.22049861370037,-36.41815154131109,36.61609379018688,-17.02820135261634,50.31518119593202,-5.388706982683132,10.998737869795923,-18.040956995997274
-1.5257550936673359,-1.6084695279662438,-1.774445965090944,-1.7744459650909439,-84.47674914697623,-84.68696167703176,-81.18600789846573,-94.61079761656863,86.3204885158651,71.75328685801821,70.24237130975376,65.26782836623552
-1.1945819062258536,-1.2379493731767974,-1.31583870408686,-1.31583870408686,145.08576783749373,127.35573204519666,37.07513294885432,58.78992901204467,-57.42871945936394,-95.76391455758717,-73.82099191945055,-74.13583945878149
1.0261499881744385,1.2358589172363281,1.4898840188980105,1.7997457951497255,-5.56562566757202,-21.152963638305664,-42.99192428588867,-71.6690673828125,9.762184143066403,25.147426605224613,47.03193664550781,76.9675750732422
106.75337982177734,116.19454956054688,127.20861816406253,139.79469905020787,151.88650512695307,147.7108612060548,147.3085021972656,155.8759460449219,151.52484130859372,146.61898803710935,146.3728942871094,149.42095947265625
-3.6091489791870117,-4.090960502624513,-4.661144256591797,-5.331163800831163,-6.5844202041625985,-7.589295864105223,-8.791894912719725,-6.045076370239259,-5.68762683868408,-4.889121055603028,-5.533023357391361,-3.5883970260619993
