hips,spine,spine1,spine2,rshoulder,rarm,rforearm,rhand,lshoulder,larm,lforearm,lhand
-0.41933548116104147,-0.664967091405849,-0.9468934617864013,-1.2600868398613878,-8.508448421112947,-22.440852837462003,-41.95796923279487,-65.70724550900346,5.234602534067303,19.06816641110123,37.67523235773174,64.38903134993407
-18.594347434397775,-19.06337569381727,-19.620737051150414,-20.279970923631968,-17.626646077882143,-10.762713487118758,-0.9146082819326598,15.741364152230858,-24.48252093043008,-31.479716138557716,-43.01750830538809,-56.59657001375821
57.67207450636293,48.23111321436788,37.21706557100572,24.630497603845612,12.695163489702196,17.18806538997947,17.99185272416443,10.125850160817947,12.744314746153691,17.33598025754958,17.086350304641144,13.74015663868542
1.4503991111282168,-2.9332295476514147,-3.000769598240051,-3.0007695982400513,-41.230036113962925,-36.10502713281243,35.16043449722966,1.1127545742642935,52.09518714176567,-6.0464509446090515,9.428346540573546,-17.154430533007645
-1.6519928797119159,-1.7282484642715255,-1.8812926539367185,-1.8812926539367196,-84.41291033298043,-84.56017976143033,-81.33252016000809,-96.90363678562908,86.29815627744334,72.35121365168222,71.11736500538908,69.8930333203564
-1.2025080628746778,-1.2449376207406861,-1.3209785296505823,-1.3209785296505827,146.0869152017148,126.91777371446639,38.78963833616372,43.168684437976296,-55.65605016827139,-96.25643905904431,-75.86292730507542,-75.61180046239501
1.0295089483261108,1.2414799928665161,1.4978691339492798,1.8097824506871825,-5.552458286285402,-21.138162612915032,-42.97685241699219,-71.7066421508789,9.77361583709717,25.15705108642579,47.04041290283203,77.02688598632815
106.75843811035156,116.19976043701172,127.21408081054689,139.8006587655332,151.89390563964838,147.7200469970703,147.36325073242193,155.7964935302734,151.53056335449224,146.62310791015625,146.4350891113281,149.16844177246097
-3.614645481109619,-4.092739105224609,-4.657000541687012,-5.316650485621051,-6.574374675750731,-7.611850261688236,-8.833900451660162,-6.225618362426756,-5.648999214172365,-4.825334548950197,-5.524613380432134,-3.926113843917843
