hips,spine,spine1,spine2,rshoulder,rarm,rforearm,rhand,lshoulder,larm,lforearm,lhand
-0.476414749609523,-0.713854919824723,-0.9857390511612576,-1.2863445543554595,-8.536862809833805,-22.502252546145897,-42.05197201124984,-65.93995998649395,5.235628795934048,19.095733199305354,37.68176365943243,64.33383805023843
-18.85790552797671,-19.280874237997686,-19.783946479082,-20.379878161799716,-17.69659851802144,-10.916019139757669,-1.1342503498495322,15.39975317788479,-24.493264037237164,-31.454186220676924,-43.02432307065588,-56.748995680104194
57.670544762005406,48.227201405031366,37.21028947468548,24.620258722394993,12.692927142035614,17.209917770061452,18.03096662724718,10.329399814333101,12.717832657638724,17.284541663157,16.972033633164216,13.729409329127236
1.4746889307301834,-2.9052936420363755,-2.965536516317655,-2.965536516317655,-42.14903478669364,-34.6718139314975,32.864384858234565,10.09713965053108,53.82128354339516,-6.9810925278340905,8.228082088399628,-17.206311293997466
-1.7760480607577755,-1.8487244514917134,-1.9946133366685788,-1.9946133366685788,-84.3356751100644,-84.27538221571687,-81.29725120387482,-99.3288987887999,86.25899952746164,72.72979732703186,71.67009770183834,73.3965297102968
-1.209753329518302,-1.2531391382168997,-1.331110064923297,-1.3311100649232965,146.99254816856737,125.41627898060865,41.27185309299798,36.81475103038186,-53.94252196156181,-97.1208586106747,-77.27993941570352,-78.70128064518094
1.0317832231521606,1.2458666563034055,1.504851222038269,1.8200344417577587,-5.537805557250978,-21.122056961059556,-42.959999084472656,-71.72956848144531,9.786335945129395,25.167339324951165,47.047748565673835,77.06007385253908
106.76263427734375,116.20410919189453,127.21864318847658,139.80554511491684,151.90066528320324,147.72982788085938,147.39489746093753,155.73428344726562,151.5343933105467,146.6240539550781,146.4517364501953,149.02720642089847
-3.6186556816101074,-4.092716693878174,-4.651571750640868,-5.3034398468225055,-6.568944454193112,-7.639829635620115,-8.881102561950685,-6.413331985473631,-5.613256454467774,-4.761748790740968,-5.551846504211437,-4.194788932800295
