hips,spine,spine1,spine2,rshoulder,rarm,rforearm,rhand,lshoulder,larm,lforearm,lhand
-0.5401601969241572,-0.7666990062678729,-1.0264756425234882,-1.3146379176295673,-8.56580003107553,-22.560792659125788,-42.14040964394007,-66.14366388496614,5.2326949915432035,19.1157726974048,37.665738710908826,64.26918416743952
-19.134537116338485,-19.50842055106849,-19.954271733582576,-20.484891983204648,-17.766561801371797,-11.063608651153821,-1.3425767459870048,15.087633855385803,-24.510315007640997,-31.44195784681724,-43.068998862721806,-56.88886833241196
57.667347461794805,48.22165876956991,37.20198360876566,24.608740291949488,12.68975635337111,17.23090128367579,18.0613129433832,10.497233623026773,12.690188358880874,17.231562349560818,16.88855042770288,13.650935349888925
1.5106802971816269,-2.871109063810735,-2.9349988964649683,-2.9349988964649683,-42.94677703737627,-33.6392702321251,30.922898906930143,13.895639362882951,55.33603155870399,-7.998884204022317,7.165446363751104,-18.750801182907995
-1.8876275341958246,-1.9572345549375294,-2.0969771110315816,-2.096977111031581,-84.2640312310649,-84.03066164746019,-81.26289935769327,-102.12609893907678,86.21977250552767,72.74378776109656,71.80541464922464,75.71825925834067
-1.2274600868638588,-1.2681953098738474,-1.3408700026147484,-1.3408700026147486,147.77768340474057,124.29537859958651,43.3431674262643,35.95408787965446,-52.439701533822415,-98.14315644381715,-78.40423356969195,-83.64937894364658
1.0336741209030151,1.251405954360962,1.5141260623931885,1.8323802372209228,-5.521345138549805,-21.104270935058597,-42.941581726074205,-71.74047851562497,9.800992965698242,25.17969512939453,47.055564880371094,77.08082580566406
106.76448822021484,116.20618438720703,127.22097015380861,139.80814246425808,151.90498352050784,147.737045288086,147.43222045898438,155.7052307128906,151.5359191894531,146.62283325195315,146.4320526123047,148.94580078125003
-3.623278856277466,-4.091370582580566,-4.643620967864992,-5.2887411813888345,-6.56153678894043,-7.6624960899353,-8.922807693481445,-6.576709747314459,-5.578470706939699,-4.70171356201172,-5.605541229248052,-4.431220054626469
