hips,spine,spine1,spine2,rshoulder,rarm,rforearm,rhand,lshoulder,larm,lforearm,lhand
-0.6073986209182669,-0.821821523702027,-1.0684920746939706,-1.344043219024659,-8.594006468400448,-22.615262915021745,-42.22271927292276,-66.32305135243134,5.226976884320715,19.12925782088818,37.648235947204775,64.2018076872727
-19.435485003659398,-19.756844837059326,-20.14072826307686,-20.59898066105122,-17.835546318890604,-11.205936904545398,-1.5395492088889675,14.811710107282696,-24.533048575246944,-31.444589155027614,-43.120011257008485,-57.037954991844416
57.66323091270418,48.21533659271661,37.19303669296181,24.59667019745021,12.687318653442247,17.255085549871637,18.065582554679423,10.640457380243248,12.660656630921807,17.173828512814282,16.80392053902466,13.57648567540727
1.5454468051227241,-2.8359951874048583,-2.8992232937591114,-2.8992232937591123,-43.63523626827707,-33.616156365568024,29.949809634427897,15.61651456829098,56.5594576443664,-8.82306415709685,6.000401931277654,-21.335522540814935
-1.9802931609485526,-2.0441255058062313,-2.1723312725142514,-2.172331272514252,-84.21729391652681,-83.96321177819657,-81.36704976488552,-105.21808379310255,86.19942250023436,72.54805230683823,71.72627886628011,76.98197283449844
-1.2455309752458317,-1.2800700652426098,-1.3403628966462593,-1.340362896646259,148.46450687456988,124.11277354973151,44.44008883942037,37.43703294256627,-51.21712978305289,-98.98615573872729,-79.64798069297859,-88.99303733191529
1.0363606214523315,1.2576367855072024,1.5232436656951907,1.8419460696770817,-5.510475158691407,-21.091800689697273,-42.92906188964842,-71.75445556640624,9.810559272766113,25.188240051269524,47.059322357177734,77.09704589843751
106.7642593383789,116.20614624023438,127.22119140625,139.80875417808247,151.90612792968753,147.7383422851562,147.49301147460935,155.69947814941406,151.53695678710932,146.6238403320312,146.40892028808597,148.85353088378912
-3.6266772747039795,-4.089024543762206,-4.634497642517091,-5.271729802339305,-6.547128200531006,-7.671274662017824,-8.944906234741207,-6.692628383636477,-5.543910980224607,-4.649623870849609,-5.656814098358156,-4.668528079986572
