hips,spine,spine1,spine2,rshoulder,rarm,rforearm,rhand,lshoulder,larm,lforearm,lhand
-0.6814324991454082,-0.882863137738843,-1.1151289727395022,-1.375940799060193,-8.622688759130867,-22.670949687293437,-42.30085193217357,-66.48051602794663,5.220786254825215,19.141518154003567,37.64693639823508,64.1496302541218
-19.734770463318696,-20.00195783801029,-20.323036328035244,-20.71043175985543,-17.903567134624627,-11.347264644020722,-1.7215126874351405,14.567813978772488,-24.554315867537944,-31.444689356459385,-43.14016106787818,-57.16963350391755
57.65696914484859,48.20710714789337,37.182479700792356,24.583421221949806,12.682277122096224,17.272753369190497,18.02213536287394,10.719694442747908,12.632210088712782,17.12078670847262,16.70700492154674,13.545235371917244
1.5793801583435942,-2.805876421197078,-2.8767535636794435,-2.876753563679443,-44.22128289396636,-33.962944016964514,29.582013395265086,17.385833960769567,57.69045314219332,-9.405564675774398,4.823201826307495,-24.103209576539548
-2.050697911417545,-2.1177312074059795,-2.252337145984559,-2.2523371459845585,-84.15913116675405,-84.01590298142833,-81.55234484097184,-108.50478731133776,86.16427382185431,72.49431103722877,71.79050548306918,77.87239985530908
-1.261066414791789,-1.2928479455920319,-1.3476090794390478,-1.347609079439048,149.0411641694388,124.20276904243465,44.90157747935049,39.32167875145817,-50.09500725771256,-99.5566821522772,-81.00235208939316,-93.45491156477681
1.0386461019515991,1.262856006622315,1.531412363052368,1.8524080920488117,-5.496870040893555,-21.07704544067382,-42.91519546508789,-71.76115417480469,9.822696685791016,25.19855117797852,47.06629943847657,77.11962890625001
106.76222229003906,116.20430755615234,127.21957397460936,139.8073290240615,151.90597534179696,147.7403411865234,147.59365844726562,155.74740600585932,151.5347442626953,146.61958312988284,146.39854431152344,148.7192077636719
-3.6304264068603516,-4.087165832519531,-4.626825332641602,-5.259088837516148,-6.540472507476805,-7.688007354736319,-8.962143898010252,-6.782458305358881,-5.515861034393312,-4.601731300354004,-5.678070545196523,-4.88587474822999
