hips,spine,spine1,spine2,rshoulder,rarm,rforearm,rhand,lshoulder,larm,lforearm,lhand
-0.7757440683791657,-0.9602673915665367,-1.1735335386132666,-1.4142939270228714,-8.65022086768867,-22.722218052333666,-42.37368663692573,-66.6444242438664,5.210354534842707,19.141939502519357,37.65008958701037,64.11895661402846
-20.034962953815754,-20.248884166861938,-20.507519431521338,-20.82287687181044,-17.96595144845505,-11.472228381261829,-1.883497338921071,14.312742593455322,-24.580835702392726,-31.461330094932144,-43.15025358557621,-57.25980595390422
57.6498615683623,48.198299979423595,37.17165397575903,24.570187525267443,12.67438336128265,17.281135880431606,17.932964327900834,10.726347817240196,12.607105495047165,17.07712535358172,16.603912108200035,13.51593202355744
1.6108812523268048,-2.7749257984920273,-2.846939247526408,-2.8469392475264077,-44.62780573573005,-33.45427599721202,28.38349789394617,18.229081089109947,58.338288098779714,-9.877466908961525,3.90457801730083,-27.824086199756067
-2.098577396826159,-2.1601562449458713,-2.2838392677755452,-2.283839267775545,-84.14632421874441,-83.94910831692945,-81.64870839394362,-111.66956050055475,86.16565043246156,72.71448331705409,72.1067231626346,79.3536125456686
-1.2707641882990763,-1.2986756008575855,-1.3457119968747258,-1.3457119968747255,149.44864744280818,123.36932418627543,46.17565310464297,42.9763000400757,-49.445550520374965,-99.96383034855252,-82.09183573497434,-98.907319788233
1.0446058511734009,1.2706117630004885,1.5404703617095945,1.861143488557379,-5.4880647659301784,-21.06738281249999,-42.90616226196289,-71.77178955078125,9.830944061279297,25.2065486907959,47.072525024414055,77.13846588134767
106.75894165039062,116.20123291015625,127.21675109863281,139.80484220030002,151.90373229980466,147.73783874511722,147.71409606933594,155.82530212402344,151.53280639648435,146.61801147460938,146.41807556152335,148.6220092773438
-3.632143259048462,-4.08367919921875,-4.61737585067749,-5.2430784513453075,-6.522459030151365,-7.680860042572019,-8.952083587646488,-6.8769664764404315,-5.489428043365476,-4.569149017333986,-5.685207843780515,-5.054424762725837
