hips,spine,spine1,spine2,rshoulder,rarm,rforearm,rhand,lshoulder,larm,lforearm,lhand
-0.48454590754246835,-0.5163463101411422,-0.5611364538842436,-0.6317954753365077,-8.380448569383354,-23.877094633979816,-45.744125584113995,-75.787491129107,6.977004875399829,22.51240105506697,44.39385047751054,74.52613142899467
-17.5953396363566,-18.322728804338706,-19.15888473333504,-20.08589212673804,-21.2067606153597,-21.359975598044482,-20.90253954474941,-20.07091213450882,-21.061192275149285,-20.929008597565204,-21.687532584874997,-22.733113972114687
57.64933416213924,48.22160958196443,37.22168836765587,24.64830230113023,12.785203196716338,17.39403238470399,17.810505187725568,17.975875909290636,12.720241216641512,17.197382891805688,17.38115809167934,17.78971429552641
0.2437684599592043,-4.041708719973572,-3.9127736019126895,-3.912773601912688,-18.215552624817853,4.41071574001295,9.45952149534635,15.346689336915889,18.424736617259093,-14.112284608981694,-13.907718733696248,166.25627890569154
0.10600134513224667,0.11706574030478531,0.1387578978648696,0.13875789786486964,-85.24701947330435,-86.06719573521141,-85.77608654202463,-85.18227200194134,86.07867839798378,85.49409316981031,85.41433014987439,94.19043090852738
-0.22725780354727887,-0.18688836570222667,-0.09742965101119877,-0.09742965101119878,124.37267697856481,86.3478596862752,80.54031139920824,74.73607955910651,-88.04659287045496,-104.89002525326715,-104.98024210452681,74.60295595683638
0.9147647619247437,0.9509212374687195,0.9852265715599061,1.0045320943528364,-6.654335021972656,-22.17411994934082,-44.0477294921875,-74.1008529663086,8.699103355407715,24.203386306762702,46.09249496459962,76.23440551757812
106.6478042602539,116.07926177978516,127.08351898193361,139.6618277475677,151.57765197753895,147.06414794921875,146.77842712402344,146.79161071777344,151.54832458496105,146.9760284423828,146.66302490234375,146.07652282714844
-3.8298697471618652,-4.506921291351318,-5.284466266632079,-6.14478508881368,-7.322061061859123,-7.740842342376715,-7.625477313995362,-7.261663436889648,-6.937540054321298,-6.588079452514645,-7.007497787475586,-7.586943626403811
