hips,spine,spine1,spine2,rshoulder,rarm,rforearm,rhand,lshoulder,larm,lforearm,lhand
-0.8832408431770515,-1.0495321734969525,-1.241586508390379,-1.4582488648799878,-8.678500096282066,-22.773590810002773,-42.44292494586796,-66.8010744752809,5.197035162163406,19.135753524000254,37.6530251595769,64.11992244958051
-20.32165559466844,-20.48403696124914,-20.682977061304808,-20.93109970881143,-18.026467062141577,-11.589179312914398,-2.0291998279014862,14.069610691408496,-24.609810159853836,-31.48300093106275,-43.15366107469646,-57.25959464403597
57.64019777477107,48.18726779158558,37.15898871830905,24.5555818313712,12.66179879477437,17.27708128764067,17.799332803361835,10.669653614445195,12.584863464739897,17.043865001181672,16.484293343000417,13.363192673543665
1.634974772588456,-2.7530000444103475,-2.8293457929130676,-2.8293457929130694,-44.81879936905092,-32.75114720494636,27.164070244454596,19.656334260459193,58.608588864094145,-10.35234890417113,3.5032632469582667,-37.80418889587625
-2.1211199211416476,-2.1779968761634256,-2.2922954844174246,-2.292295484417424,-84.14748676223238,-83.89244830042558,-81.7396374837362,-115.17824961276163,86.17305709795524,73.07372942224819,72.51812823266077,81.99643808729793
-1.2654581609684667,-1.294264868234816,-1.3430851733283773,-1.3430851733283773,149.64196958837277,122.28720039643464,47.46414418647989,46.58061586567884,-49.17252326770084,-100.28254223003846,-82.45438599686454,-112.6252695136618
1.0517010688781738,1.276864051818848,1.5458850860595703,1.8659232915366613,-5.48379039764404,-21.062667846679688,-42.901824951171875,-71.78576660156247,9.835081100463865,25.21082687377929,47.07574462890624,77.14273071289061
106.75586700439453,116.19837188720703,127.21411895751953,139.8024178452096,151.90127563476562,147.73483276367188,147.85508728027338,155.92695617675787,151.53092956542972,146.6167449951172,146.47584533691406,148.68612670898438
-3.6322970390319824,-4.079855918884277,-4.60933256149292,-5.231167944736828,-6.508016586303713,-7.67009210586548,-8.92922496795654,-6.957849502563485,-5.4727272987365705,-4.551560878753665,-5.697115898132334,-5.14368343353272
