hips,spine,spine1,spine2,rshoulder,rarm,rforearm,rhand,lshoulder,larm,lforearm,lhand
-0.9966761382613623,-1.1442136434715962,-1.3141078754371391,-1.5047934598890182,-8.707992629763964,-22.82769606704888,-42.51097843774166,-66.95949244122198,5.183352992554334,19.129430983112172,37.66108575238867,64.16277801759045
-20.587159328168667,-20.699741996300975,-20.842883469088868,-21.032504394092033,-18.089400482561437,-11.707343126026432,-2.1688539140938836,13.831852877821731,-24.63927630765122,-31.50007874049531,-43.14151770578861,-57.14042316949295
57.62635745129862,48.17239293928131,37.142881149463406,24.5380386079907,12.643377719073499,17.260170511851214,17.626249783939556,10.58560958955701,12.563744848674531,17.018755031259275,16.338781512525003,13.036517789742021
1.6538215011148545,-2.743974580834719,-2.839948473851961,-2.8399484738519605,-44.733422257489046,-32.21152627560563,26.27060469372162,21.463387897693593,58.51477471786836,-10.794944560292569,3.6894068472851496,-71.89488129627549
-2.11869892721303,-2.1767495744093908,-2.2934272713373764,-2.2934272713373756,-84.14134901658882,-83.92035735551154,-81.89745789459573,-118.65642419807834,86.16443035039846,73.41399930215536,72.86259694315916,84.33209132681974
-1.2468385720824062,-1.2822515663619694,-1.3442516953938553,-1.3442516953938548,149.55544969343822,121.32460083982308,48.47297085772327,49.93767505459477,-49.267711152557524,-100.45831467633498,-81.94767435727819,-153.11806355978203
1.0605970621109009,1.2825634479522703,1.549199223518372,1.8695965188258632,-5.479760169982912,-21.05874633789062,-42.89777755737306,-71.80589294433594,9.839081764221195,25.2146644592285,47.07869338989258,77.13240051269531
106.75428771972656,116.19701385498045,127.21290588378909,139.80108042957397,151.89990234374991,147.7336730957031,148.01620483398438,156.0242309570312,151.52932739257824,146.6148986816406,146.5758819580078,148.95535278320315
-3.6319823265075684,-4.076438426971435,-4.604180812835693,-5.228344061233799,-6.507547378540037,-7.6690897941589355,-8.904114723205568,-7.02916097640991,-5.471953868865966,-4.5496392250061035,-5.720284461975107,-5.148620605468758
