hips,spine,spine1,spine2,rshoulder,rarm,rforearm,rhand,lshoulder,larm,lforearm,lhand
-1.1149910764182547,-1.2416146400466808,-1.3878252872407146,-1.5530697371705244,-8.737933995619938,-22.87841743362935,-42.57398976270228,-67.11532793652496,5.1654750052019045,19.115150150988796,37.681825398417445,64.18779049480153
-20.847129247447704,-20.91008480806118,-20.998545108937194,-21.13302436833147,-18.15067870939795,-11.814670705697013,-2.296434933286214,13.614928805858106,-24.674896104640233,-31.529896251210662,-43.10607861225557,-57.07597432513288
57.609481845200165,48.15474191386315,37.12432300506781,24.51841239999058,12.622425068668491,17.239011304384064,17.429936802288353,10.510763128923458,12.541763696484821,16.99443037212373,16.17133462508349,12.781363597329516
1.6779685858663704,-2.736323255480571,-2.865280290460986,-2.8652802904609866,-44.412579135443856,-32.95225989193656,26.164137676313906,23.58009589773955,58.02002002331936,-10.680893145523227,3.3327176905348237,72.33292671613934
-2.094972408434815,-2.1536541208487314,-2.2716365322576717,-2.2716365322576713,-84.14798799443017,-84.13996952511927,-82.27088847179402,-121.3719336824127,86.16010847979507,73.49866435979327,72.97519354503889,97.26675944707867
-1.234785392819756,-1.2743248982104016,-1.344526326814197,-1.3445263268141971,149.23500191293235,121.60631017041463,48.76112055297475,52.84329543253289,-49.76265198969607,-100.01504958436752,-82.1392749253353,-16.076849658310497
1.0698704719543457,1.2895244359970093,1.5543698072433472,1.8748042225068549,-5.474781036376952,-21.054302215576175,-42.89144134521484,-71.83317565917966,9.84445571899414,25.22028160095215,47.08509826660158,77.1336669921875
106.75360870361328,116.1965866088867,127.21258544921874,139.8004815184277,151.89892578125009,147.73254394531256,148.19331359863278,156.10046386718747,151.52844238281244,146.6140594482422,146.70402526855472,149.16090393066406
-3.6343164443969727,-4.074798583984376,-4.601078510284424,-5.230814104757558,-6.512382507324219,-7.666037559509279,-8.880895614624022,-7.098557472229,-5.482611656188966,-4.564176559448242,-5.716831207275386,-5.203664302825922
