hips,spine,spine1,spine2,rshoulder,rarm,rforearm,rhand,lshoulder,larm,lforearm,lhand
-1.2239840372439064,-1.332095242873923,-1.4574280291336836,-1.6004509293632356,-8.76634699747596,-22.91901190519716,-42.62193113445536,-67.2524535323499,5.141404108977356,19.087678509586116,37.7016794851097,64.13173522063305
-21.13456218861039,-21.14472198621804,-21.173465268863715,-21.243998091399458,-18.205833474853733,-11.902390078931557,-2.39755674131176,13.449421877235203,-24.720682926221063,-31.589316435068838,-43.07833871710157,-57.23089228384203
57.59016807734824,48.135002203363285,37.10400556282579,24.497303291668857,12.604003828952187,17.227830875748197,17.249387622517702,10.501283714680596,12.514655775531935,16.956968879778287,15.993367602940907,12.77285965962767
1.6933331328174936,-2.7313830453168,-2.8811683773255528,-2.881168377325553,-44.080893099294485,-35.56068070235618,26.994275054317974,25.894028858089396,57.409323342763706,-10.081297139886813,1.7263297594455145,68.0014695148704
-2.054327523927946,-2.113094448318674,-2.2312663859073556,-2.231266385907356,-84.17525344385035,-84.55611684054064,-82.88815644253762,-122.8502155922888,86.17481222944494,73.44366515834685,73.02086797736996,99.20540197595565
-1.2197805484274595,-1.2603510894152348,-1.3325874412041272,-1.3325874412041272,148.9163520435794,123.76156695757015,48.186462397894026,55.37685060235569,-50.36067068133564,-99.11765662369393,-84.05224736651617,-25.562219679163164
1.0790728330612183,1.2958536148071294,1.5576058626174931,1.8751055332380764,-5.47778129577637,-21.057294845581048,-42.890350341796875,-71.87608337402341,9.84225940704346,25.21971130371094,47.08680343627931,77.15405273437501
106.7525634765625,116.19571685791016,127.21183776855469,139.79963229240101,151.89628601074216,147.72653198242188,148.36552429199216,156.13088989257812,151.52909851074224,146.61799621582034,146.8294372558594,149.0887451171875
-3.6370863914489746,-4.0750513076782235,-4.600396156311035,-5.233638264211339,-6.51313304901123,-7.654626846313475,-8.86157512664795,-7.172596454620366,-5.494156360626223,-4.585371971130373,-5.677510738372799,-5.412298202514652
