hips,spine,spine1,spine2,rshoulder,rarm,rforearm,rhand,lshoulder,larm,lforearm,lhand
-1.3303458864833677,-1.4213892590351531,-1.5266534533324965,-1.6463773370745958,-8.790708030820882,-22.952771184696633,-42.66217330961059,-67.38303009502167,5.118081260805157,19.057085741920904,37.70928172382024,64.05237695981748
-21.437123810215738,-21.39289639951477,-21.35863262986674,-21.358173417700957,-18.253984831234543,-11.978493301155144,-2.487832171480882,13.298565391171795,-24.766444817171212,-31.65821163924044,-43.07576400203827,-57.44190274154185
57.571643456371675,48.11640449009471,37.08521978319405,24.47807742009593,12.58886914281527,17.221969186453578,17.09723680578489,10.540377542849313,12.488521617992348,16.917856284982292,15.849014175908536,12.870912316809353
1.6880556870943741,-2.7383323247261955,-2.891441955188837,-2.891441955188837,-43.798593333700545,-39.24564567842997,28.002175650261538,27.33052717854222,56.85906687217822,-9.786429039483227,0.033463167149952414,67.40198887450819
-2.00276014635891,-2.065546817329607,-2.191786188524737,-2.1917861885247363,-84.20437512408975,-84.97666417134737,-83.55992323597256,-123.42072159026681,86.19277069369448,73.79855767979397,73.47541841377266,100.4220412394008
-1.204716379393571,-1.2468627440335827,-1.322232224594045,-1.3222322245940445,148.64544942670815,127.04494000944594,47.46223718821364,58.67028653765264,-50.89974810354568,-98.6369977679212,-86.20494716368454,-29.016077209289566
1.0889031887054443,1.3028366565704348,1.5616064071655271,1.8764785149240608,-5.479393959045408,-21.058979034423828,-42.88657760620117,-71.91973876953125,9.841407775878906,25.22035026550293,47.08911895751954,77.17726135253908
106.75347137451172,116.19664001464844,127.21276092529297,139.80050689893255,151.8956604003906,147.72300720214847,148.52055358886713,156.12936401367188,151.53131103515634,146.6230163574219,146.91622924804682,148.89546203613284
-3.635054349899292,-4.073902130126953,-4.600598335266114,-5.236113434625497,-6.512484550476071,-7.642500877380364,-8.8543586730957,-7.271617889404299,-5.504065990448003,-4.605137348175047,-5.643560409545893,-5.638624191284179
