hips,spine,spine1,spine2,rshoulder,rarm,rforearm,rhand,lshoulder,larm,lforearm,lhand
-1.4443413212426277,-1.5152271515995503,-1.5970534769385039,-1.6901639260431778,-8.809868939274175,-22.982650823161293,-42.694302995748245,-67.51528352910859,5.10012484697077,19.030825456328948,37.71760587669465,64.05372974609506
-21.67978988039326,-21.59115589038717,-21.505846189419906,-21.448793687396904,-18.29230272594206,-12.039775892083926,-2.5560174762963435,13.146495997267827,-24.802196324812932,-31.711725422593762,-43.067041555617905,-57.46676895960665
57.556198701185835,48.101089991051396,37.06997559932955,24.462737676655195,12.572531198699863,17.203845193828926,16.964552228803313,10.586872732770104,12.472315431813485,16.900084263092623,15.774080255144867,12.898033160432533
1.6749088100263547,-2.755199339014843,-2.9157290007748027,-2.9157290007748045,-43.38125723995294,-40.54429717320146,27.347548796155376,27.98905570949332,56.140351696366324,-9.812891803212404,-0.4513887540090973,58.727719612129555
-1.9446857534894666,-2.012868122698201,-2.1499034929355183,-2.1499034929355187,-84.22832500369806,-85.13346871834577,-83.93065312915417,-124.09179409557973,86.20114621439554,74.54260067121385,74.25304742823072,102.87362302940004
-1.2046808657128913,-1.2479803109423848,-1.3256274618555792,-1.3256274618555794,148.2259252934592,128.0442245335467,48.423291151523024,62.389568560161486,-51.621180157281714,-98.57533898001084,-86.8923162863606,-41.030642981874315
1.0981521606445312,1.31170654296875,1.5703175067901611,1.8856650131359547,-5.470242500305174,-21.05095672607421,-42.87429046630859,-71.95624542236328,9.851276397705078,25.230506896972656,47.10063171386719,77.19613647460936
106.75834655761719,116.20143127441403,127.21740722656251,139.8048699908151,151.90005493164062,147.72811889648432,148.64189147949216,156.08726501464844,151.53495788574213,146.62586975097656,146.9654083251953,148.82864379882812
-3.629709243774414,-4.070738792419434,-4.600693702697755,-5.241560062740554,-6.51740121841431,-7.634182929992671,-8.84053707122803,-7.3807053565979,-5.5201811790466255,-4.63064670562744,-5.625235080718999,-5.6897597312927175
