hips,spine,spine1,spine2,rshoulder,rarm,rforearm,rhand,lshoulder,larm,lforearm,lhand
-1.5889490820037553,-1.632290407132059,-1.6826601353847073,-1.7413672784125382,-8.829101545322693,-23.015498999056817,-42.72894340816603,-67.65393892654482,5.082167711466993,19.001852306194728,37.72532093776912,64.1142286768803
-21.86132041022806,-21.73908898713426,-21.61598871880716,-21.51896367550995,-18.325862133657573,-12.090210196193887,-2.6125834062626083,12.98122250203755,-24.833282530252962,-31.75469775237812,-43.04716711075457,-57.34858622302038
57.54128082992821,48.08638569474584,37.05544591148433,24.44824510420881,12.548703202382285,17.161108522263362,16.840178411686907,10.603012851731023,12.465821346800823,16.90966811073224,15.761782666458203,12.878963128705152
1.66394563724476,-2.7743220762233274,-2.951166314704917,-2.9511663147049174,-42.79260536060776,-38.3613021990833,24.508966482439437,28.21374006974036,55.146912403676446,-9.70666152654696,-0.01609929698886838,53.086854732804795
-1.8850478921384917,-1.9544528418425018,-2.093944219700938,-2.0939442197009375,-84.25832654195726,-84.96163997405544,-83.89282655862117,-124.68027670240332,86.20908236007921,75.02595982637577,74.72210460144949,106.45118680041004
-1.2216247370760434,-1.2649863388370983,-1.342711546048959,-1.3427115460489585,147.62185179504854,125.68805698524596,51.563147304663204,66.24838450551984,-52.63084132144851,-98.40809879808042,-86.4187854071286,-51.83484153027507
1.1044774055480957,1.3204228878021247,1.5818847417831425,1.9006348410523985,-5.452654361724853,-21.03582572937011,-42.85716629028319,-71.98492431640625,9.869730949401855,25.248268127441417,47.11964797973633,77.21343994140626
106.76412963867188,116.20706939697266,127.22279357910159,139.80977080263196,151.90657043457037,147.7389831542968,148.71658325195315,156.00621032714844,151.537139892578,146.6236419677734,146.99597167968744,148.88789367675784
-3.6247785091400146,-4.067629814147949,-4.601279258728029,-5.249951233752182,-6.525705337524416,-7.62456703186035,-8.816913604736328,-7.490464210510254,-5.543447017669675,-4.666227340698241,-5.620112419128417,-5.6224145889282235
