hips,spine,spine1,spine2,rshoulder,rarm,rforearm,rhand,lshoulder,larm,lforearm,lhand
-1.7607241734098444,-1.7732485389005226,-1.7874477038816248,-1.8043189411690248,-8.851411029542811,-23.05078994379237,-42.77286160642404,-67.78210923318058,5.057715049449012,18.960110429151698,37.6941763082376,64.08609212040402
-22.060744497048454,-21.90229124603693,-21.73804934195444,-21.596559320407835,-18.35889697524803,-12.134272343105593,-2.6767017021743875,12.814509990296127,-24.87115045446017,-31.813361653240484,-43.08614423203319,-57.38404777056655
57.52321359413817,48.06875285549614,37.038239484079966,24.431333895562517,12.519695955871384,17.10702181447911,16.73092212972486,10.575886949293249,12.459992089178343,16.92551473394562,15.757015258477537,12.884402374428817
1.6519551085232753,-2.7908952029577625,-2.976896236679003,-2.976896236679002,-42.28013738991369,-35.96196953622126,21.087248124157867,27.915308252750478,54.23773604264895,-9.712254967760114,-0.23403860703110793,53.411937717826035
-1.8275530879131046,-1.8974061516814766,-2.037823054039658,-2.037823054039658,-84.29292468088646,-84.62294594056095,-83.68869831743324,-124.32170091834537,86.22364544689812,75.04271670388094,74.74894156030197,107.68197343710762
-1.2286845580994876,-1.2756651829577548,-1.3606100017305207,-1.3606100017305203,147.09311445417083,123.20321007098636,55.19495795032183,70.52105397045061,-53.55687055532823,-98.3179078411349,-86.59650367216258,-57.030593802011815
1.1068196296691895,1.32354462146759,1.5866304636001591,1.9088713997175495,-5.441704273223874,-21.02733421325684,-42.84675216674806,-72.00742340087889,9.881523132324217,25.25931930541993,47.13007736206055,77.22276306152342
106.76643371582031,116.20927429199219,127.22480773925783,139.81140240628307,151.9100799560547,147.7471466064453,148.75263977050784,155.93363952636716,151.53601074218747,146.61782836914065,147.02688598632812,148.9359130859375
-3.620851993560791,-4.065693855285645,-4.602546691894533,-5.256892204402928,-6.530517578124998,-7.612181663513182,-8.81600379943848,-7.627281665802001,-5.563267707824707,-4.699176788330079,-5.652516365051266,-5.684974670410162
