hips,spine,spine1,spine2,rshoulder,rarm,rforearm,rhand,lshoulder,larm,lforearm,lhand
-1.9307379123204367,-1.9152672669288702,-1.8954915166362682,-1.8705265130160142,-8.874292595288036,-23.08119977443623,-42.81557919493769,-67.88937929165778,5.027068693503097,18.906224580319922,37.623295210364994,63.95320457929714
-22.30061032692542,-22.099835704518302,-21.88604721718525,-21.68753391538531,-18.38742305722894,-12.166240955290434,-2.7361382904824936,12.672237226459636,-24.91635618857885,-31.89569583341322,-43.194989802177005,-57.62210142270243
57.50281398390885,48.04916110131413,37.01950483687729,24.413381650098557,12.49334527027284,17.061922952645034,16.642241568911544,10.54215398421627,12.450054081470483,16.929956086025612,15.745640901761902,12.950901048417222
1.6283515715988273,-2.810419247694253,-2.9882300798847807,-2.9882300798847803,-41.94394998557454,-34.948180810613586,17.929251298032618,27.555514891121668,53.588297519627815,-9.908503309043224,-1.2538288346273,55.814594126064016
-1.7780410216278655,-1.8493646251392,-1.9927408107271865,-1.992740810727186,-84.32532359242741,-84.29014879840096,-83.5348907762936,-122.64386203406222,86.24208907291866,74.86472249333946,74.61322288949259,106.4358700152262
-1.21789940205785,-1.2705979181928644,-1.3669902540660106,-1.3669902540660106,146.75180447362817,122.12409726692086,58.49149610286392,74.34621166021198,-54.211685125988396,-98.43958619725585,-87.70755551253816,-59.24092028654137
1.1081846952438354,1.3228654861450189,1.5846441984176638,1.9078554934666871,-5.442294120788574,-21.029245376586914,-42.845375061035156,-72.0298538208008,9.881646156311035,25.259536743164055,47.12848281860352,77.22488403320312
106.76504516601562,116.20774841308592,127.22312927246097,139.80956846530705,151.9088745117187,147.74758911132815,148.77267456054693,155.87939453125,151.53317260742188,146.61332702636716,147.04548645019528,148.8872833251953
-3.6167373657226562,-4.0654802322387695,-4.606100559234621,-5.262953271932331,-6.532926559448237,-7.601511955261229,-8.84826183319092,-7.806490898132322,-5.577735424041752,-4.724932670593261,-5.708708763122548,-5.883826255798333
