hips,spine,spine1,spine2,rshoulder,rarm,rforearm,rhand,lshoulder,larm,lforearm,lhand
-2.0926165063411144,-2.050212522145172,-1.9981426294830031,-1.9342808922656274,-8.895777316752973,-23.105692308315415,-42.849657214232906,-67.9816070242945,4.994206798452057,18.84736223994086,37.54638377602551,63.8070322166404
-22.54569298120923,-22.302713420901924,-22.038385768780717,-21.779136006789496,-18.40922818925086,-12.185071065306614,-2.7766785966894574,12.566171782121838,-24.962408277966503,-31.98775764012891,-43.316656968147484,-57.88885600737481
57.48224486872694,48.02967248938471,37.001219770566436,24.396336438219976,12.471050153176094,17.026261020971816,16.571683358223794,10.546315925953422,12.438631024116177,16.92709505047773,15.739566963218408,13.047998278893658
1.60496437007207,-2.825656695426804,-2.9871397512320144,-2.987139751232016,-41.72379572458652,-34.83217060584393,15.248266526489331,27.6182389258145,53.075658814022624,-9.948408793716043,-2.219108161538049,57.767339126223526
-1.7411382509840483,-1.8105391048031736,-1.9500486064080214,-1.9500486064080218,-84.36211020640295,-84.04563459474679,-83.47742055904908,-120.08253958710124,86.26859264115153,74.61810875930489,74.39994419480665,104.05824328610181
-1.2125385404319746,-1.2664380480691675,-1.3652616884919913,-1.3652616884919917,146.53447541056775,121.95755635743993,61.33686487364217,76.74257998157911,-54.721459442002356,-98.45073615300277,-88.82716699372341,-61.7411919156773
1.106612205505371,1.3202352523803713,1.580937266349792,1.903271685031792,-5.448196411132814,-21.03582763671875,-42.84837341308594,-72.05915832519531,9.876468658447266,25.255144119262695,47.12312316894531,77.22435760498048
106.76178741455078,116.20432281494142,127.2195816040039,139.8060548993438,151.90519714355474,147.74346923828122,148.78330993652347,155.80091857910153,151.5299377441405,146.61053466796872,147.04895019531247,148.790283203125
-3.6127331256866455,-4.065339088439941,-4.608899593353271,-5.265529695364377,-6.529585838317872,-7.5867214202880815,-8.882953643798828,-7.9850530624389595,-5.585816860198974,-4.744643211364745,-5.748074054718016,-6.062125205993648
