hips,spine,spine1,spine2,rshoulder,rarm,rforearm,rhand,lshoulder,larm,lforearm,lhand
-0.5235681549374311,-0.5476136099719792,-0.5748346954829072,-0.6059444543198478,-8.304404165077788,-23.78969314029564,-45.66334921870616,-75.71658349646813,7.039174689757503,22.55821780670218,44.451065405421986,74.59827485875762
-17.282254032128495,-18.044677152867862,-18.93418000469845,-19.950754798845168,-21.418153016704302,-22.067993140341496,-22.336873847780666,-22.67037220668992,-20.749005225910164,-20.055472344033042,-19.726314909499052,-19.147207951585226
57.64214897697536,48.21718067045171,37.22138699264616,24.654765312439167,12.796787569690679,17.4005759877829,17.543675580207662,17.664263607067653,12.736759261291581,17.218895846104516,17.167500712817258,17.003040261384598
-0.00708118705490334,-4.3570172521281965,-4.357015975156484,-4.357015975156484,-16.14112910198698,3.0466619058802964,3.690499907830735,4.401935802313779,19.24475175700103,-1.4398560412014219,1.3223792603742566,2.370588364502626
0.0602184292802363,0.060341893129773415,0.060341893129773415,0.060341893129773415,-84.83302561712404,-84.7413411345199,-84.58214537586103,-84.54707168573688,85.63146628743478,85.09951701353114,84.9285522394621,84.79895468470112
-0.0397155076715453,-0.04405687003040826,-0.04405687003040826,-0.04405687003040826,122.36014533566497,87.08120007942556,86.29629815243504,85.6737785269722,-87.17456267817121,-91.56079625101839,-88.63229346473577,-87.69025827971579
1.0746432542800903,1.080423712730408,1.087999224662781,1.0966570054481724,-6.571792602539062,-22.086757659912113,-43.96223068237305,-74.01699829101562,8.7811279296875,24.289222717285156,46.18450164794922,76.337646484375
106.64366149902344,116.0721206665039,127.07198333740233,139.6432552956844,151.5423126220704,147.01094055175787,146.96694946289062,146.98236083984378,151.5305633544921,146.97584533691395,146.92776489257807,146.95465087890625
-3.656431198120117,-4.374775886535644,-5.212868213653563,-6.1706881217678955,-7.450723648071298,-7.8555212020874015,-7.748987674713136,-7.566341400146487,-7.045177936553947,-6.639252662658688,-6.6862726211547825,-6.6247620582580575
