hips,spine,spine1,spine2,rshoulder,rarm,rforearm,rhand,lshoulder,larm,lforearm,lhand
-0.5549547412668216,-0.5719020731356108,-0.6002063538079969,-0.6539482055724579,-8.386950205307206,-23.8904229382572,-45.75624937632797,-75.79848514491687,6.970761472120141,22.499850242354988,44.37833620991617,74.5062573689287
-17.574009009025353,-18.308508597802962,-19.151446800577727,-20.082741979913514,-21.197547221200388,-21.32876310564047,-20.849396813844244,-19.988791437102837,-21.07221091263293,-20.958911255581537,-21.792974578924916,-22.942253513736325
57.6471176097085,48.219908533687544,37.22045144580076,24.647298552236123,12.773422821499935,17.359948068076278,17.81319225671521,18.030605749627853,12.730564872003015,17.230086176102247,17.439205761156302,17.89121201934904
0.23304863432553205,-4.0447320294672995,-3.900414452861209,-3.900414452861209,-19.077876456218167,2.966715888250731,8.08446262167979,14.40398153295462,19.585534008744737,-14.33910367134622,-14.138585698314014,166.31608926005524
0.015520938594929687,0.03048433871237222,0.05994240016486388,0.05994240016486389,-85.2120537738906,-86.05646797562143,-85.77619639624277,-85.15775056561651,86.08740597055446,85.38626662933478,85.30940956055076,94.23408665070927
-0.26498012293283907,-0.22027043498790957,-0.12211490095086337,-0.1221149009508633,125.20730360629118,87.94315102878194,82.06952753144554,75.81698397083265,-86.91321687803516,-105.12085251126872,-105.23146443796891,74.58462323590763
0.8871157765388489,0.9305490851402284,0.9724403023719785,0.9983517260802518,-6.653751850128175,-22.17489624023437,-44.04781723022461,-74.10147094726562,8.699131011962889,24.20095252990722,46.089710235595696,76.23097229003906
106.64615631103516,116.07745361328126,127.0816421508789,139.66012418820495,151.57949829101562,147.072769165039,146.7280120849609,146.65846252441406,151.54347229003903,146.9644012451172,146.64881896972656,146.05021667480466
-3.827711820602417,-4.506528854370117,-5.284656047821043,-6.1422636605584335,-7.327534675598143,-7.768632888793945,-7.690799236297605,-7.379509449005129,-6.921894550323483,-6.552077293395995,-6.988236427307125,-7.590550422668457
