hips,spine,spine1,spine2,rshoulder,rarm,rforearm,rhand,lshoulder,larm,lforearm,lhand
-2.2501002400260197,-2.179972171341395,-2.0952907731849857,-1.9935513183082052,-8.915187200614804,-23.13064902548208,-42.87957773601148,-68.07345643660403,4.9664560758310206,18.797195887060028,37.478450319344944,63.66096485682628
-22.77264970222464,-22.4894572242671,-22.177494908757666,-21.862154835475735,-18.43016672481148,-12.208068682815531,-2.8117422352082038,12.466580405312126,-25.001030045278196,-32.06415361911124,-43.42016226910805,-58.149315228199384
57.462990187953196,48.011703830513355,36.98469736155742,24.38134136784919,12.450567896909718,16.991226442472964,16.504351383955537,10.57426723018827,12.430222974309658,16.928466313588984,15.720907242773762,13.124074145856099
1.5931419832503873,-2.8334888446561193,-2.986990614994208,-2.986990614994208,-41.56958879486897,-34.29544084625118,12.744998353171797,27.934335190168273,52.72252060435919,-10.017928442487076,-3.2987504663718235,58.93046315886265
-1.7167047843117869,-1.7847151632343454,-1.921425462978466,-1.9214254629784664,-84.38642975693432,-83.80667129597899,-83.3777340755619,-117.33630113074027,86.28572610517494,74.35944354085859,74.17382550409059,100.82356266839325
-1.2143618420849336,-1.2679403171409227,-1.3661568732284322,-1.3661568732284322,146.3801196485039,121.37719963420118,64.04952284531119,78.56820067551398,-55.0747375723661,-98.44316738666237,-90.0418872844164,-65.45204137781005
1.1043200492858887,1.3181055784225462,1.5788967609405518,1.9010988309337045,-5.450808525085449,-21.03902053833008,-42.848937988281264,-72.09021759033203,9.874313354492186,25.25331687927246,47.11968612670898,77.22412109374999
106.75794219970703,116.20037841796876,127.21556091308595,139.80203872746176,151.90130615234378,147.7398376464844,148.79208374023438,155.69769287109378,151.52578735351554,146.60614013671872,147.0684814453125,148.7160797119141
-3.607748508453369,-4.062307357788087,-4.607381343841554,-5.26398977887393,-6.524199008941652,-7.573610782623293,-8.903446197509766,-8.138792991638185,-5.588088035583492,-4.754665374755861,-5.781570911407469,-6.25482749938966
