hips,spine,spine1,spine2,rshoulder,rarm,rforearm,rhand,lshoulder,larm,lforearm,lhand
-2.4072453057281953,-2.3081856837993144,-2.1896813976258573,-2.049134505921918,-8.933603793791782,-23.162197781041417,-42.92245695786048,-68.21549425080566,4.947202650962653,18.763169251468526,37.4238989029021,63.48514992705245
-22.993202588549984,-22.67039972254845,-22.311725671965664,-21.94186979250105,-18.457311969141575,-12.252897347668778,-2.8832979847664504,12.27343876357325,-25.029987985879863,-32.11447855369643,-43.50042351690947,-58.46732678071496
57.44419884895156,47.994435958028006,36.969153140684384,24.3676522069743,12.430604277540766,16.95439995456357,16.41408588542447,10.595378134766719,12.42451591768679,16.934678055878862,15.692460840181838,13.239451228430454
1.586940175669609,-2.8372619664834056,-2.985949110794546,-2.985949110794547,-41.511685623578664,-32.950981197250904,9.479069646845705,27.013442573263426,52.57929796655516,-10.09122417674753,-5.012868122777537,69.03971744460593
-1.7058553664908016,-1.773401812012875,-1.9091705765047193,-1.9091705765047189,-84.39732556127865,-83.42627957857822,-83.12716774875413,-114.06793672427801,86.29379765143591,73.7343789477055,73.5877235762291,96.43449159647545
-1.2213205599726094,-1.2740615181333361,-1.3706210349544679,-1.370621034954468,146.31808680578837,119.9321295511406,67.56560070974018,82.26395674507518,-55.22208485752336,-98.38437632769683,-91.9662102206145,-59.74711198576895
1.1016991138458252,1.3165748119354246,1.5784568786621087,1.9014918765068678,-5.4497528076171875,-21.038541793823242,-42.844913482666016,-72.12162780761719,9.8755464553833,25.254383087158203,47.117610931396484,77.22447204589845
106.7551498413086,116.19751739501953,127.21264648437499,139.79911463490095,151.8989868164062,147.738754272461,148.82301330566406,155.59390258789062,151.52226257324222,146.6013946533203,147.10173034667972,148.59735107421878
-3.601475477218628,-4.057059288024902,-4.602861881256103,-5.259246272143786,-6.517605781555173,-7.563788414001468,-8.926033020019531,-8.333731651306152,-5.584773540496831,-4.7547464370727575,-5.829274177551268,-6.573778629302979
