hips,spine,spine1,spine2,rshoulder,rarm,rforearm,rhand,lshoulder,larm,lforearm,lhand
-0.6204146718540882,-0.6235236561724076,-0.6364603596823784,-0.6744099409451171,-8.39273731022091,-23.902470090755262,-45.76710072680417,-75.8083823881525,6.965142901762103,22.48833965913639,44.36417565345029,74.48807007957426
-17.535334696681133,-18.278647505426477,-19.131181266333826,-20.071865924901857,-21.18737256504935,-21.29866293466805,-20.800347283117592,-19.928176167259643,-21.078392616555014,-20.978216947141348,-21.87447050519785,-23.109128547194874
57.64485764228134,48.218333836259305,37.219585972325746,24.64707449748292,12.763713445079986,17.329618324220178,17.817112879561535,18.110069763932387,12.741270180344799,17.261429872076093,17.489223645221813,17.980463832846965
0.22414279898034556,-4.0502543124956745,-3.8991588099016696,-3.899158809901668,-19.89654050369385,1.5555592856378542,6.422743589541775,12.809798548533532,20.810012048823452,-14.387616077282809,-14.203289418393549,165.85825559768267
-0.08009910013337637,-0.061154314379637524,-0.023755948437317466,-0.02375594843731747,-85.16418818699297,-86.06173109185724,-85.80222222307978,-85.19860997844873,86.08308560938536,85.32735690795624,85.25506288054754,94.22083805458117
-0.3040099724454843,-0.2554028536216598,-0.1494330085433215,-0.14943300854332145,125.99576044152656,89.49052600125711,83.9208422975421,77.60795870056619,-85.71891432319875,-105.16556416298235,-105.31794721994795,74.063109604285
0.8591768145561218,0.9101697802543641,0.96005380153656,0.9932152623867682,-6.651464939117431,-22.174116134643565,-44.046195983886705,-74.10006713867188,8.700790405273438,24.19988632202149,46.088512420654304,76.22930145263675
106.64373016357422,116.07487487792969,127.07895660400392,139.65744038162075,151.5804901123047,147.08117675781259,146.6830596923828,146.51165771484375,151.53713989257812,146.95068359375006,146.63610839843753,146.02537536621097
-3.822692394256592,-4.502974510192871,-5.2821617126464835,-6.139494061495419,-7.335718154907225,-7.799574851989752,-7.758731842041015,-7.5126423835754395,-6.907650947570799,-6.5152726173400906,-6.958500385284426,-7.570508956909181
