hips,spine,spine1,spine2,rshoulder,rarm,rforearm,rhand,lshoulder,larm,lforearm,lhand
-0.6755887753531906,-0.666629183569908,-0.6664023794071547,-0.6914012209858039,-8.397714929431038,-23.91259980015319,-45.7760613786064,-75.8161992355821,6.9602827685234825,22.478561116044737,44.351845279366394,74.47200242048285
-17.481180967790014,-18.234302437227452,-19.098610358619332,-20.05350052949625,-21.17434581401277,-21.264133970120017,-20.74645705832439,-19.873805113519307,-21.081559908488714,-20.992605888272745,-21.9453261400419,-23.25752656416808
57.64155845802627,48.21581263640137,37.2179797643151,24.646506803594832,12.755860540807987,17.30466777859982,17.82511472492061,18.215468200752326,12.750351015973678,17.28762420585747,17.52719331249341,18.045746757403236
0.218891770144931,-4.057452973638894,-3.9102487040654905,-3.910248704065491,-20.602840207532008,0.1831432809697049,4.485693597427595,10.473167334403952,21.99938964247051,-14.387742924195932,-14.216568469845846,165.2496124717861
-0.1714084657191624,-0.149597858089621,-0.10648014047835173,-0.10648014047835166,-85.10607693381749,-86.07764269304039,-85.84531018724898,-85.33893491068494,86.06479227679179,85.30664584365886,85.23815746356964,94.20100974739456
-0.3482495364629358,-0.29503553910940933,-0.17984124338044533,-0.17984124338044535,126.66909375338416,90.98082315651763,86.07272090657585,80.16257233044159,-84.56274168401526,-105.15984703125068,-105.34654081202615,73.4215748562954
0.8332202434539795,0.892581582069397,0.9512832164764403,0.9923621939348675,-6.644248008728027,-22.168590545654304,-44.03985977172852,-74.09335327148436,8.707344055175783,24.203426361083984,46.09200286865235,76.23256683349611
106.64078521728516,116.0718231201172,127.07575988769528,139.6540542188364,151.58091735839844,147.08975219726565,146.64549255371088,146.3585968017578,151.5294952392578,146.9348907470703,146.6223907470703,146.00341796875
-3.8123607635498047,-4.493504524230957,-5.2740721702575675,-6.133837730996443,-7.343446731567381,-7.828818798065188,-7.824084758758541,-7.6537938117980975,-6.893213748931884,-6.477561950683598,-6.922749042510987,-7.537493228912352
