hips,spine,spine1,spine2,rshoulder,rarm,rforearm,rhand,lshoulder,larm,lforearm,lhand
-0.7073052217660394,-0.6900969843203808,-0.6816204765933723,-0.7003278510895412,-8.400927352971888,-23.91855235468157,-45.78069172198054,-75.81940097036058,6.957165814941444,22.472862781424833,44.34380379562475,74.46056542585862
-17.43066708103008,-18.193928315987637,-19.069538246024955,-20.036134697330326,-21.15953428686472,-21.227875377645564,-20.69470901277103,-19.83104392173385,-21.083780719277012,-21.007796434827377,-22.011413875958382,-23.39347806610575
57.63963753258702,48.21472380069588,37.217788408397865,24.647199165363077,12.753093459358524,17.29289974566518,17.85199407375586,18.355798230630256,12.756497180309111,17.302782784247995,17.55092122872003,18.08754278232675
0.21840034429872074,-4.05550524106297,-3.9034191090419688,-3.903419109041967,-21.334343384856794,-1.2627818455317392,2.3276550225262467,7.427344732761797,23.07423505602545,-14.329592382730128,-14.16753507096079,164.84007714291897
-0.2543498445806971,-0.22937163740081792,-0.17995380046946424,-0.17995380046946435,-85.06707978582149,-86.07310879027474,-85.86778121687045,-85.51726367119868,86.06370605338587,85.30092652223837,85.2345887015951,94.22008326975133
-0.3814400967711512,-0.3211645484011195,-0.19183342453312477,-0.19183342453312482,127.38594151806123,92.54716686940253,88.46379326261179,83.41022467121589,-83.50241626102301,-105.09958249558824,-105.30732137318198,72.98238552854023
0.8127424716949463,0.8785533308982849,0.9433586001396178,0.9881684045978233,-6.644392967224121,-22.169031143188484,-44.039268493652344,-74.09165954589845,8.706599235534668,24.201160430908207,46.08980178833008,76.230339050293
106.63902282714844,116.07000732421875,127.07393646240236,139.6523206378268,151.58091735839844,147.09304809570318,146.60150146484372,146.18937683105466,151.52622985839847,146.92832946777352,146.61666870117188,145.99258422851568
-3.8040173053741455,-4.485239028930666,-5.26542901992798,-6.123692498991778,-7.34172248840332,-7.847525119781493,-7.880550861358642,-7.792603969573975,-6.871803760528565,-6.436804771423339,-6.88079643249512,-7.493925571441652
