hips,spine,spine1,spine2,rshoulder,rarm,rforearm,rhand,lshoulder,larm,lforearm,lhand
-0.733237509915198,-0.7103484681281569,-0.6956565698279432,-0.708200841104459,-8.403127212736369,-23.92332059052862,-45.78419309462161,-75.82140192191555,6.955020120935378,22.468300099224365,44.337202437727285,74.4511042760263
-17.363669005623464,-18.138415546577605,-19.027813098311896,-20.011048117931445,-21.14435232536571,-21.19488793162755,-20.65792783123624,-19.819982986875818,-21.08026483443133,-21.010047122305856,-22.05519563116912,-23.49418495914903
57.637813432616795,48.2138580089899,37.218035508326835,24.648729078770344,12.751877623945774,17.283243329158893,17.885251930742953,18.509653158353416,12.76363136360149,17.318336478561207,17.57229793004487,18.119037052773507
0.21535603680019094,-4.060747320622871,-3.9130487450061717,-3.9130487450061713,-21.936513623824535,-2.842577762788412,-0.025700614754808077,4.3132964081079574,24.115626596157046,-14.209237775547214,-14.049270258212346,164.8540838093649
-0.33018994123601936,-0.3044110886587409,-0.2533925836906711,-0.253392583690671,-85.01437920446652,-86.0368873639116,-85.85552937851301,-85.70801321518336,86.04493407156461,85.29231322357867,85.22676055500918,94.29180867536834
-0.40853883980085587,-0.34616621796581476,-0.21264018521031358,-0.21264018521031366,127.9650175178708,94.24781618684638,91.05284626767057,86.74605291352647,-82.48432373797193,-104.97998451817703,-105.1939126856781,72.93561981734506
0.7965891361236572,0.867765486240387,0.9383991360664367,0.9888856146056932,-6.637770652770994,-22.163412094116204,-44.03239059448243,-74.08293914794922,8.712591171264648,24.204935073852546,46.093605041503906,76.23416137695312
106.6380844116211,116.06898498535159,127.0728073120117,139.6510258434293,151.5821990966797,147.09988403320307,146.56077575683594,146.02182006835935,151.52200317382815,146.91854858398435,146.60662841796872,145.98008728027338
-3.794016122817993,-4.475734710693359,-5.256927013397216,-6.117300347494702,-7.347163677215576,-7.872083663940429,-7.9471087455749485,-7.948104381561278,-6.857568740844726,-6.4019250869750985,-6.843008041381836,-7.452112197875973
