hips,spine,spine1,spine2,rshoulder,rarm,rforearm,rhand,lshoulder,larm,lforearm,lhand
-0.7370607494874799,-0.7123117924559941,-0.6960907313560862,-0.7083509609204248,-8.403060306074932,-23.92343770148112,-45.78345693668988,-75.81914305258151,6.955098274904385,22.468174809892272,44.33588139259506,74.44806333646946
-17.29862823593524,-18.0851196410675,-18.98799183633269,-19.986103827419104,-21.13138779535549,-21.172312922495237,-20.64594967804119,-19.858275049319627,-21.07148736301267,-21.000121199673817,-22.070368227892,-23.543606755242898
57.63622469294934,48.213239763683504,37.218509022383884,24.650374923693732,12.75455040687254,17.285281462346347,17.925963667056692,18.675221326664,12.766889758450617,17.32220121595546,17.575754937865838,18.125481326794755
0.2127763549170878,-4.062318950915182,-3.912621083108164,-3.9126210831081623,-22.579234049993495,-4.4963807018593,-2.5944285590271035,1.2339753028960845,25.138975860132128,-13.912203008569385,-13.758556204868862,165.57978204118777
-0.40631165522509344,-0.37893685304747843,-0.3247403359042147,-0.3247403359042146,-84.97030048595539,-85.98877678989741,-85.82923106114056,-85.88970919296389,86.03513699067852,85.27893092916648,85.2147372797851,94.366411964436
-0.42091857320077525,-0.3552791895030842,-0.2152149584458233,-0.2152149584458232,128.60270298133534,95.99981039151365,93.85347596279681,90.06722834865383,-81.4659972470927,-104.67864476276313,-104.90575354294687,73.55072936061408
0.7862176895141602,0.8603397607803345,0.9337415099143983,0.9858640956442156,-6.638715744018555,-22.163864135742166,-44.03163146972656,-74.07948303222656,8.711016654968262,24.202552795410156,46.09141921997072,76.23216247558594
106.6373291015625,116.0681838989258,127.07197570800783,139.6501943572192,151.58169555664062,147.10008239746088,146.52186584472656,145.85772705078125,151.5208282470703,146.9166717529297,146.60659790039062,145.97904968261716
-3.786914110183716,-4.469050407409669,-5.250538349151612,-6.110812393468986,-7.350138664245604,-7.894403457641594,-8.014363288879396,-8.113332748413086,-6.841428756713866,-6.366507530212399,-6.799739837646484,-7.397996902465818
