hips,spine,spine1,spine2,rshoulder,rarm,rforearm,rhand,lshoulder,larm,lforearm,lhand
-0.730529366675954,-0.7060091143029243,-0.6905543856435883,-0.7048325554984344,-8.401392378008735,-23.920934445408967,-45.78066438741041,-75.81495240261546,6.956751686424237,22.47067204851495,44.33825863701411,74.45018365707901
-17.222526118768236,-18.02204939669795,-18.94041743740525,-19.956907417444373,-21.121898744718813,-21.16087146751033,-20.65999007682464,-19.947310294753823,-21.057357476275918,-20.974661980377455,-22.049540776785534,-23.52882205994851
57.634548524609855,48.21265798883283,37.21921971226371,24.652560775339225,12.759835932465052,17.29349138405371,17.96320488117368,18.83337137931119,12.769249587442658,17.32158600640753,17.56718466234483,18.114808024145447
0.208570702943733,-4.068179697247043,-3.921794606716799,-3.921794606716798,-23.1385408312599,-6.202237037278457,-5.333228386746456,-1.9643741381402657,26.12834760202472,-13.402980680435453,-13.26807631616891,166.6229099046264
-0.4801454249872601,-0.45181419293384834,-0.395709381798422,-0.39570938179842197,-84.91843105708803,-85.94528420661236,-85.80335562402597,-86.06095204814243,86.01468690637658,85.28022875444586,85.21926416082768,94.37606151543766
-0.42562723804950653,-0.35751569172109104,-0.21250663705722053,-0.21250663705722048,129.1624778895007,97.77072154079896,96.80825586276416,93.5311628357838,-80.47635245523604,-104.15391897063417,-104.41653359005751,74.47664847352516
0.7796957492828369,0.8554770350456239,0.9303106665611269,0.9829176494330496,-6.640674114227295,-22.16494369506836,-44.03166580200195,-74.07615661621094,8.70842170715332,24.19959640502929,46.08887481689453,76.23004150390625
106.6368179321289,116.06761169433592,127.07130432128909,139.6493835171241,151.58033752441406,147.09791564941406,146.4931488037109,145.7119140625,151.520263671875,146.9169006347656,146.6133880615234,145.98602294921878
-3.7753829956054688,-4.458205223083496,-5.240811347961427,-6.1030925267503715,-7.35382318496704,-7.91657066345215,-8.083642005920408,-8.288099288940428,-6.826099872589111,-6.331240653991701,-6.7488493919372585,-7.325630664825443
