hips,spine,spine1,spine2,rshoulder,rarm,rforearm,rhand,lshoulder,larm,lforearm,lhand
-0.7163389199768506,-0.6926279426455352,-0.6790907322151045,-0.6977869591574588,-8.398357296657524,-23.915947187732964,-45.775974789943916,-75.80879156699214,6.959729237560042,22.475450373972723,44.3437799275485,74.45663742506049
-17.15449040952913,-17.965888091678707,-18.898247608294568,-19.931039381045778,-21.117759747675045,-21.16358553414035,-20.704917483023735,-20.075097552812963,-21.0406084114663,-20.939284559534144,-22.00163525414915,-23.463393668714573
57.63237834470972,48.21149765521193,37.21923188961097,24.653908010463482,12.765940739343677,17.306135252137693,17.997159644329685,18.975594887560476,12.76882894328267,17.314546139692055,17.549811616226435,18.092363595785912
0.20315292104260022,-4.074474737754121,-3.929848903108617,-3.9298489031086166,-23.65365744422724,-7.9300412417698825,-7.711080229394678,-5.6796077862253735,27.04284602472892,-12.814799712775404,-12.699292689839405,167.48581544594137
-0.5500703712251663,-0.5204884816652607,-0.4618967853082203,-0.4618967853082204,-84.87000782425322,-85.86749363529603,-85.73970413348087,-86.1437493210101,85.99503968568911,85.29931149732799,85.2417694334295,94.32672041695596
-0.4264569626492021,-0.3534462362651583,-0.19863357093765333,-0.19863357093765335,129.6893731894794,99.54037925210487,99.37591969755466,97.46255673280551,-79.55026480188886,-103.54728614157628,-103.84674988398255,75.28926940531734
0.7792685627937317,0.856027126312256,0.9310277104377747,0.9815990730090187,-6.643417835235595,-22.165927886962894,-44.031742095947266,-74.07258605957028,8.70507049560547,24.19674491882324,46.086513519287095,76.22820281982423
106.63632202148438,116.06704711914062,127.0706558227539,139.6486225442238,151.57754516601562,147.09130859374994,146.4687805175781,145.58445739746097,151.52125549316406,146.92170715332034,146.6260528564453,146.00035095214844
-3.760242462158203,-4.443948268890381,-5.227756023406983,-6.0917978473492775,-7.353057861328123,-7.933079719543455,-8.150624275207516,-8.450222015380861,-6.80760383605957,-6.294191360473633,-6.69218063354492,-7.242044448852541
