hips,spine,spine1,spine2,rshoulder,rarm,rforearm,rhand,lshoulder,larm,lforearm,lhand
-0.7007513564715542,-0.6782619195990134,-0.6669905598430799,-0.6901957517643653,-8.39485780814328,-23.91048280433218,-45.770946369964506,-75.80205717825221,6.96316118629436,22.480726854130875,44.35013646298645,74.46454373253675
-17.085634990922074,-17.90983733015882,-18.856885254373207,-19.90590907416409,-21.114252310696536,-21.166873719654276,-20.759585863119646,-20.200848954141705,-21.024570863686392,-20.904726103281032,-21.94620535934027,-23.3789735940688
57.63015531382581,48.210384062919246,37.21937033279278,24.655398702483467,12.772247407611303,17.319132415723374,18.028138379822025,19.097175430899114,12.768496884761788,17.30745342505233,17.532399707577326,18.06793952322039
0.18958870165627006,-4.086909886944746,-3.9400113441389437,-3.9400113441389464,-24.019407541780545,-9.593036648495909,-9.398565885596994,-9.700254799984187,27.736430434128216,-12.141276484444685,-12.042308531848041,168.42573345743486
-0.6013199668264447,-0.5717999746080636,-0.5133470818103727,-0.5133470818103727,-84.82910915213508,-85.7275655865075,-85.61465713081535,-86.08349620693213,85.9752556564519,85.32227946598938,85.2676013203803,94.26745428929702
-0.4204889844090121,-0.3431418963991672,-0.17965403497840096,-0.1796540349784009,130.07254578128672,101.23945885853564,101.22503931104539,101.56846050295836,-78.83948735247272,-102.85139947183455,-103.18114479812961,76.26629810884036
0.7839082479476929,0.8603193759918211,0.9340656995773317,0.9812659298939261,-6.646548271179198,-22.16706466674804,-44.03180694580078,-74.06906127929686,8.701462745666502,24.194183349609382,46.084442138671875,76.22682952880858
106.63691711425781,116.06748199462889,127.07093048095705,139.64875731337452,151.57495117187503,147.083480834961,146.44496154785156,145.47277832031247,151.5238037109375,146.9294586181641,146.64326477050784,146.0233917236328
-3.741969347000122,-4.4279088973999015,-5.214097499847412,-6.080363564411185,-7.3506178855896,-7.9437589645385795,-8.215380668640135,-8.590687751770018,-6.791380882263183,-6.263237953186035,-6.638763904571533,-7.157794475555417
