hips,spine,spine1,spine2,rshoulder,rarm,rforearm,rhand,lshoulder,larm,lforearm,lhand
-0.6872163525950059,-0.6666326893164687,-0.6577432179220781,-0.6840351549155776,-8.391515587629039,-23.90581844806899,-45.76679084336768,-75.79645053473352,6.966455318203653,22.4852524929108,44.35585396620991,74.4718316524544
-17.018014764272884,-17.85501993587755,-18.816617865190743,-19.8813712278089,-21.108045351165906,-21.16195435634829,-20.805842294436665,-20.317216877680856,-21.01146336303873,-20.87896169877685,-21.898024795144188,-23.29963830718843
57.627306470339704,48.20866735132262,37.218916951878725,24.656274650456595,12.776850282586963,17.32820347528684,18.049471842316905,19.191487287045334,12.768618569442594,17.303010693374148,17.51756479330203,18.045688495469392
0.175022993774985,-4.099444266710902,-3.9485053912148254,-3.9485053912148245,-24.253540869588306,-10.996154717417891,-10.821125843352974,-12.746673626390693,28.19993912046343,-11.339803253152663,-11.259989107489577,169.3907623052712
-0.6294558939246756,-0.6022220122660547,-0.5483579698078277,-0.5483579698078276,-84.79997041803739,-85.50248884327102,-85.40173750592216,-85.83119495193642,85.95991387465384,85.3408965942396,85.28907217381585,94.22728297683454
-0.40217280478106077,-0.3238247749146392,-0.15834004648311523,-0.15834004648311523,130.32693625346982,102.67252889031917,102.78458293257137,104.58358641446726,-78.35589809694696,-102.01776587246434,-102.37973312724505,77.3181362224374
0.7918540835380554,0.8656119704246519,0.9360902905464173,0.9791583984900164,-6.652295112609864,-22.170772552490234,-44.03435516357422,-74.06802368164062,8.695384979248047,24.189483642578136,46.08037185668945,76.22355651855469
106.63818359375,116.06858825683592,127.07188415527342,139.64959759766347,151.57275390625,147.07543945312506,146.4228668212891,145.37524414062503,151.5273895263672,146.93887329101565,146.666030883789,146.05764770507812
-3.724853038787842,-4.4131784439086905,-5.20176935195923,-6.069895081238722,-7.34659719467163,-7.94854068756104,-8.275744438171387,-8.728135108947757,-6.777981281280518,-6.239687919616699,-6.58940505981445,-7.072970390319824
