hips,spine,spine1,spine2,rshoulder,rarm,rforearm,rhand,lshoulder,larm,lforearm,lhand
-0.4919198631784947,-0.5217804423921877,-0.5557858811674863,-0.5946492831412267,-8.299353610167763,-23.779663200882126,-45.65271132000099,-75.70558932275686,7.042753295376105,22.56385248294862,44.45578875037195,74.60123834363095
-17.251660127809718,-18.01996419862533,-18.91631904568469,-19.94072427569587,-21.431428005674384,-22.110560023583908,-22.406240052754477,-22.763953941584557,-20.730473904946464,-20.001961536452487,-19.621112537053932,-18.959634982683518
57.640539985366445,48.21606422298696,37.22084301444228,24.654878819707733,12.803872665701192,17.42023447575332,17.595829120333605,17.734563911045626,12.731363058129801,17.20087021342357,17.147656905058994,16.972887060667347
-0.004024795875619452,-4.353958495786723,-4.353957218815005,-4.353957218815005,-15.87519695570322,3.9649161736376306,4.845474777827788,5.74096739444426,18.85029985610243,-1.6655767722214847,1.4581334645154567,2.926323412990354
0.09041683106253291,0.09054057336469719,0.09054057336469717,0.09054057336469717,-84.8517385797359,-84.82155266737801,-84.6522158791898,-84.62781309828,85.63593189098128,85.27964028253109,85.1058196661348,84.95576741157876
-0.05400034725514007,-0.05834180176459781,-0.05834180176459778,-0.05834180176459778,122.08100174363621,86.19190653749537,85.12116188187362,84.26201118825936,-87.58217481299933,-91.8412501129808,-88.5373052780191,-87.20637412495175
1.0611279010772705,1.0688812732696533,1.0787585973739624,1.0900469142827025,-6.576110363006594,-22.09243774414061,-43.96769714355469,-74.02207946777344,8.777020454406742,24.28420639038087,46.17934799194336,76.33248901367188
106.64254760742188,116.071044921875,127.07095336914062,139.64227440678576,151.54330444335926,147.01582336425787,146.9620513916016,146.99043273925784,151.52770996093764,146.96910095214847,146.89993286132812,146.9054412841797
-3.6807782649993896,-4.398625373840331,-5.236130237579347,-6.1932783583006055,-7.468633174896238,-7.8654975891113255,-7.729009628295902,-7.4924077987670925,-7.071179389953618,-6.6736712455749485,-6.726027488708495,-6.660572052001953
