hips,spine,spine1,spine2,rshoulder,rarm,rforearm,rhand,lshoulder,larm,lforearm,lhand
-0.6783500815712824,-0.6608296608312932,-0.6544592472189048,-0.6812234637861876,-8.389154709600554,-23.90329520520606,-45.764789542533926,-75.79354714032304,6.9688186711115145,22.487784406000593,44.359365378967944,74.47673406927646
-16.942026997044593,-17.79112556453221,-18.767726776449223,-19.851678432309313,-21.09642910519225,-21.14322481126348,-20.83450090383542,-20.410149841722685,-21.000015432055527,-20.860741031384478,-21.861300456111223,-23.23698968947924
57.624694795425754,48.207121708544435,37.218687300690476,24.657687934911195,12.780425643679536,17.33241499739512,18.059715059942278,19.24966967042451,12.771494690369082,17.305123670141,17.507828850030137,18.02541794182494
0.17028997848190502,-4.108706121743007,-3.9668523843161805,-3.9668523843161765,-24.348618377608116,-12.289569050885762,-12.116324558820718,-14.470957946575723,28.520722511136984,-10.36124814116226,-10.295530470450075,170.35051483311264
-0.6431068992606824,-0.6203553071480173,-0.5754130119436731,-0.575413011943673,-84.76844280651946,-85.24367187603751,-85.15116667378804,-85.41327946991937,85.93635525539838,85.32862555126685,85.27941847831183,94.22716504848462
-0.36976923550602125,-0.2966713902795178,-0.14171128586116205,-0.14171128586116205,130.43807314204813,103.98770125339105,104.17721706972931,106.14093667975777,-78.01947040574957,-100.99360864822286,-101.3808538483502,78.35746436253952
0.806326687335968,0.8749236464500426,0.9404554963111879,0.9803228997517128,-6.653951644897463,-22.17085647583007,-44.033138275146484,-74.06348419189453,8.693472862243652,24.188632965087898,46.0802001953125,76.22440338134766
106.64006042480469,116.07045745849608,127.07366180419922,139.6511074584713,151.57167053222656,147.06971740722653,146.4058074951172,145.3029479980469,151.53088378906247,146.9469757080078,146.69259643554685,146.1038513183594
-3.705821990966797,-4.394926071166993,-5.185293674468994,-6.057442736621191,-7.341575145721436,-7.949386596679683,-8.335480690002443,-8.868747711181644,-6.765711307525634,-6.218640327453616,-6.539324283599852,-6.982843875885009
