hips,spine,spine1,spine2,rshoulder,rarm,rforearm,rhand,lshoulder,larm,lforearm,lhand
-0.6600199270873632,-0.6461421191702368,-0.6438172378102482,-0.6747439670222068,-8.38672788485506,-23.899597474450104,-45.76162239875448,-75.79017466013919,6.971293927240014,22.491620780626732,44.36369152544806,74.4820408650064
-16.863550743437987,-17.72389626306433,-18.7151434953374,-19.819357819119396,-21.07912610230096,-21.110206769634132,-20.83766479985648,-20.46189822319093,-20.99100815556047,-20.852783843403973,-21.844558957817725,-23.207737251539925
57.62239968002335,48.20584773072352,37.218728877277755,24.659504106329024,12.786452498732302,17.342920090295365,18.068933613453737,19.280595871919644,12.772991394087427,17.301970858895572,17.48921334646161,17.982581903343032
0.18219323006181712,-4.104850987401926,-3.979130674186719,-3.979130674186719,-24.439827628841503,-13.441328189153136,-13.256266473243924,-15.30928903122846,28.780035047832943,-9.392928569540976,-9.334114534152016,-8.507035335033924
-0.6527414479152686,-0.6339588210913171,-0.5969200438361912,-0.5969200438361915,-84.74512079696335,-85.00014720403881,-84.9122573161784,-84.91916227910296,85.9197939686243,85.31350514581898,85.26376576587599,85.76129102466663
-0.33464799589953775,-0.26244140603556704,-0.10928511618804271,-0.10928511618804267,130.56121389194564,105.14308577591133,105.36557923824095,106.72552027673689,-77.7285081945836,-99.9685593885598,-100.35713016343551,-100.46664566187613
0.825584888458252,0.8884955644607543,0.9476335048675536,0.9807378782954137,-6.659772872924805,-22.17391204833985,-44.03498077392577,-74.06275177001955,8.687457084655762,24.184989929199222,46.07716369628906,76.22257995605469
106.6416015625,116.07217407226564,127.0754623413086,139.65274066960762,151.5687255859375,147.05789184570318,146.38946533203125,145.25691223144534,151.53672790527344,146.96168518066398,146.73007202148435,146.17559814453125
-3.6856305599212646,-4.372785568237305,-5.162410259246826,-6.03725112225967,-7.326811313629149,-7.939469814300542,-8.382627487182619,-8.99383068084717,-6.745185375213624,-6.191320419311525,-6.48327827453613,-6.887099742889405
