hips,spine,spine1,spine2,rshoulder,rarm,rforearm,rhand,lshoulder,larm,lforearm,lhand
-0.6399419410394804,-0.6300839356220032,-0.6323032916932118,-0.6680945996297136,-8.384885349141891,-23.8964059400256,-45.75894680459686,-75.7881520363162,6.973213541793692,22.495038761032955,44.36703287153718,74.48570889013467
-16.78349999258714,-17.65332094458082,-18.658434980067405,-19.78488739002382,-21.05822200526219,-21.0661667190642,-20.814445627333026,-20.466258870920875,-20.985033973567855,-20.853842718171066,-21.849988277342426,-23.218897796209568
57.62018604512505,48.20449654790278,37.2186304359155,24.66139361673362,12.792914607564967,17.354095280087932,18.07078308054753,19.27486874445478,12.774683592832844,17.298749875016057,17.466270171665826,17.920614977172278
0.209329630823296,-4.092367682660663,-3.995952872741342,-3.9959528727413427,-24.518498051105002,-14.45262244690882,-14.247506673534224,-15.764053672373882,29.05732887313061,-8.523422879221881,-8.462927944614343,-7.236204845947517
-0.661142651770988,-0.6475797776893387,-0.6209243345715663,-0.6209243345715663,-84.71670806727316,-84.79718946032749,-84.7100023285405,-84.4733809700203,85.8981684784235,85.30018728725703,85.24653314693978,85.70805543196066
-0.3057995267539042,-0.2342222014801832,-0.0823528942331045,-0.08235289423310456,130.66629885582682,106.131318094771,106.3436285816128,106.92013170682324,-77.42517558949496,-99.03694989144448,-99.40131289708155,-99.14379345766177
0.8440194129943848,0.9022326469421388,0.9561126232147216,0.9837111331210401,-6.661824226379395,-22.17360305786133,-44.033695220947266,-74.06006622314453,8.68517780303955,24.18461608886718,46.07733154296874,76.223991394043
106.64291381835938,116.07384490966797,127.07733917236325,139.65437367629985,151.56640624999994,147.04814147949227,146.38563537597653,145.25596618652347,151.541748046875,146.97410583496082,146.7672119140625,146.25863647460938
-3.668776512145996,-4.3514509201049805,-5.1386766433715785,-6.01720609175516,-7.313471317291259,-7.93129348754883,-8.426424026489258,-9.108417510986332,-6.725414276123048,-6.163718223571774,-6.429613590240478,-6.797361373901367
