hips,spine,spine1,spine2,rshoulder,rarm,rforearm,rhand,lshoulder,larm,lforearm,lhand
-0.61560962357536,-0.6107695341151905,-0.6187090659683285,-0.6607346384226899,-8.383705939657116,-23.893528826237752,-45.75655675275333,-75.78713656215223,6.974467894977483,22.498112901655464,44.369287985817344,74.48720368150339
-16.697464667547653,-17.577134250956036,-18.596913350811153,-19.7473854394159,-21.032337533848356,-21.009161757083845,-20.758176325809508,-20.41009527864439,-20.981339789269754,-20.86386586471565,-21.882390665925413,-23.281805787801872
57.61701780328457,48.202231734775765,37.21771858191397,24.662678940111192,12.799474256045642,17.366303245512597,18.06853779312513,19.23724755747054,12.77552421756073,17.29367613179369,17.441069308588794,17.85054687914871
0.2392000396082242,-4.079147967733929,-4.016111769379442,-4.016111769379442,-24.682904993234747,-15.159930028003135,-14.924195871651238,-15.699610711851559,29.5040240330131,-7.681683650888323,-7.613268701950104,-6.073687033745606
-0.6830991262957675,-0.6747382510763775,-0.6584256478412293,-0.6584256478412294,-84.6769362384065,-84.55992686157214,-84.46938127478204,-83.99617096864527,85.87016144256056,85.24967541101016,85.19008168803573,85.57380874798052
-0.27769785898200056,-0.20675838703079621,-0.0561836626279154,-0.056183662627915416,130.85595720329167,106.79764238481962,106.94970086697057,106.55895510783277,-76.9536871672898,-98.13531612881563,-98.45926939072858,-97.82657385388603
0.8628922700881958,0.9166846275329592,0.9656341075897219,0.9881137496904231,-6.661959648132325,-22.171266555786133,-44.030624389648445,-74.0566635131836,8.684657096862791,24.185777664184577,46.07904434204102,76.22688293457031
106.64611053466797,116.07743072509766,127.08113098144533,139.6578662676493,151.56597900390625,147.0404815673828,146.39054870605472,145.29365539550778,151.54846191406247,146.988037109375,146.8048400878906,146.34603881835935
-3.6510744094848633,-4.328824043273926,-5.113506317138674,-5.996454101031324,-7.301919937133793,-7.928292274475098,-8.470675468444824,-9.21670913696289,-6.703818321228029,-6.130374431610112,-6.37271738052368,-6.707695007324218
