hips,spine,spine1,spine2,rshoulder,rarm,rforearm,rhand,lshoulder,larm,lforearm,lhand
-0.5827396200254306,-0.5839406319025771,-0.5993075395799539,-0.6506895758692615,-8.382883933501374,-23.89005621771411,-45.75315836871317,-75.78575380160378,6.9753462732748455,22.501729053204077,44.37091091459712,74.48667662048268
-16.600739483410845,-17.49240868152512,-18.529154045799412,-19.705785140715392,-21.000009016514838,-20.93610833689005,-20.66553878027771,-20.290050583864684,-20.979934058018188,-20.884219977128776,-21.945635457665155,-23.40387499253326
57.61381490247798,48.20016352875484,37.21725398110799,24.66467369913164,12.808495353513337,17.38391499578171,18.07529881949756,19.18323536678264,12.775866573964976,17.28511294045208,17.413613964969585,17.77616042503675
0.2653917665069508,-4.068707855565263,-4.037137152181673,-4.037137152181674,-24.937211112190884,-15.364476214655165,-15.093888756595524,-14.865576396917392,30.105861495813095,-6.936255023748355,-6.860071863802373,-4.7655577893236325
-0.718278048239931,-0.7147860276407174,-0.7081556786176149,-0.7081556786176149,-84.62843671200785,-84.19320382486084,-84.09345918058449,-83.26350044412828,85.83818194531342,85.17703573463163,85.10998252834344,85.39953253604693
-0.24664973966642795,-0.17371969853867264,-0.019174996026664465,-0.01917499602666451,131.1458983839874,106.96904422467581,106.9986528730953,105.27787341211315,-76.31666010351063,-97.33206294342223,-97.60844971741135,-96.24261801813373
0.8834815621376038,0.9325265884399414,0.9756548404693604,0.9908341590502019,-6.665740966796873,-22.17158508300781,-44.030029296875,-74.056640625,8.680359840393063,24.183898925781257,46.07748413085939,76.22640991210936
106.65097045898438,116.08261871337892,127.08647918701172,139.6629012175677,151.56561279296875,147.0299224853516,146.38885498046872,145.34999084472656,151.55818176269528,147.0079193115234,146.8475036621094,146.44097900390625
-3.6311676502227783,-4.304601669311523,-5.087272644042969,-5.974826067940079,-7.291307926177979,-7.9294710159301784,-8.515904426574707,-9.321309089660643,-6.6798853874206525,-6.091316223144534,-6.313632011413578,-6.620647430419922
