hips,spine,spine1,spine2,rshoulder,rarm,rforearm,rhand,lshoulder,larm,lforearm,lhand
-0.5529209914542462,-0.5609787193868998,-0.5840201485499533,-0.6434317276345978,-8.383720585563248,-23.889000954668788,-45.75177173081833,-75.78680724782389,6.974487054241516,22.502724206437104,44.36857247818384,74.4800689470283
-16.490681251702583,-17.397492090912714,-18.454437938141936,-19.659996519364064,-20.95858922121269,-20.837762514217268,-20.52252986539942,-20.08694084079201,-20.98446832324058,-20.924687092701923,-22.05557615780082,-23.60945687500397
57.6096708759745,48.19748006323961,37.21650622526019,24.6667065713155,12.816276075850595,17.396996040326343,18.08159923650726,19.09702477344476,12.77819801441629,17.28173367070923,17.39358383273759,17.70713989176639
0.2769800139639729,-4.070652451498868,-4.066193670995674,-4.066193670995674,-25.14052318222834,-15.235346400271904,-14.939544077867268,-13.678643668656674,30.68737889138202,-6.351298983345735,-6.263669871782548,-3.2904557409361335
-0.751910588814631,-0.7542053387105542,-0.7590950978672977,-0.7590950978672976,-84.57299280764592,-83.73388175016434,-83.61768110463278,-82.15894430870937,85.7976705491957,85.09841302228192,85.02188359250223,85.19279451063406
-0.20956320080939203,-0.1382454172143534,0.013072410515191344,0.013072410515191285,131.38018581029772,106.82316824952441,106.66853961021019,103.42855718166085,-75.70480571909592,-96.68666087979271,-96.90212566393369,-94.42490319751914
0.9080231189727783,0.9513339996337892,0.9881926178932189,0.9971673120170136,-6.664851188659668,-22.167612075805664,-44.025028228759766,-74.05291748046875,8.680700302124023,24.186254501342777,46.08020782470703,76.23004150390624
106.65718841552734,116.08898925781251,127.09284973144531,139.6688267544271,151.56661987304685,147.02198791503906,146.38287353515625,145.4299011230469,151.56802368164062,147.0266876220703,146.88984680175776,146.54183959960938
-3.606360912322998,-4.2778992652893075,-5.060936927795409,-5.954857480717842,-7.284183979034422,-7.933829307556155,-8.561277389526367,-9.422611236572267,-6.659116744995119,-6.054458141326905,-6.261396884918209,-6.546883106231691
