hips,spine,spine1,spine2,rshoulder,rarm,rforearm,rhand,lshoulder,larm,lforearm,lhand
-0.5230311403661214,-0.5374282417862964,-0.5681952805898042,-0.6371871304104058,-8.387155444610546,-23.89020546431721,-45.75184365706549,-75.78899363423592,6.970773378487649,22.50064094553072,44.360755989967934,74.46466071908473
-16.38496247946181,-17.304367405005245,-18.37958884095528,-19.614192158457172,-20.906202095223755,-20.706055159587304,-20.304087144137505,-19.72969059104043,-21.00013750067199,-20.9985535524159,-22.23772662776408,-23.94081508076509
57.60560378599652,48.19462289430561,37.215442943560305,24.66851633360082,12.823708434183231,17.409222427546382,18.083541852306723,18.957702532091616,12.780638981372022,17.278938434027737,17.374052107514103,17.638781994673764
0.3052847807758439,-4.061450766666509,-4.09522938106615,-4.09522938106615,-25.468563151080154,-15.13689299353245,-14.454334896985639,-12.291092530545736,31.472805085522435,-5.7934826758189795,-5.698401097296106,-2.166913120281699
-0.8030426674450969,-0.8107884930728938,-0.8265062892253706,-0.8265062892253703,-84.50656731570474,-83.32479530413366,-83.19547024066102,-80.83886718109987,85.75250803615845,85.00066813475513,84.9146814120226,84.95983666388366
-0.1746479887723776,-0.10184689672661087,0.05244720803424586,0.05244720803424582,131.74570680957888,106.70891749930455,105.9279535166108,101.25537156778591,-74.88253962974908,-96.05848514009939,-96.21756861369208,-92.93716060285652
0.9300556778907776,0.968153476715088,0.9987701177597047,1.000246425227039,-6.66828966140747,-22.16718864440918,-44.023548126220696,-74.05445861816406,8.67651081085205,24.18442153930664,46.07871627807617,76.22940826416016
106.66146850585938,116.09364318847656,127.09764862060547,139.67317522302767,151.56506347656233,147.00955200195312,146.37226867675778,145.54838562011716,151.57723999023457,147.0467529296875,146.93722534179685,146.65260314941406
-3.583857297897339,-4.250718116760254,-5.031978130340578,-5.932256462261165,-7.276622772216797,-7.942207336425778,-8.606232643127434,-9.495107650756832,-6.63350009918213,-6.008296966552734,-6.2008790969848615,-6.466275215148926
