hips,spine,spine1,spine2,rshoulder,rarm,rforearm,rhand,lshoulder,larm,lforearm,lhand
-0.5016695581697628,-0.5224583789799441,-0.5606361414922134,-0.6379833318845831,-8.396552537613863,-23.897942257000174,-45.75678568327566,-75.79207772374849,6.960302028400678,22.48956651320362,44.33910221141047,74.42873549569705
-16.297516602860156,-17.22500000054154,-18.314063864740792,-19.574570880185256,-20.835585169341783,-20.513926448052757,-19.951729187151837,-19.089521787157985,-21.04041775713153,-21.141404290803916,-22.55597414703874,-24.500832713542568
57.602135482623964,48.19195957253184,37.21416590467861,24.669863928929175,12.827333756875106,17.41151073534664,18.062785087771033,18.741275279615905,12.785383746238523,17.28458210675197,17.362880741043455,17.57948493038586
0.35552544639515915,-4.034845022142802,-4.115919760723572,-4.115919760723573,-25.963245788705766,-15.220050705383775,-13.414535333637582,-10.69989186309392,32.46784242098253,-5.238610750020152,-5.140908019473607,-1.2756964032481686
-0.8738412168038396,-0.8855668717112302,-0.9091557822673402,-0.9091557822673397,-84.43593388319344,-83.06250784164327,-82.93631681052075,-79.53876951347662,85.71040489186475,84.88331182516158,84.78810977163755,84.75815611707385
-0.14920358833711664,-0.07744415186467177,0.07478140000974925,0.0747814000097493,132.26012477258212,106.75173479004417,104.54650538667728,98.88636506431403,-73.86825632666442,-95.42744111176424,-95.53638034918694,-91.6767256734643
0.9489559531211853,0.9835648536682129,1.010435938835144,1.0083813627453169,-6.662774085998535,-22.15893173217773,-44.01476287841796,-74.0509262084961,8.68107795715332,24.189796447753906,46.08434295654297,76.23574829101564
106.66278076171875,116.0955505371094,127.09992980957031,139.67513186333275,151.56359863281253,147.00187683105463,146.3768157958984,145.73170471191403,151.58189392089838,147.05760192871094,146.9776458740234,146.75871276855472
-3.568345069885254,-4.2269229888916025,-5.003058433532717,-5.907857675576857,-7.267565727233876,-7.95387363433838,-8.647562026977537,-9.505024909973141,-6.602307796478279,-5.953098773956299,-6.1313934326171875,-6.3768482208252
