hips,spine,spine1,spine2,rshoulder,rarm,rforearm,rhand,lshoulder,larm,lforearm,lhand
-0.4740140087032403,-0.5023521909156214,-0.5504709874242057,-0.6417615986406957,-8.413799706483665,-23.910671915762975,-45.76217238850942,-75.78595509355134,6.9395822370469435,22.466288421235216,44.29586082251362,74.35828445023489
-16.24702655864326,-17.17729756821229,-18.27348086499099,-19.550942727053553,-20.73738968794441,-20.226517240496722,-19.39757713026914,-18.091636831807385,-21.123239375426532,-21.400783619828072,-23.095998839134566,-25.428011650528788
57.59875859603932,48.18889181297436,37.21185006729142,24.66935710146052,12.827947482155395,17.41026979427474,18.02241766397779,18.457822616440268,12.787657080012252,17.288382576066283,17.351895360801592,17.517421887855733
0.4017557922795172,-4.010111277828294,-4.13420657301558,-4.13420657301558,-26.511992578680882,-15.586633139607816,-12.492008662193493,-9.158946765527931,33.537402324353636,-4.796104925030602,-4.6966864918061555,-0.6690175812927701
-0.951925724171494,-0.967431142885714,-0.9984937955159531,-0.9984937955159529,-84.3621387885011,-82.9806080537787,-82.85658460339515,-78.48569966398657,85.66737202781435,84.76716453688624,84.6606058318946,84.58596868325968
-0.1381115278232327,-0.06175425013135559,0.09969387400735952,0.09969387400735956,132.83084819967905,107.04399312590273,103.20229282105238,96.66769204632799,-72.77711799893409,-94.9105188480478,-94.9592689806279,-90.7224574198929
0.9627301096916199,0.9962852001190183,1.0211719274520874,1.0151308196506637,-6.658998966217042,-22.152126312255866,-44.007919311523445,-74.04940795898439,8.683792114257814,24.193454742431648,46.088146209716804,76.24009704589844
106.66163635253906,116.0949249267578,127.09963989257814,139.67455298399838,151.5592956542971,146.99070739746097,146.39215087890625,145.97030639648438,151.5843963623045,147.0669708251953,147.01580810546872,146.86724853515622
-3.5581769943237305,-4.2091307640075675,-4.98049831390381,-5.8892869751899015,-7.264728069305423,-7.973757743835449,-8.692076683044434,-9.500527381896973,-6.575545787811283,-5.900714397430422,-6.067710399627682,-6.29746675491333
