hips,spine,spine1,spine2,rshoulder,rarm,rforearm,rhand,lshoulder,larm,lforearm,lhand
-0.45608301235564935,-0.49313118739183553,-0.5518757753640608,-0.6563647902727474,-8.439465056381607,-23.92862669987575,-45.7637023187939,-75.75767448158035,6.9053635712494295,22.422349659235877,44.21809025101319,74.23405598295363
-16.243405711750494,-17.171851227833685,-18.267613689285803,-19.54848536427702,-20.60989355426061,-19.83861373192601,-18.626936751839867,-16.71401284261192,-21.251921403662756,-21.786700038804728,-23.872554206910404,-26.74339564304988
57.59697339367905,48.18695422668603,37.209919790817295,24.667877597434,12.821860355110545,17.39385956144912,17.949355451834123,18.110147178082798,12.791757852064421,17.30273033571055,17.353180553134422,17.471191567807324
0.4314637103228568,-3.9908952071655426,-4.13600091139032,-4.136000911390319,-27.193691226445182,-16.0971509201931,-11.583800657554246,-7.5492923937383924,34.709780748398046,-4.419874463863305,-4.320375987831011,-0.35898946301607126
-1.040411165723081,-1.0577259871029094,-1.0923674496032179,-1.0923674496032172,-84.2967203316765,-83.03976482948562,-82.91694237437025,-77.78714738130873,85.63710819426639,84.66177198794378,84.54430421810801,84.3800994458898
-0.1387061315571343,-0.06147678837998171,0.1017315973699977,0.10173159736999772,133.51122516291466,107.44638339925082,101.8249736394778,94.44893140546868,-71.60610645945195,-94.45770381789289,-94.45035302386498,-90.11768009498105
0.9735690355300903,1.0081396102905273,1.034120798110962,1.0291289609952594,-6.643153190612795,-22.13495254516601,-43.991207122802734,-74.0368423461914,8.698488235473633,24.207168579101555,46.10197448730468,76.25427246093751
106.65911102294922,116.09273529052736,127.09770965576172,139.6725967103173,151.55703735351565,146.98788452148435,146.43003845214844,146.25831604003903,151.58268737792966,147.06582641601565,147.04420471191406,146.96586608886716
-3.5494918823242188,-4.19554328918457,-4.963199138641356,-5.872354367065556,-7.260705471038806,-7.9949893951416025,-8.72997760772705,-9.474164009094237,-6.546386241912856,-5.84601545333862,-6.0030107498168945,-6.2189874649047825
