hips,spine,spine1,spine2,rshoulder,rarm,rforearm,rhand,lshoulder,larm,lforearm,lhand
-0.42762856451247205,-0.4664638646803419,-0.5132843338521675,-0.5721483990379782,-8.295711714213454,-23.76866750123064,-45.64149816429622,-75.6944087963859,7.046270349475624,22.57446626685725,44.4660133772628,74.6107437516575
-17.302196404575326,-18.072725580854335,-18.964239419316613,-19.96609190576815,-21.43544957416286,-22.12271236049564,-22.418880008948776,-22.769173739266716,-20.734517661776856,-20.014182547306422,-19.608662950738616,-18.917615822625685
57.64436645431441,48.22010570548693,37.22454586614994,24.656841254731887,12.815445333043755,17.455196204637332,17.655235890575625,17.810835683360466,12.719793117386388,17.165910291633764,17.111623493994102,16.93934972206685
0.005053368995240258,-4.305847352905156,-4.227754287111896,-4.227754287111896,-15.926666372084949,4.852322719024106,5.885114046615306,7.081426187158346,17.92318594480657,-1.8727758362310591,1.3040481539487045,2.9564905159406174
0.13406895534241242,0.14431427207100583,0.16453337592997777,0.16453337592997777,-84.9979594532517,-84.90830249599655,-84.73141400863095,-84.71356505403755,85.76466093531309,85.50105730449188,85.32940679178213,85.19384175018162
-0.05025353316421377,-0.0438908808813158,-0.02246221418319961,-0.022462214183199616,122.16786562725572,85.31805349122553,84.06420814384899,82.86286922684828,-88.47107177852139,-92.09927096813333,-88.74891812217511,-87.26509057431544
1.053541660308838,1.0601352453231812,1.0664759874343874,1.0687361897722722,-6.606435775756837,-22.120452880859375,-43.99551010131836,-74.04950714111327,8.74720287322998,24.257709503173835,46.152828216552734,76.30590820312499
106.64039611816406,116.06900787353516,127.06961059570314,139.64301446414757,151.54205322265628,147.0057983398437,146.94792175292972,146.98731994628906,151.53514099121088,146.98532104492193,146.89669799804688,146.8714141845703
-3.703181505203247,-4.419527053833008,-5.247793197631837,-6.177246066318418,-7.416484355926519,-7.803322792053221,-7.639084339141845,-7.356128215789797,-7.038858890533439,-6.671392440795898,-6.72752237319946,-6.671649456024172
