hips,spine,spine1,spine2,rshoulder,rarm,rforearm,rhand,lshoulder,larm,lforearm,lhand
-0.4395649433175941,-0.4863745563578948,-0.557076681370386,-0.6765269120658441,-8.469179010504405,-23.94353366690825,-45.749372544893404,-75.68817836471156,6.859535295774331,22.358577273468537,44.1041215113632,74.0510463042386
-16.269430611279326,-17.193266901728727,-18.28387137653793,-19.55929439603399,-20.46009325712229,-19.376671992612643,-17.696782022672487,-15.056278656205864,-21.412483438378636,-22.26224137163992,-24.81888901720307,-28.33878549854555
57.59615377987326,48.185719536582525,37.208238922978595,24.665775036390556,12.812747322674682,17.371514578014114,17.852985979526807,17.71499610742228,12.795755051994831,17.3200258860424,17.358858365082284,17.44019026787018
0.4366289227781642,-3.988795226257412,-4.14004560278698,-4.140045602786979,-27.91847809659635,-16.909418453530282,-10.749759524180595,-6.366026597575479,35.9837655991898,-4.073550728976096,-3.9780310684087095,0.3373686948543514
-1.1416847606354885,-1.1600102570786057,-1.1966435073872874,-1.1966435073872872,-84.2216685990472,-83.26286891234376,-83.14267658981142,-77.49997583130005,85.59945373164243,84.59086777553723,84.46572551504839,84.15959913120734
-0.13837839395527593,-0.059687867740285845,0.10645013898431849,0.10645013898431846,134.23700650223793,108.12272596264945,100.49250772624163,92.48903306634838,-70.33119104675136,-94.02707415357229,-93.98436354251479,-89.0937645671925
0.9841922521591187,1.0198333263397217,1.0468331575393677,1.042478979105778,-6.6282243728637695,-22.118282318115224,-43.975460052490234,-74.02319335937501,8.712087631225588,24.2198257446289,46.114688873291016,76.26719665527345
106.65625,116.08993530273436,127.09494018554689,139.66976567183877,151.5534820556638,146.98303222656244,146.47796630859378,146.5733337402344,151.58044433593776,147.06489562988278,147.07588195800784,147.06314086914062
-3.538869619369507,-4.1840429306030265,-4.951269149780275,-5.861278827241177,-7.264391899108881,-8.026563644409178,-8.772984504699709,-9.442328453063967,-6.522152900695809,-5.793252468109131,-5.939871788024904,-6.14162111282349
