hips,spine,spine1,spine2,rshoulder,rarm,rforearm,rhand,lshoulder,larm,lforearm,lhand
-0.4402078320619202,-0.49400027412131087,-0.5734912286674094,-0.7044468437053791,-8.499511251815491,-23.952477743152397,-45.714754928717355,-75.571456324658,6.804833171312305,22.27581212580168,43.956555253781914,73.81421270560584
-16.328423377508688,-17.24378912424939,-18.3233295518555,-19.583367915773913,-20.30242807583484,-18.886756115426476,-16.69743591784648,-13.274917090232245,-21.58844743333038,-22.780086068743426,-25.838161112319728,-30.048885105761077
57.59729092986123,48.186067094181865,37.20755309477285,24.66364913583797,12.79979505090489,17.33996820345493,17.738571230055612,17.30454461524144,12.801351150126408,17.34448989049511,17.378033034248205,17.44425186812296
0.4244572750278883,-3.9970804768454467,-4.140578649726595,-4.1405786497265975,-28.675004065001385,-17.91721071467707,-9.905192019367421,-5.834522363708987,37.296880183591774,-3.6743558003052166,-3.5883032345930963,1.2220748078844827
-1.2488561438931136,-1.2674616665544436,-1.3046675685597395,-1.3046675685597393,-84.14556160728941,-83.59575773438948,-83.47968522642252,-77.452179775088,85.56162042230491,84.55864491936016,84.43059352435496,83.95365523726646
-0.14423423196460522,-0.06314719592175834,0.10778090323391451,0.10778090323391454,134.99095633586077,108.99108327429887,99.17197683122649,90.894710169219,-69.02066798283487,-93.54665373194635,-93.4984832922423,-87.64441842823389
0.9909278154373169,1.0287840366363525,1.0579222440719604,1.0549943517714977,-6.613323211669921,-22.101799011230476,-43.960044860839844,-74.00761413574219,8.725561141967773,24.231994628906246,46.12692642211913,76.27952575683594
106.65430450439453,116.08784484863278,127.09273529052734,139.667555436134,151.55108642578122,146.98027038574216,146.53048706054688,146.88194274902344,151.57839965820315,147.06320190429685,147.10585021972656,147.14454650878903
-3.5310134887695312,-4.178165435791016,-4.9469523429870605,-5.857041523084169,-7.2746829986572275,-8.06603050231934,-8.81669616699219,-9.403800964355467,-6.5035233497619584,-5.7453598976135245,-5.878452301025389,-6.061607837677003
