hips,spine,spine1,spine2,rshoulder,rarm,rforearm,rhand,lshoulder,larm,lforearm,lhand
-0.4750130180796997,-0.5313149969440008,-0.6131712287455833,-0.7455446716784473,-8.529665705170416,-23.957192909009166,-45.6623881826402,-75.41279732672027,6.7426146804519576,22.17405438276243,43.7776391995364,73.52903777629388
-16.430495024588605,-17.332454625856613,-18.39335318826965,-19.62518443058702,-20.14873612837313,-18.40213870822011,-15.693502453301114,-11.482607760795378,-21.771496913128658,-23.312629046366972,-26.875027990897912,-31.780377421123713
57.60053249319088,48.188032165219965,37.207718480276284,24.66102801447238,12.779756967815956,17.29108539646603,17.60264678456639,16.89081962427136,12.810096545361063,17.382526488638035,17.424572787108104,17.5008671179136
0.40092284533885675,-4.0065283883783955,-4.12186256497885,-4.121862564978849,-29.543530324793092,-18.924875774010776,-8.986027676008112,-5.585652604327351,38.67716355622697,-3.2897000189630363,-3.212658462148377,2.387870023247849
-1.3618338261880882,-1.3786720789521836,-1.41240325982654,-1.41240325982654,-84.08211452826559,-83.93897491155619,-83.82632325896368,-77.39546718580377,85.53943408395185,84.56748062934919,84.438776951349,83.72752418719054
-0.15715296202108367,-0.07854583440714885,0.08740469497012232,0.08740469497012227,135.83497385542339,109.86470698378032,97.82465189449088,89.45751699946013,-67.66447399739916,-93.10394257721015,-93.0616544658135,-85.55784644215164
0.994792103767395,1.0361422300338745,1.069773674011231,1.0729273275287796,-6.588581085205078,-22.077125549316406,-43.93647384643555,-73.98196411132812,8.748835563659668,24.25225448608397,46.14720535278322,76.29985046386719
106.65283966064453,116.08609771728514,127.09085083007812,139.66597037090273,151.55264282226557,146.98748779296886,146.5912933349609,147.17335510253912,151.57435607910165,147.05351257324222,147.11904907226568,147.19090270996094
-3.525071144104004,-4.176067352294922,-4.946633815765381,-5.852575961312525,-7.28070592880249,-8.102674484252931,-8.851810455322266,-9.35668182373047,-6.480705738067626,-5.694887161254882,-5.813893795013432,-5.9776649475097665
