hips,spine,spine1,spine2,rshoulder,rarm,rforearm,rhand,lshoulder,larm,lforearm,lhand
-0.5404214111898898,-0.5914495643627994,-0.6676294836599175,-0.7946022212625348,-8.558264820361751,-23.956639819786943,-45.593654482617346,-75.21844685089778,6.676133770872485,22.060013395817005,43.57779823085285,73.21105604873651
-16.571661487076746,-17.451981131642775,-18.485399770832494,-19.680693699463145,-20.007677661824353,-17.9469490065022,-14.731320600209198,-9.75701831247904,-21.95342184644212,-23.833037422193748,-27.88103507031156,-33.45520739795551
57.6054831945503,48.19089710276184,37.207926451294085,24.657646656376272,12.755983747485828,17.234259293161017,17.45315676543882,16.47705304537311,12.819286252080815,17.42528478606755,17.496893193510857,17.61337108196659
0.3908914590704123,-4.00732387441662,-4.104180778106361,-4.104180778106361,-30.438623718770984,-19.732367983394813,-7.924305288827567,-5.0290178637192025,40.1307400975942,-2.8960505792186817,-2.8261106079944924,3.371753300507615
-1.4823419170900731,-1.4975649031107434,-1.5281005813860915,-1.5281005813860917,-84.01085291270184,-84.22694989112046,-84.11331693821049,-77.25614960479953,85.51054811729374,84.60658046389773,84.47765648020821,83.45101088727225
-0.1807209764056352,-0.09916869208516696,0.07265966335321616,0.07265966335321618,136.71094707231413,110.54334928778479,96.37765461822988,87.9077827887322,-66.22962141490817,-92.68872975864633,-92.65274608052343,-83.38538705016094
0.99656742811203,1.0432097911834715,1.0824052095413208,1.0905205381231426,-6.565127372741699,-22.053123474121097,-43.91353988647461,-73.95552825927736,8.770648002624513,24.271333694458008,46.16631317138672,76.31904602050783
106.6513671875,116.0844955444336,127.08921813964845,139.66461770564595,151.55363464355457,146.99259948730472,146.6477813720703,147.4371490478516,151.5712890625001,147.04632568359378,147.12077331542966,147.20542907714847
-3.5235722064971924,-4.176191329956055,-4.9468703269958505,-5.848886113769911,-7.288777351379389,-8.143436431884764,-8.886322975158691,-9.311314582824709,-6.457808017730718,-5.6421003341674805,-5.746062755584716,-5.889130115509034
