hips,spine,spine1,spine2,rshoulder,rarm,rforearm,rhand,lshoulder,larm,lforearm,lhand
-0.6402851945044283,-0.6782122951505123,-0.7401638313154305,-0.853282484915569,-8.58614961985542,-23.953689228587958,-45.5143967560332,-74.99963420161653,6.606113487631195,21.93549047662281,43.362095060531956,72.8696786321087
-16.74571942433198,-17.59786146244197,-18.596916354171686,-19.749481631471873,-19.88347068682365,-17.529907941848673,-13.83266388659641,-8.137766794517535,-22.13325557921833,-24.33436871795817,-28.83937061044859,-35.043141780215905
57.61027718312687,48.19303552573875,37.20678914367184,24.652380753213606,12.726957096839556,17.166623349875152,17.287032108430026,16.056681276162948,12.828737643226361,17.473798809303076,17.591776100890456,17.76501507203531
0.3964224769778149,-3.9969828669297596,-4.0842376451445555,-4.0842376451445555,-31.32053561152735,-20.290454689975878,-6.771354629717491,-3.7159730039643746,41.56302964732975,-2.488603320759772,-2.4271394703837084,4.126672183988152
-1.6013953625470096,-1.6150819794254907,-1.6425584516252971,-1.642558451625297,-83.94060771239934,-84.44531266950152,-84.32503042238501,-77.11927204725215,85.4813939819958,84.65136370346869,84.51978516898714,83.18028022263927
-0.2145980527859551,-0.12732121766849935,0.05594843443443408,0.055948434434434084,137.57183687996738,110.97337015623279,94.87204435660041,86.01613605206896,-64.81789915342624,-92.28805925522893,-92.24708846858412,-81.51774570558305
0.9959390759468079,1.0494893789291384,1.0956169366836548,1.1090761830057922,-6.54033041000366,-22.027860641479492,-43.88930130004883,-73.92668151855469,8.793756484985352,24.291488647460934,46.18658447265625,76.33938598632812
106.6497802734375,116.08293914794922,127.08778381347655,139.66349543200496,151.55517578124997,146.99880981445312,146.70468139648438,147.68336486816406,151.56819152832028,147.03857421875003,147.1111907958985,147.20042419433594
-3.525813341140747,-4.177481174468996,-4.946132183074952,-5.843722690453451,-7.2947340011596715,-8.181922912597651,-8.916172027587887,-9.266616821289062,-6.433131217956537,-5.588053703308104,-5.676655769348148,-5.79861879348755
