hips,spine,spine1,spine2,rshoulder,rarm,rforearm,rhand,lshoulder,larm,lforearm,lhand
-0.7735135223518882,-0.7942446685721258,-0.8356793560600096,-0.9243070466569886,-8.614066800349484,-23.95007913318435,-45.42726905255978,-74.76178318867393,6.5318627151392405,21.798958485082828,43.12892861019545,72.50598008875974
-16.940962169219247,-17.761863035711748,-18.722840612286397,-19.828139076461618,-19.771339321605744,-17.139712517497916,-12.982706584223354,-6.606825314019919,-22.312085125809563,-24.8230338339141,-29.76365184056136,-36.55703845123825
57.6130640569727,48.19299983129345,37.203262883966474,24.644408118495647,12.69052396399249,17.082811750870235,17.101122513326146,15.632261409845768,12.839348496706322,17.532085848160392,17.70489507781957,17.934492860889208
0.40273756982370934,-3.9836491757828494,-4.056870639848666,-4.0568706398486665,-32.15811459015082,-20.621958744346102,-5.634223966611766,-1.7131917398787848,42.880135067690965,-2.1295914505723204,-1.8563255557627045,5.152545546371504
-1.7086589693713112,-1.72067377685885,-1.7448399153941154,-1.744839915394116,-83.88300439175555,-84.60728032906893,-84.47568668896018,-77.08229213642264,85.46153992720303,84.66538076819174,84.52742217810564,82.97262698105807
-0.24545213545243522,-0.15977857340466367,0.020278291038686367,0.02027829103868636,138.36982747689302,111.17793410455799,93.42018935709426,83.82208227892816,-63.53977411177052,-91.94688077951118,-91.65901868132963,-79.86200088815929
0.9936784505844116,1.0534982681274412,1.1072001457214358,1.1299077827392696,-6.509664058685303,-21.99834632873536,-43.86079788208008,-73.89288330078126,8.822864532470705,24.31629180908203,46.211429595947266,76.36429595947266
106.64778900146484,116.0809783935547,127.08596801757814,139.66209679288278,151.55912780761727,147.0126190185547,146.76847839355472,147.91577148437497,151.56240844726557,147.02294921874994,147.08938598632815,147.18908691406253
-3.5284459590911865,-4.179043769836426,-4.9450936317443865,-5.836632735101002,-7.295595645904548,-8.212604522705078,-8.9367094039917,-9.220784187316896,-6.406621456146236,-5.536057472229004,-5.6117033958435085,-5.704870700836183
