hips,spine,spine1,spine2,rshoulder,rarm,rforearm,rhand,lshoulder,larm,lforearm,lhand
-0.9104248539876312,-0.9127188074281447,-0.9324762671669815,-0.9959389998367241,-8.6399606783659,-23.940682392265575,-45.32768986184253,-74.50134770831058,6.455914955888986,21.657021118197505,42.88595108719529,72.13369948414153
-17.135674677376716,-17.924819303112123,-18.847595905047974,-19.906557042755708,-19.665534318028108,-16.76700029359813,-12.169306763905052,-5.1437005287237465,-22.485788503641977,-25.29459100628454,-30.650561924542117,-37.978970495399636
57.614562551431334,48.19175642512059,37.198687083026854,24.63568798356718,12.65479184926869,17.001935836670526,16.919932688410995,15.228144828498671,12.848361931843101,17.58631384598897,17.816565268783023,18.095881452432366
0.4059389553285396,-3.976047528590567,-4.040491060230458,-4.040491060230458,-32.84486907792837,-20.957150731801637,-4.511679063289632,0.4452521850073245,44.01514595895603,-1.7609226032499763,-0.7329121820476524,6.485877847975394
-1.8031520945923996,-1.8145851025492241,-1.8376051311533006,-1.8376051311533006,-83.82412705950667,-84.77258046451894,-84.6284074626418,-77.21802757360088,85.43399899651875,84.62961942546518,84.48212423678491,82.82844584971706
-0.2731313417330182,-0.18771782493898198,-0.008186273330151803,-0.008186273330151799,139.02468799831973,111.38812852841178,92.00819687606902,81.68260808596904,-62.436304149806276,-91.60517635437311,-90.51115410702174,-78.46251824656238
0.9916496872901917,1.057082653045654,1.1173605918884275,1.147644216708866,-6.4837536811828596,-21.973157882690423,-43.836448669433594,-73.86274719238278,8.847316741943358,24.337108612060547,46.23230743408204,76.38524627685548
106.64471435546875,116.07791137695311,127.08296966552734,139.65933989332862,151.56051635742188,147.02183532714844,146.82685852050778,148.12916564941412,151.55604553222653,147.00877380371097,147.06546020507818,147.1806945800781
-3.5275654792785645,-4.177597999572754,-4.942149639129637,-5.8300501842243335,-7.2979726791381845,-8.241358757019043,-8.954169273376463,-9.175516128540043,-6.38417625427246,-5.489829540252686,-5.5527820587158185,-5.589879035949707
