hips,spine,spine1,spine2,rshoulder,rarm,rforearm,rhand,lshoulder,larm,lforearm,lhand
-1.1893049141140284,-1.1546835807673137,-1.1298560336277752,-1.138889628868964,-8.68379859981271,-23.90780738280985,-45.10524209029892,-73.94396829361663,6.305469773964253,21.367572912195538,42.393138493188644,71.38368057796478
-17.498744855893367,-18.22684643127332,-19.076677899948102,-20.048291055480416,-19.466054826260578,-16.07663189357782,-10.677786262471585,-2.4709093962296755,-22.800818372977112,-26.158307416984258,-32.25741523383688,-40.53961816626917
57.61659114446273,48.188944384161374,37.190014874584534,24.619801715978525,12.587921994563004,16.848473309280962,16.585571524640585,14.512395435520318,12.866988294577055,17.69103891821942,18.0560908384642,18.466260760076437
0.41296291016795295,-3.9613097751743305,-4.0103448922572955,-4.0103448922572955,-34.00305299292537,-22.868901595977967,-2.5369186673471225,3.533879012875968,45.934282669474634,-0.675766357608809,1.7637458967571964,8.890970339812755
-1.9656826175780782,-1.9757371291615542,-1.996051983905559,-1.9960519839055595,-83.72298299474295,-85.29917393380136,-85.15194086674524,-78.08662443797098,85.3847923851789,84.63980161068288,84.46702678685865,82.62667507736393
-0.31035215887120127,-0.23153929984904256,-0.06521478787596244,-0.06521478787596242,140.12000325452303,113.08693162493843,89.55545853904952,78.27291348652169,-60.57934832309993,-90.64406772966052,-88.04101053837589,-76.15782254796945
0.9893774390220642,1.0627433061599731,1.133491635322571,1.1785183021119412,-6.437157630920411,-21.928306579589847,-43.792671203613274,-73.80736541748044,8.891312599182132,24.37411880493164,46.26946258544921,76.42232513427734
106.64236450195312,116.07557678222656,127.08076477050781,139.6575617620135,151.56695556640614,147.04391479492196,146.93428039550778,148.49264526367188,151.5470123291017,146.9841156005859,146.99525451660153,147.10263061523432
-3.520211935043335,-4.169039726257324,-4.93069076538086,-5.811895972111482,-7.294663429260247,-8.283266067504888,-8.979993820190426,-9.092449188232424,-6.338475704193121,-5.403685092926024,-5.427845478057862,-5.338371276855469
