hips,spine,spine1,spine2,rshoulder,rarm,rforearm,rhand,lshoulder,larm,lforearm,lhand
-1.312314119751786,-1.2613919646541367,-1.216990533220012,-1.2023661945575304,-8.701030706276491,-23.885331241339465,-44.988840211464414,-73.67065492896603,6.235537185277877,21.23077927541319,42.16240794639915,71.02734808262684
-17.667471342135798,-18.365749058879192,-19.18043511185315,-20.111018337280996,-19.376399080164067,-15.77233561229651,-10.02077368237148,-1.3088301922764742,-22.937001808320943,-26.536171794551542,-32.94554113115233,-41.65000949523309
57.61867195929278,48.18884482902206,37.18730362758524,24.613991670431346,12.561539030380033,16.78761950396003,16.4569307283557,14.271274464587293,12.874527198728032,17.73257823665213,18.17354790357561,18.684724175519165
0.42027810811890365,-3.952573829638255,-3.998776409608484,-3.9987764096084857,-34.49294660589326,-24.05709103180721,-1.893723891076929,4.377102121428958,46.76185185094508,0.2571582588111899,2.7981774109103985,9.436423427086307
-2.038720611240283,-2.047888506740147,-2.0664288689325208,-2.066428868932521,-83.67608715980114,-85.57250074853262,-85.43417099153847,-78.52156244753466,85.35973606939913,84.68943722890455,84.51060024064158,82.39564226131948
-0.3231547130193373,-0.24706168365928613,-0.08617692501759625,-0.08617692501759626,140.5864072459901,114.20184479205089,88.79323967657437,76.82610321475859,-59.775038566299514,-89.82214971258213,-87.1105770443335,-75.02630021011963
0.9900368452072144,1.0662952661514282,1.1409246921539309,1.1915437505467197,-6.418037414550781,-21.90961456298829,-43.77437210083008,-73.78575897216797,8.909245491027834,24.389282226562504,46.28463745117188,76.4374313354492
106.64151000976562,116.0747833251953,127.080078125,139.65703408511334,151.56947326660165,147.05218505859384,146.97257995605466,148.59490966796875,151.54382324218741,146.97518920898438,146.94543457031247,147.00050354003906
-3.5129594802856445,-4.160542488098145,-4.920483589172362,-5.799112675268912,-7.288849830627438,-8.297391891479498,-8.985833168029782,-9.064906120300291,-6.313834667205817,-5.36093616485596,-5.351847171783447,-5.211034774780273
