hips,spine,spine1,spine2,rshoulder,rarm,rforearm,rhand,lshoulder,larm,lforearm,lhand
-0.3797181899651415,-0.4275440958787902,-0.4854672894693436,-0.558420786375139,-8.295633364744981,-23.764111229694127,-45.63709401322157,-75.69029052684286,7.046741041217821,22.580148522636968,44.471795365853225,74.61709290999075
-17.323404500039523,-18.09380033143593,-18.98280510540496,-19.976397489251543,-21.43239579723413,-22.111439937171248,-22.3850026009478,-22.700337428267943,-20.742557253770457,-20.036420451250045,-19.635792686252866,-18.966431476214424
57.64533413220255,48.22109620186973,37.225379993594544,24.657093533432658,12.822960499531746,17.478718313658135,17.696243387829583,17.86820727418106,12.711451682030372,17.141519760686634,17.085698098461933,16.92288752774141
0.012324520257344249,-4.286208265684299,-4.183403971065141,-4.183403971065142,-15.70430927953252,5.739027226895167,6.838644667415893,8.316650787036195,17.248112394912393,-2.2486813866728452,0.7096394760085678,2.777354108302641
0.1801093363669049,0.1918567287537621,0.21506435486478562,0.21506435486478562,-85.06238330270793,-85.00651878752214,-84.8250156735063,-84.82876037142245,85.81007156809639,85.68997453024308,85.52444847072886,85.45070448156132
-0.05238314869495704,-0.043139788391191314,-0.015939140191724734,-0.01593914019172474,121.95272633828668,84.42632069847626,83.09125306551203,81.59663678935468,-89.13795418930518,-92.52460677375616,-89.41289089346817,-87.54781467215335
1.0480469465255737,1.0544191598892214,1.0599411725997925,1.0599869229612164,-6.6175928115844735,-22.131408691406246,-44.00628662109375,-74.05985260009766,8.736370086669922,24.24767303466797,46.14269638061524,76.29578399658203
106.63897705078125,116.06768798828126,127.0685806274414,139.6427005770702,151.5418395996092,147.00415039062497,146.9492492675781,147.0003662109375,151.53634643554707,146.98797607421872,146.88029479980472,146.81726074218753
-3.72591495513916,-4.441056251525879,-5.265550136566162,-6.185267524078211,-7.408523082733147,-7.7851963043212855,-7.594851970672607,-7.272071361541751,-7.0444393157959055,-6.694170475006104,-6.75880479812622,-6.7296557426452654
