hips,spine,spine1,spine2,rshoulder,rarm,rforearm,rhand,lshoulder,larm,lforearm,lhand
-1.423720125399673,-1.3599615767534172,-1.2989109160249837,-1.2614281333088706,-8.714931918216058,-23.859845960399795,-44.87200741411022,-73.40499527552379,6.170005185096545,21.100132057362305,41.944032130927276,70.68785987828876
-17.827908823397657,-18.49644619998754,-19.276476807526493,-20.167525082642925,-19.291195069507737,-15.490673160048665,-9.416428023964972,-0.24600634008644562,-23.059149479384644,-26.880803068037356,-33.564380253674486,-42.65362758468137
57.62028593850748,48.18838083289441,37.184416281056244,24.60828807738997,12.537333945997915,16.7323841915603,16.35666797021827,14.09910616843095,12.880718684242538,17.769194737532388,18.289046201689928,18.91495800793666
0.4292922475947736,-3.942202471688938,-3.9856940572618447,-3.9856940572618433,-34.93122057141371,-25.155217369733503,-1.3100187652838169,4.888507978189122,47.48814153334144,1.4098329103019231,3.7994594781206708,9.817342633887172
-2.1016043707992287,-2.1100401328319687,-2.1271316210979143,-2.1271316210979143,-83.63724370942212,-85.8045310285469,-85.6749433678393,-78.83889439513352,85.34001525046128,84.75878158774772,84.57791815229194,82.12206282291606
-0.3286654990911483,-0.26135523218047274,-0.11803689556195991,-0.11803689556195994,140.99059645695974,115.26106314211015,88.14277623840229,75.56562956256629,-59.082507796827535,-88.81233866686718,-86.26216657294238,-73.58786498807737
0.9925408363342285,1.0703628063201902,1.1484893560409548,1.2069266439293915,-6.394545078277587,-21.88748168945312,-43.7525634765625,-73.76208496093751,8.931674003601072,24.40815353393554,46.3033447265625,76.45591735839844
106.64083099365234,116.07419586181639,127.07959747314455,139.65672206319186,151.5736389160156,147.06507873535156,147.00202941894528,148.66050720214844,151.53939819335943,146.96206665039054,146.87957763671875,146.85636901855472
-3.5040032863616943,-4.150077819824219,-4.907997608184813,-5.783722857591944,-7.278823852539068,-8.304803848266602,-8.98507499694824,-9.036912918090817,-6.287570953369137,-5.319304466247557,-5.2701311111450195,-5.081342220306398
