hips,spine,spine1,spine2,rshoulder,rarm,rforearm,rhand,lshoulder,larm,lforearm,lhand
-1.5120246123761079,-1.4379041761072937,-1.3640227767981767,-1.3101715530624096,-8.725135613989712,-23.82933852888749,-44.754329214273945,-73.14214681973489,6.109487627850317,20.978586429359847,41.73922508870721,70.36939157978097
-17.976809161843324,-18.61555232610981,-19.361894660419832,-20.216867891907604,-19.210013780537484,-15.227757600872287,-8.860671192784178,0.7357567984248874,-23.169530369105217,-27.19651139936241,-34.128081520932724,-43.561566772124834
57.623054415638094,48.18915917507334,37.18293906395503,24.604366275209088,12.519854194299143,16.693110685465058,16.2994879768589,13.983869302762884,12.884548060418354,17.79422855837626,18.390550489576498,19.124279188886277
0.45279606015879276,-3.9236514373663196,-3.977057494484051,-3.9770574944840518,-35.284206168655025,-26.0931286062244,-0.5520566397437814,5.189217892652842,48.08821163221393,2.616875975640648,4.941833099245156,10.304430444807847
-2.1510613760372914,-2.160322094601362,-2.1790678582958587,-2.1790678582958583,-83.60210004384375,-85.96990143775986,-85.84320778328399,-79.09062344749934,85.32036958967691,84.82103330625738,84.63645860931321,81.91375361313682
-0.3315818132820279,-0.2697747618051074,-0.13745983707312695,-0.13745983707312703,141.32231017098675,116.20863618840558,87.32341063780893,74.60023454663201,-58.50352629586725,-87.76166928071805,-85.2800685072818,-71.96335271302661
0.9952192902565002,1.073935151100159,1.1542108058929443,1.2176336874966736,-6.378507614135739,-21.87202453613282,-43.73725509643555,-73.74490356445312,8.946796417236326,24.420890808105465,46.31560516357422,76.46764373779295
106.64009094238281,116.07371520996095,127.079345703125,139.65657998060914,151.57626342773443,147.07301330566415,147.00753784179688,148.6993713378906,151.5367584228515,146.95413208007815,146.81369018554685,146.70855712890628
-3.4963812828063965,-4.1385674476623535,-4.892901420593262,-5.766702341859224,-7.266923427581791,-8.307621002197266,-8.983911514282228,-9.004918098449702,-6.26177883148193,-5.280159473419191,-5.189931392669676,-4.947131156921387
