hips,spine,spine1,spine2,rshoulder,rarm,rforearm,rhand,lshoulder,larm,lforearm,lhand
-1.5816115127662518,-1.500067665550525,-1.4169548848316094,-1.3512389358398895,-8.732176680061643,-23.7945413867189,-44.636899367838865,-72.88360306622431,6.052897327841839,20.863601680692682,41.544127103508046,70.07084031517996
-18.111890952704105,-18.72192503156974,-19.436559493598487,-20.259356378666432,-19.131559697966683,-14.978078561853124,-8.345000899908017,1.6491366807798435,-23.270868175817903,-27.48988535109944,-34.65062175257521,-44.385363582285315
57.62588093719485,48.19014409248179,37.1818800200807,24.60121790385608,12.50656218169891,16.66408567560478,16.28066144863257,13.92143343792992,12.886564275171708,17.811417282358093,18.479026941988963,19.300078316505193
0.48190113091772,-3.903097393409349,-3.9736117708836822,-3.9736117708836822,-35.51287105151739,-26.713382103581885,0.34268242813518074,5.373421183088511,48.492502963706116,3.745342193990215,6.357577603584213,10.802291549085377
-2.1802744693591904,-2.1920515738139112,-2.21581414312582,-2.21581414312582,-83.57546455506753,-86.05345708465312,-85.92140391712364,-79.25974934420287,85.3039103274356,84.86237755099289,84.66570325700734,81.79050612380374
-0.33100282042246915,-0.27494627319400394,-0.1541232846789754,-0.15412328467897535,141.5330053048052,116.89117556462212,86.3759667606186,73.75969025830096,-58.117110914271215,-86.79356910059686,-84.00460635627961,-70.59864280163721
1.0009418725967407,1.079709768295288,1.1612468957901,1.2288589315474598,-6.362877368927002,-21.857017517089837,-43.72211837768555,-73.72818756103517,8.961762428283693,24.433885574340827,46.327938079833984,76.47898101806642
106.6386489868164,116.07260131835936,127.07849884033202,139.65576527651695,151.5777282714843,147.07901000976562,146.99026489257812,148.71092224121094,151.53373718261727,146.94657897949227,146.74649047851562,146.57057189941406
-3.488654375076294,-4.126039505004883,-4.876412391662597,-5.7494359815357114,-7.253830432891853,-8.304731369018551,-8.981568336486816,-8.968798637390138,-6.238857746124261,-5.247580051422119,-5.119479656219483,-4.809072017669678
