hips,spine,spine1,spine2,rshoulder,rarm,rforearm,rhand,lshoulder,larm,lforearm,lhand
-1.6884240181177228,-1.5993083436399327,-1.5049032037733419,-1.420644598812979,-8.737913291174642,-23.713661982764876,-44.404786866982185,-72.3921463394103,5.947477518208286,20.643167071347317,41.164551271788206,69.52266445729241
-18.334097008142983,-18.896673615993237,-19.557836313906733,-20.323814590543158,-18.97164340541849,-14.493968639329193,-7.3983020210251595,3.3040230437138813,-23.44976683851229,-28.02915087648845,-35.61854479356029,-45.822993868136294
57.633823356101786,48.19520989239349,37.183696884189374,24.599558043972706,12.489226650237839,16.623006478274164,16.343680862765183,14.000153790891062,12.89217352304513,17.839596454772447,18.665254497130405,19.614729685117396
0.5245029691282657,-3.8664330433397214,-3.948828221828809,-3.948828221828808,-35.80048093277816,-28.913584119805797,1.6714373048656346,4.431082021567565,48.8668612647508,6.1082882451537435,11.742764668127371,14.894866422176282
-2.186492255624552,-2.2030475974573966,-2.236395544553459,-2.236395544553459,-83.57459163066781,-86.21350027245954,-86.09854706427238,-78.93869423944753,85.31388412026354,85.45450107680058,85.16561887309179,82.20511143526754
-0.3394651690080997,-0.29917732415002773,-0.20987699006678914,-0.20987699006678917,141.76401602595053,119.3859109856456,85.08899905804752,71.36654078852393,-57.798810579151535,-84.83455843185797,-78.85813875291716,-64.27087088604563
1.0124201774597168,1.0923857688903809,1.178453207015991,1.2584066440770836,-6.321382522583008,-21.819421768188477,-43.68311309814453,-73.69026947021484,9.002840042114258,24.470207214355476,46.361968994140625,76.50928497314453
106.63497161865234,116.0693817138672,127.07572174072266,139.65329279257932,151.58316040039057,147.0997161865234,146.8992462158203,148.59959411621094,151.5240783691407,146.92170715332034,146.56886291503906,146.27435302734378
-3.4741480350494385,-4.104520797729492,-4.847850322723389,-5.7154253719481725,-7.2174139022827095,-8.275838851928711,-8.974387168884277,-8.914766311645504,-6.196938037872316,-5.202063560485843,-5.017434597015376,-4.500258922576904
