hips,spine,spine1,spine2,rshoulder,rarm,rforearm,rhand,lshoulder,larm,lforearm,lhand
-1.7337733856252688,-1.6410330262415256,-1.541705781841927,-1.450229338244161,-8.737574246243472,-23.669246999573154,-44.293256741619516,-72.15842225101967,5.898139321950269,20.537464239917036,40.982741634515605,69.26185024633418
-18.41699597757238,-18.960996502204516,-19.601020815422977,-20.3440424858397,-18.890055632336225,-14.25883387772711,-6.9679585348838895,4.054936750582174,-23.527170499376943,-28.274252253314277,-36.05531192997372,-46.46737495908919
57.63917009481881,48.199503357346046,37.18678450121406,24.601319732672692,12.484729968291447,16.608911867277925,16.40865703583495,14.094985464859946,12.896916177855843,17.85339411180965,18.777555705574514,19.824602002946875
0.5431407239542067,-3.8494692839165117,-3.935206805468076,-3.935206805468077,-35.851244059836226,-32.16221481619398,2.397830939470796,2.839379879581353,48.871435108725265,8.080331407267956,15.703260735705463,21.559304658113255
-2.17251172666003,-2.1909918897091103,-2.2281906908301092,-2.2281906908301083,-83.58943166936261,-86.43416752681667,-86.37401030583128,-78.73609071875103,85.32977734730197,86.00241748239061,85.64789442099877,82.7257553613951
-0.35003729050580884,-0.3143904566437222,-0.23436477147375254,-0.2343647714737526,141.790507079322,122.8516244365395,84.42196767284676,69.6309273226803,-57.81820415213893,-83.11628992097381,-75.07837679743294,-55.14100164190695
1.0164058208465576,1.097843289375305,1.1865532398223877,1.2716425749194424,-6.303374290466309,-21.80347442626953,-43.66537094116211,-73.67420959472655,9.020973205566406,24.486560821533203,46.376285552978516,76.52062225341797
106.63302612304688,116.067626953125,127.07416534423827,139.65190811569948,151.58531188964844,147.10859680175778,146.82638549804688,148.49612426757812,151.5195770263672,146.91049194335938,146.46078491210938,146.07249450683588
-3.4671196937561035,-4.0944318771362305,-4.834510803222656,-5.699102708485206,-7.197173118591305,-8.254462242126467,-8.978741645812988,-8.899239540100098,-6.178892135620121,-5.187314033508301,-4.972728729248048,-4.353421211242672
