hips,spine,spine1,spine2,rshoulder,rarm,rforearm,rhand,lshoulder,larm,lforearm,lhand
-1.7861412650346367,-1.690740498698716,-1.5860153941083968,-1.483113176892549,-8.736736152877118,-23.62618420760014,-44.188420939922075,-71.93516526482938,5.849844751700913,20.432037407215354,40.80758642587805,69.00110246930815
-18.489526853752658,-19.019217612580412,-19.641583557546035,-20.362182896160384,-18.810813389204203,-14.03380204918685,-6.568502922116185,4.75620447310963,-23.59908188348142,-28.505779115780747,-36.45496937506803,-47.082731057953886
57.643736469959364,48.203266595745674,37.18958535502654,24.602905081438962,12.478165040671485,16.58863192146339,16.47842483429605,14.199818781905265,12.903588362582866,17.873088817322895,18.8992461570721,20.07884624615778
0.5483352027781433,-3.8354381831899325,-3.9034764657063925,-3.9034764657063934,-35.9497432447075,-36.86144600063473,3.4746512738748483,0.5975573231545879,48.84295058313704,10.705070972279978,19.350257076584942,31.194532048064186
-2.154720999953527,-2.1714979313883256,-2.2053290038940543,-2.2053290038940547,-83.6269468974196,-86.70439673487644,-86.73150277727413,-78.79081297609402,85.36879538438092,86.44175233217979,86.04273379340584,83.11428561557558
-0.35945670797208507,-0.33389318868590523,-0.2740483266172298,-0.27404832661723,141.8499377066027,127.79876814612498,83.41460301089765,67.54199571054419,-57.8850442046289,-80.75409123690865,-71.67607021915644,-42.337620862673155
1.021989107131958,1.104750871658325,1.1968544721603398,1.2900444954230903,-6.277552604675293,-21.78105926513671,-43.64057922363281,-73.65129089355469,9.047149658203123,24.510053634643555,46.397029876708984,76.53790283203125
106.63159942626953,116.06626129150389,127.07295227050784,139.65111326177745,151.59042358398435,147.12471008300773,146.74960327148435,148.38339233398438,151.5138397216797,146.89382934570318,146.34413146972656,145.8269500732422
-3.4603042602539062,-4.086763381958007,-4.824158668518068,-5.681803280175783,-7.17024469375611,-8.223868370056152,-8.978254318237305,-8.874417304992676,-6.1580796241760165,-5.175196170806882,-4.9227566719055185,-4.233247756958008
