hips,spine,spine1,spine2,rshoulder,rarm,rforearm,rhand,lshoulder,larm,lforearm,lhand
-1.8221540319706837,-1.7263215569129455,-1.61920022174403,-1.509235791712673,-8.734403485557358,-23.582335716508048,-44.086505930519046,-71.71644934883662,5.805586656893137,20.335001807725035,40.64492549742738,68.75197851110761
-18.530420367336983,-19.052491566199727,-19.66452813061234,-20.37003072593564,-18.734413039300893,-13.821504924531611,-6.1973556929452,5.41521922388937,-23.66149234916686,-28.712728350383117,-36.816148240441834,-47.65590559934026
57.64802286133339,48.20713626259547,37.192904068042495,24.60542828873085,12.474777498637167,16.575113945707784,16.55569313815508,14.306387990681998,12.909988544896407,17.88910122288607,19.006233009934817,20.312902436415897
0.5416160720321187,-3.831709019556802,-3.878848904300585,-3.8788489043005843,-36.02478794652317,-43.33870520665864,5.291774088344326,-2.2019016559062083,48.816417950220725,13.233406750431984,22.209249970817726,-138.9574547393251
-2.146570071372781,-2.1600140466191804,-2.1872041723169824,-2.1872041723169824,-83.6563724556704,-87.00520735172195,-87.15991403360165,-79.26080460584875,85.399283989473,86.7004439514691,86.27332558616655,96.8086910567133
-0.3745834891433584,-0.3561823785213525,-0.3106724552543747,-0.3106724552543747,141.8888325385403,134.51954791785886,81.64802780612385,65.34712098469993,-57.94716866744602,-78.46745446468199,-69.06003383754134,-209.47363039150767
1.028333306312561,1.1135381460189822,1.209748983383179,1.3105034427242344,-6.250123023986816,-21.75670623779297,-43.61344528198242,-73.62546539306642,9.074845314025879,24.535131454467766,46.4191780090332,76.5563507080078
106.63096618652344,116.06552886962892,127.07222747802736,139.6506966704101,151.5953521728514,147.1397399902344,146.67422485351568,148.2819671630859,151.50878906250017,146.87873840332026,146.23712158203125,145.59201049804688
-3.4529333114624023,-4.080507278442383,-4.8171916007995605,-5.669443850922047,-7.150360584259038,-8.201033592224125,-8.985430717468262,-8.848111152648924,-6.143044948577878,-5.167014122009276,-4.878514766693114,-4.1376996040344265
