hips,spine,spine1,spine2,rshoulder,rarm,rforearm,rhand,lshoulder,larm,lforearm,lhand
-1.856562411956161,-1.7660274685175041,-1.6596348425009735,-1.5380429446969441,-8.730628985615557,-23.53913661506776,-43.987438266082364,-71.50173050580476,5.763296104774234,20.23902006938529,40.481256213828544,68.51659950297696
-18.54860852272537,-19.069341146513054,-19.677180257088832,-20.37185309472917,-18.65919321279046,-13.615232345092556,-5.842638096214298,6.042375212435395,-23.718766460629812,-28.90666168197481,-37.16805800405645,-48.18399879718308
57.651807674201834,48.21080470459685,37.196332896983705,24.608361748237343,12.468982376075218,16.55281421690603,16.610076697842572,14.366628066317872,12.920234225442499,17.915249995789196,19.101419283471785,20.474181151768704
0.5263928206199413,-3.8233766190942395,-3.823375342122526,-3.823375342122526,-36.199263372421626,-50.03785211402485,8.00240462240736,-5.369313367403514,48.76072874670632,14.638347672709816,25.021164496958914,-132.36044946024197
-2.1470333235955197,-2.146869601237827,-2.1468696012378268,-2.1468696012378268,-83.72218701628856,-87.23786507103853,-87.5258544652331,-80.0901060305205,85.46770091851657,86.86949954463765,86.37894871111386,96.98159082534457
-0.3880212313410946,-0.39236391546454513,-0.3923639154645451,-0.3923639154645451,141.98266024725862,141.40409103098102,78.92355932725083,63.66945540267389,-58.082282051121965,-77.26639103210657,-66.39656073676375,-200.50153668153752
1.0360809564590454,1.1235961914062498,1.226529359817505,1.3441673267050314,-6.200884819030763,-21.714393615722653,-43.568721771240234,-73.58006286621094,9.124645233154297,24.579177856445312,46.460601806640625,76.59439086914062
106.6300277709961,116.06439208984375,127.07113647460938,139.65027629464336,151.60685729980472,147.17381286621085,146.64002990722653,148.25547790527344,151.49803161621088,146.8455657958985,146.12600708007818,145.4036102294922
-3.4420270919799805,-4.0721120834350595,-4.807203769683839,-5.647308096193355,-7.111339569091795,-8.155506134033192,-8.963563919067383,-8.782970428466799,-6.1148157119750985,-5.154083251953125,-4.851904392242433,-4.046423435211182
