hips,spine,spine1,spine2,rshoulder,rarm,rforearm,rhand,lshoulder,larm,lforearm,lhand
-1.8205956354210562,-1.7400328260618334,-1.6452739299714496,-1.536978050915783,-8.723429184344324,-23.489305880890306,-43.88228980741975,-71.27967121168744,5.730551055986999,20.168172925889216,40.33494206315691,68.3190099033908
-18.533886559190567,-19.055536917747048,-19.664446686123036,-20.360343313515692,-18.591471726595227,-13.431150307114825,-5.515335854184292,6.629894602321301,-23.764820383760892,-29.066248359285375,-37.50322955522813,-48.65009412209393
57.65484170889178,48.213800020920104,37.19927491368912,24.61124995068556,12.476290933987741,16.569199213011046,16.685287242522207,14.404813853050086,12.918674429348357,17.904834705813556,19.140268464475923,20.501716856400662
0.5156589667172119,-3.834105117469838,-3.834103840498125,-3.834103840498125,-36.14396171621501,-53.0148569049778,10.509912778558627,-7.745129086370249,48.7309198040473,14.68796295714668,28.68198370149301,-130.83328312582935
-2.1510159664561956,-2.1508530666310595,-2.1508530666310604,-2.1508530666310604,-83.712479974658,-87.28741300608337,-87.62236927744503,-80.85550751956114,85.4565053814874,87.0523936091543,86.42036985847257,97.23664385461053
-0.3990247055152818,-0.40336802620603296,-0.4033680262060332,-0.4033680262060332,141.9162942056054,144.4942155623966,76.3012959894074,62.65677444753687,-58.1234048135654,-77.38824861592343,-62.75782393445257,-197.0867731593004
1.0474562644958496,1.1368926763534544,1.2420673370361326,1.3622669233845182,-6.180305480957034,-21.69464874267578,-43.547142028808594,-73.55484008789064,9.145134925842285,24.598701477050778,46.478107452392585,76.60884857177734
106.62798309326172,116.06221008300781,127.0688018798828,139.6477602063989,151.60557556152335,147.17541503906244,146.59918212890628,148.27549743652344,151.49388122558602,146.83851623535153,146.05261230468756,145.32037353515625
-3.430004358291626,-4.061858654022216,-4.799007892608643,-5.641463862882732,-7.1082530021667525,-8.152647972106932,-8.979619026184084,-8.75221252441406,-6.1106634140014595,-5.1480026245117205,-4.862564563751222,-3.958988189697264
