hips,spine,spine1,spine2,rshoulder,rarm,rforearm,rhand,lshoulder,larm,lforearm,lhand
-0.33480961458960995,-0.3910997879265715,-0.45955594222227486,-0.5460496952579929,-8.296573561309847,-23.761176208913632,-45.634363176407824,-75.68792859167797,7.046429684447283,22.584989700890084,44.4769763791078,74.62354897166504
-17.359610155212536,-18.125924495158316,-19.008562024432,-19.991202674753747,-21.42850583855587,-22.09466901693696,-22.33712814450171,-22.606275435773135,-20.755341603089096,-20.070015709406935,-19.690579386776488,-19.075030275396568
57.64635216751505,48.22183488707205,37.225668160149965,24.656606589544964,12.82889942433809,17.49940877971892,17.73132948063497,17.916415936039044,12.702779831005643,17.118052361018243,17.063472538818303,16.92065821718589
0.02632936811594644,-4.2637767616778115,-4.144094719449912,-4.14409471944991,-15.525335086372328,6.554831318898842,7.714078108235813,9.286722736205032,16.669463727951776,-2.79052943121932,-0.36238729078866555,1.6195886583406323
0.22164218173489247,0.23371391603436154,0.25755241660665573,0.25755241660665584,-85.11819396584414,-85.08500001927527,-84.89913582338852,-84.9547261430707,85.84981677343409,85.78365561257279,85.62710265725286,85.64122511956187
-0.056876721482683114,-0.044322745869825174,-0.010494839459311272,-0.01049483945931126,121.77968960847491,83.59991111528154,82.19295376994678,80.61988295849197,-89.70978831565397,-93.11893062340359,-90.56993547692817,-88.80953223304977
1.0435808897018433,1.0501832962036133,1.0553479194641109,1.053555737793432,-6.626023769378661,-22.139709472656254,-44.014366149902344,-74.06749725341798,8.728206634521484,24.240190505981445,46.13501739501954,76.2880096435547
106.63964080810547,116.06851959228514,127.06973266601561,139.64448072201805,151.54374694824236,147.00488281250003,146.9548492431641,147.0193023681641,151.5394134521483,146.99223327636716,146.8639984130859,146.75453186035156
-3.748131275177002,-4.460966110229491,-5.281150341033934,-6.192237987084484,-7.401634216308606,-7.769919872283943,-7.555972099304199,-7.197296619415286,-7.048937797546372,-6.713290214538574,-6.791666984558104,-6.806201457977296
