hips,spine,spine1,spine2,rshoulder,rarm,rforearm,rhand,lshoulder,larm,lforearm,lhand
-1.780215273534072,-1.7101285742685222,-1.627599377303838,-1.5332803267827497,-8.71427422336507,-23.437323391620605,-43.77901562412452,-71.0532618407167,5.699898380655855,20.099851220962613,40.186040025068316,68.12697091352943
-18.49114424661896,-19.019187503105872,-19.635572625703773,-20.340012803582056,-18.52351986145378,-13.247561725133762,-5.201545067872148,7.198321851011748,-23.80732353452331,-29.216288653261614,-37.837723297985626,-49.09802650148909
57.656372768931334,48.21559719369267,37.201394552496765,24.613732317787026,12.482591350088512,16.58235587165015,16.740574581917627,14.35678422254972,12.918320555452908,17.897931339385735,19.17154964941946,20.484546406194085
0.5070109833187263,-3.842751993330875,-3.8427507163591597,-3.8427507163591597,-36.12267982918696,-54.28100420969824,12.574391108972971,-7.353402212442337,48.75120805756551,13.879843367379188,32.47794734408137,-133.1922574584824
-2.158377676968274,-2.158214958680642,-2.1582149586806425,-2.1582149586806425,-83.70137000857981,-87.23443261172548,-87.58350315996246,-81.35280342953041,85.44527578396865,87.2217256619566,86.40437234173527,97.43938466390401
-0.4096378741765432,-0.41398093551629217,-0.4139809355162922,-0.4139809355162922,141.88419671958428,145.83733518849854,74.00693018571494,60.81188196394875,-58.11413269773761,-78.32823648708474,-58.90388762910171,-197.7666204846669
1.0584063529968262,1.1497243642807007,1.2570942640304563,1.3798026662387006,-6.160299301147461,-21.6753578186035,-43.525905609130874,-73.5261688232422,9.164993286132812,24.617553710937507,46.495399475097656,76.62335205078125
106.62499237060547,116.05911254882812,127.06556701660155,139.6443741940286,151.60339355468741,147.176040649414,146.57022094726565,148.3679351806641,151.48893737792977,146.83076477050787,145.99334716796875,145.29379272460935
-3.417433738708496,-4.050697326660156,-4.7895026206970215,-5.633851614760124,-7.1034159660339355,-8.149114608764641,-9.006088256835938,-8.730237960815431,-6.103856086730954,-5.138520240783692,-4.883930206298829,-3.8684968948364236
