hips,spine,spine1,spine2,rshoulder,rarm,rforearm,rhand,lshoulder,larm,lforearm,lhand
-1.7511397448038841,-1.6893006619662345,-1.6163973113193513,-1.5330789453090161,-8.704342060455101,-23.3826720710033,-43.67542989340692,-70.8125119400674,5.666993825356561,20.024997930447565,40.02673017784589,67.91382272584569
-18.43193304469375,-18.969572607600455,-19.59716137309543,-20.314405449566166,-18.45177170970172,-13.05349590796419,-4.885527842406976,7.783223556202637,-23.851064525680044,-29.371033217056674,-38.18246537649691,-49.581254202634454
57.656596931733006,48.216310708300824,37.202673716146194,24.61565693029533,12.485754356433034,16.586551174539693,16.777257258240127,14.246432179988147,12.920591220485676,17.899418930832212,19.201788751971094,20.463701591219802
0.4937900961052883,-3.8559704931348637,-3.855969216163147,-3.855969216163147,-36.08330782104627,-59.73945142209801,16.170224329479073,-4.781923187539328,48.7687032451858,12.614930451832429,35.01107042722271,-137.1112207555084
-2.1683819832569142,-2.168220821181511,-2.1682208211815106,-2.1682208211815106,-83.68536569874946,-87.25497977223185,-87.73813776703825,-81.70398648532263,85.4287640065337,87.29281518567987,86.31277034692287,97.49982754251143
-0.4188086200784927,-0.4231518348939608,-0.4231518348939609,-0.4231518348939609,141.83540185393008,151.3750820965936,70.1200902893322,57.353727021744994,-58.10635502337704,-79.67764691047056,-56.28598422383451,-200.10339892643333
1.0686328411102295,1.1616528034210205,1.2710081338882449,1.3959857293272644,-6.141842365264893,-21.657445907592773,-43.50524139404296,-73.49539947509767,9.183255195617676,24.634830474853516,46.511714935302734,76.6373062133789
106.62254333496094,116.0564956665039,127.06275939941408,139.64134961044067,151.60130310058582,147.17633056640625,146.54145812988284,148.49206542968753,151.48448181152352,146.82392883300778,145.95346069335935,145.30101013183594
-3.4012491703033447,-4.03668212890625,-4.778020381927492,-5.625263845367858,-7.09890413284302,-8.146259307861325,-9.051168441772461,-8.720851898193361,-6.096667289733886,-5.127580642700195,-4.90173053741455,-3.78916597366333
