hips,spine,spine1,spine2,rshoulder,rarm,rforearm,rhand,lshoulder,larm,lforearm,lhand
-1.7188930605676052,-1.6659670334381298,-1.603460777755009,-1.5320251910749274,-8.692225076103323,-23.321157500347272,-43.55712176129037,-70.54521074247762,5.631742040948085,19.94335388897279,39.85710382917534,67.66872084725594
-18.360799870319365,-18.90989022955059,-19.55083635756994,-20.283346265019947,-18.37236982211863,-12.841723885345425,-4.53482118383547,8.42344422703284,-23.896108151452697,-29.535138266473062,-38.542117566784505,-50.12895957491671
57.65801027038256,48.218334341149145,37.205396837936675,24.61918617804855,12.490262055181717,16.591206296597733,16.812144377641744,14.156795270816474,12.925078753549116,17.904027238747744,19.21706407407089,20.430421876275005
0.47560455300057475,-3.874146373637751,-3.874145096666038,-3.874145096666038,-36.03190646587511,-68.53276095694942,22.236120487304223,-4.063152380086267,48.79732059930784,11.38948056497722,35.983294458795164,-139.6823295129157
-2.1825790615452525,-2.1824191279640055,-2.1824191279640055,-2.1824191279640055,-83.66302030542587,-87.32492521073162,-88.04551294307075,-82.19787847547963,85.40581702857324,87.26941787283707,86.18903866571084,97.32782963961354
-0.42097830455822305,-0.42532231122547,-0.42532231122547,-0.42532231122547,141.78144999708329,160.25630313598143,63.81567791115174,54.458697389230316,-58.08068109582446,-80.9300130925863,-55.22436967017651,-201.154797872679
1.0758814811706543,1.169528603553772,1.279615879058838,1.4054298773323881,-6.131439685821535,-21.647012710571296,-43.49196624755858,-73.47308349609375,9.19340705871582,24.644504547119137,46.52116775512697,76.64529418945314
106.62085723876953,116.05459594726562,127.0606231689453,139.63893636175928,151.5988006591797,147.1742706298829,146.50871276855472,148.5839538574219,151.4815368652344,146.8205261230469,145.93940734863284,145.33638000488284
-3.380152940750122,-4.01857852935791,-4.7633986473083505,-5.614621675637717,-7.093924522399902,-8.143676757812507,-9.093799591064453,-8.705919265747069,-6.087889671325681,-5.113524436950684,-4.9075751304626465,-3.7300562858581565
