hips,spine,spine1,spine2,rshoulder,rarm,rforearm,rhand,lshoulder,larm,lforearm,lhand
-1.6660295337775253,-1.6264100019783823,-1.579434007747082,-1.5257471432757868,-8.677058970732173,-23.247643290650387,-43.40407343913434,-70.24228950390375,5.592454272195476,19.852312353758837,39.668938115469125,67.36512774764203
-18.273015181610564,-18.836456204662273,-19.494156740568656,-20.24581443413864,-18.282574832440833,-12.602817005558594,-4.105510465263793,9.150666712834742,-23.945776968803088,-29.717476553853942,-38.93847427735143,-50.80325574088394
57.65840786694595,48.219505918003264,37.20748269189859,24.62231280766906,12.496500103953565,16.601343058247267,16.851038668644748,14.147390628898364,12.92765119122572,17.90312058619341,19.1997968135409,20.366969105546218
0.45198369768078567,-3.89778060222036,-3.8977793252486475,-3.8977793252486475,-35.98459026383979,-70.25655791171437,24.432005553173415,-8.438547380100019,48.870089182773704,9.590918966667617,33.60130912895789,-141.82094215880005
-2.204469115872048,-2.2043102975543913,-2.2043102975543927,-2.2043102975543927,-83.63124753225758,-87.31063747834547,-88.06671344986745,-82.83019128548497,85.37415370171792,86.99289413201511,85.94206258552458,96.94517191533629
-0.4156577245741364,-0.4200008379828273,-0.4200008379828272,-0.4200008379828272,141.73884198565878,162.05098856264627,61.52465089824998,55.290823032770504,-58.00373538543315,-82.69050364069551,-57.53043629766128,-201.8815723170941
1.0820156335830688,1.1751784086227417,1.284700393676758,1.4098683532302316,-6.1273603439331055,-21.642189025878906,-43.48563003540038,-73.4628372192383,9.197112083435059,24.648212432861328,46.52558517456055,76.65042877197266
106.62018585205078,116.05367279052734,127.0593948364258,139.63736337240655,151.59602355957034,147.16986083984375,146.47778320312494,148.6031036376953,151.4803619384766,146.82093811035153,145.95446777343747,145.39450073242193
-3.3560256958007812,-3.998326539993287,-4.747672557830812,-5.6040679527372,-7.09119081497193,-8.14498710632324,-9.111090660095211,-8.691745758056639,-6.079298973083492,-5.097142219543457,-4.905789375305175,-3.7249059677124023
