hips,spine,spine1,spine2,rshoulder,rarm,rforearm,rhand,lshoulder,larm,lforearm,lhand
-1.5838771174657285,-1.5635789444489112,-1.5391534762136683,-1.5112386467590015,-8.658555768282488,-23.162437993339786,-43.22041822591868,-69.91067457974876,5.550875869454535,19.755927388920313,39.464595028715244,67.0041630553108
-18.176071233524205,-18.755314913468172,-19.43147510791719,-20.204229487934512,-18.185295880660842,-12.345069417444293,-3.6187966945057983,9.930384226923318,-23.998373589067043,-29.9124060934703,-39.36819273072888,-51.597263311130035
57.65914532640667,48.221130219122585,37.21015131813422,24.62617563422978,12.507143197177186,16.622988870084185,16.903216157199125,14.187759737719034,12.92769008394626,17.89272378380943,19.1430895586127,20.255406703828754
0.4389124970838861,-3.9108394222392553,-3.9108381452675416,-3.9108381452675416,-36.064803406422484,-60.67270673659598,19.380032626215087,-16.300035644060962,49.11017524290771,7.0552474213392165,27.585738328096003,-145.5539100921199
-2.2358380372139695,-2.235680660091242,-2.235680660091242,-2.235680660091242,-83.59845752516938,-87.11419799470893,-87.58951067966775,-83.2192976935159,85.3462749844663,86.30991244773085,85.41256340289789,96.6054051476789
-0.40422212716581885,-0.4085685108832571,-0.4085685108832572,-0.4085685108832572,141.82949064372522,152.51005686504445,66.53785729948268,59.92192199353128,-57.75350644723004,-85.12911229419475,-63.477742172084,-204.63697455436355
1.0887596607208252,1.180472731590271,1.2883056402206416,1.4115432055352075,-6.127151012420654,-21.640548706054688,-43.483604431152344,-73.45919799804686,9.19678592681885,24.64821815490722,46.52720260620117,76.65523529052734
106.61970520019531,116.05307006835938,127.05863952636716,139.63643299052367,151.5933227539062,147.16395568847656,146.45137023925784,148.5988464355469,151.48080444335943,146.82455444335938,145.99571228027347,145.4763946533203
-3.33424711227417,-3.9786696434020996,-4.730506420135496,-5.589748329119629,-7.083755970001219,-8.14499568939209,-9.105241775512697,-8.685804367065431,-6.063473701477053,-5.071805000305176,-4.898727893829347,-3.781955957412719
