hips,spine,spine1,spine2,rshoulder,rarm,rforearm,rhand,lshoulder,larm,lforearm,lhand
-1.4914462127673267,-1.4927266072842116,-1.493479455480292,-1.494339722727314,-8.635612754310593,-23.061840664718765,-43.01069205845068,-69.52419997308967,5.503518710057914,19.644095312945772,39.22124828368714,66.57669676776572
-18.060427789450454,-18.658432864272484,-19.356486373604017,-20.15426150640539,-18.073327718673344,-12.050961453941085,-3.0790790201769127,10.79682806662914,-24.05607992368585,-30.130793178307805,-39.86332270704328,-52.505895976347574
57.660338892102345,48.22347461981563,37.213835526164644,24.631390347263135,12.51929201870837,16.645639224290818,16.957485447165,14.161457362617966,12.929708054754343,17.884807161901733,19.076515199181273,20.105862112589534
0.42522851688713437,-3.9245335943157924,-3.9245323173440765,-3.9245323173440765,-36.17808111358427,-49.2100382951309,14.46753347255246,-23.05074403166553,49.41578160307226,4.613088115900795,21.7792063803772,28.299043047436193
-2.274255715442879,-2.274099553823345,-2.2740995538233455,-2.2740995538233455,-83.55969941021745,-86.64444053142354,-86.8263847531559,-83.21709828156966,85.31396195327488,85.4110123053415,84.6478093285296,83.65836144582723
-0.399118200103604,-0.4034610917003525,-0.4034610917003524,-0.4034610917003524,141.94662035095362,141.0830347801852,71.27904629439027,65.1433811924911,-57.444348940379584,-87.44406351363672,-69.16765700144579,-30.670569026517988
1.0949039459228516,1.1862971782684328,1.2937562465667727,1.4165665795750466,-6.122080802917479,-21.634433746337894,-43.476402282714844,-73.44529724121094,9.201183319091797,24.652328491210938,46.53334045410156,76.66506958007811
106.61922454833984,116.0524368286133,127.0578308105469,139.63542443662908,151.5913391113282,147.1604766845703,146.42761230468753,148.66752624511724,151.48030090332026,146.82553100585938,146.04534912109375,145.59295654296875
-3.3133461475372314,-3.960008621215822,-4.71445417404175,-5.576677336500957,-7.078639984130863,-8.149178504943853,-9.11867046356201,-8.702986717224125,-6.048081398010251,-5.044943809509277,-4.904056549072268,-3.860496997833253
