hips,spine,spine1,spine2,rshoulder,rarm,rforearm,rhand,lshoulder,larm,lforearm,lhand
-1.3917623969377135,-1.4167923926170907,-1.4452560134656431,-1.4777857107440955,-8.606576965972302,-22.935523385866027,-42.75964634246583,-69.03522351995967,5.44306348967725,19.499976511375735,38.90847005586253,66.05890699095843
-17.91603523745149,-18.537675687605596,-19.26330632077964,-20.09259801974286,-17.936589606815502,-11.690917352504185,-2.447896663442382,11.836591826152489,-24.1270034569501,-30.39797673769229,-40.46951647901851,-53.55605443846265
57.659812892090045,48.22451631196844,37.216693309325194,24.636328065046143,12.530009472590791,16.66329208565719,17.00864244994432,14.030132607664626,12.933804094151355,17.882490103537634,19.01499999959151,19.916387723634784
0.39957326193164694,-3.9501751824221993,-3.9501739054504865,-3.9501739054504865,-36.19279620852513,-43.03616520365864,12.369719671542834,-26.574982440398006,49.61256586634505,2.6718776739509846,18.44317360975052,17.753869290830764
-2.3101974834791665,-2.3100427604882845,-2.310042760488285,-2.310042760488285,-83.5155967126367,-86.12507478428829,-86.15498914771642,-83.06204705252615,85.27287690450983,84.60294740066588,83.88699493278638,83.95672544046766
-0.40094136157275295,-0.40528445612179603,-0.40528445612179603,-0.40528445612179603,141.95837520020962,134.95812007938673,73.0182655572778,68.55387071637071,-57.251068091254226,-89.24570047435783,-72.29390783470443,-41.9069884030169
1.1016284227371216,1.193897008895874,1.3023756742477417,1.426351290787923,-6.110759735107421,-21.62264633178711,-43.46197509765625,-73.41578674316406,9.211848258972166,24.662145614624023,46.545219421386705,76.67944335937499
106.61857604980469,116.05148315429688,127.05653381347656,139.63373066916333,151.58934020996094,147.1587677001953,146.40081787109375,148.83122253417972,151.47801208496097,146.82293701171872,146.09494018554688,145.75903320312497
-3.291860580444336,-3.9427330493927006,-4.702081203460694,-5.569907155161005,-7.081973552703853,-8.160191535949702,-9.169042587280275,-8.737314224243164,-6.041800022125248,-5.02691555023193,-4.930923461914059,-3.9150910377502424
