hips,spine,spine1,spine2,rshoulder,rarm,rforearm,rhand,lshoulder,larm,lforearm,lhand
-1.2747887764152503,-1.3276595469972226,-1.3888639132200251,-1.459371385297564,-8.571618295719269,-22.780734778570935,-42.44925932303941,-68.43403325549643,5.367645731937698,19.321209662749894,38.51690902626625,65.4029817925548
-17.701209674000786,-18.346419359700953,-19.107574948636298,-19.995765724568106,-17.77197790763889,-11.25549968112033,-1.6872661595437197,13.080798595090087,-24.206792065177382,-30.70074307252579,-41.1792159828405,-54.808950409005305
57.655081896816725,48.221474209455025,37.21618881262445,24.640000263442772,12.536205769065702,16.66508640321959,17.048026132585875,13.882755382125794,12.944591056273254,17.89816854982999,18.963042468439824,19.727645491278622
0.37240835245643217,-4.014584476231361,-4.089025291187122,-4.089025291187122,-35.604986447103194,-39.59138664279119,11.035854412125104,-28.564840758819326,49.39842725545912,1.055277537780014,15.814266948496389,5.935513591055065
-2.3358888594036915,-2.350106560902909,-2.378895390914817,-2.3788953909148174,-83.3759915724189,-85.64475316897236,-85.59654561856368,-83.03036068686674,85.11904242359694,83.87168378942987,83.19743050632853,83.86278507357504
-0.40610106324730955,-0.42689437968005245,-0.45976458227509553,-0.45976458227509553,141.31426489655303,131.56630488367804,73.97728247125721,70.43253357074205,-57.524627278236196,-90.70448275430216,-74.69991172273673,-54.57902998938334
1.11067795753479,1.2042684555053713,1.3179296255111699,1.4561549838941183,-6.066588878631592,-21.581838607788082,-43.417884826660156,-73.35477447509766,9.25465393066406,24.69883346557618,46.58390808105469,76.72062683105467
106.61748504638672,116.05007934570312,127.05421447753908,139.62912756968936,151.58892822265628,147.17201232910148,146.3878936767578,149.0167083740234,151.46405029296872,146.7952575683595,146.12527465820318,145.91079711914065
-3.269361734390259,-3.9246864318847656,-4.696373939514159,-5.594609464198527,-7.144649028778076,-8.230473518371575,-9.289169311523436,-8.847441673278807,-6.0860567092895534,-5.041562080383304,-4.998468875885012,-4.025139808654788
