hips,spine,spine1,spine2,rshoulder,rarm,rforearm,rhand,lshoulder,larm,lforearm,lhand
-1.140112449969126,-1.2255035696975978,-1.3244882745996343,-1.4378008706625962,-8.525023405178295,-22.58617802696339,-42.06166565446536,-67.73625213287796,5.2767871596991585,19.10036725823352,38.04753504854536,64.5852351775618
-17.55304284688942,-18.21991954123342,-19.006795921435376,-19.925377418851326,-17.583552288578215,-10.759532513495667,-0.8057046113006123,14.476221216505687,-24.308694570290662,-31.08165977528516,-42.01015933291982,-56.310968552794336
57.655843859065314,48.22399068074115,37.220783025598834,24.647090613629445,12.550898375094192,16.689429290496975,17.10948930525859,13.853532512121546,12.94989367845622,17.89421132270661,18.88352643348989,19.557221115561617
0.34311995614844165,-4.044991774244495,-4.121709482773155,-4.121709482773154,-35.482354525694646,-36.042245449963886,9.082669628086409,-30.848181452318638,49.372309406188975,-0.16970105729124116,12.547607930916339,-1.5437436324214233
-2.3560512874535284,-2.3697141520484584,-2.397378687876763,-2.397378687876763,-83.34126076771807,-85.12227741232563,-85.01087979777954,-83.35719694117738,85.0815852578329,83.06108112555606,82.47821767838967,83.04276415206299
-0.41642273544775377,-0.4398465353798397,-0.4779783675456795,-0.4779783675456796,141.1728698100615,128.04822105818968,75.71907101642142,71.54857364748388,-57.57021651724125,-91.76741405063807,-77.84017882698707,-62.077819898447
1.1198264360427856,1.2155420780181887,1.3321932554244995,1.4750015706255106,-6.043161392211912,-21.55955886840821,-43.393199920654304,-73.32049560546875,9.277701377868652,24.719930648803707,46.60675048828125,76.74740600585938
106.61752319335938,116.04975128173831,127.05345153808595,139.62780026813772,151.58926391601568,147.17701721191398,146.37449645996094,149.11486816406247,151.4597778320312,146.7863006591796,146.17550659179688,146.02684020996094
-3.2502431869506836,-3.9103813171386728,-4.68789291381836,-5.593283648690771,-7.152561664581299,-8.240790367126467,-9.335247993469237,-8.922648429870604,-6.089025974273683,-5.036948204040527,-5.044832706451419,-4.187324523925779
