hips,spine,spine1,spine2,rshoulder,rarm,rforearm,rhand,lshoulder,larm,lforearm,lhand
-0.9972062281981153,-1.116335047497206,-1.254957295239343,-1.4141778122268995,-8.46837623266372,-22.35836816037527,-41.60048084638538,-66.9457507455684,5.173479642690248,18.84484957662598,37.509967752561074,63.634382187181046
-17.39021249477829,-18.082793883497153,-18.899010795043267,-19.849590734717825,-17.37654981094039,-10.214696283832994,0.18237873630920376,16.000447384286062,-24.420897809899298,-31.50095445701626,-42.909992960519304,-57.954322063511455
57.655617412809136,48.22597604250245,37.22533750613199,24.654521335815247,12.565128304940998,16.71087211658474,17.147955750295637,13.872389109290083,12.95711296286433,17.894473726706224,18.8189931760038,19.448505046155958
0.31623567957867443,-4.069100448458851,-4.14025271565017,-4.14025271565017,-35.40777849210125,-31.847840844991662,6.730856089951348,-34.007740798740315,49.347276337259274,-1.0597166536136777,9.57948247818001,-5.727587711489712
-2.373482346279379,-2.384480433479769,-2.4068101856753445,-2.4068101856753445,-83.32236418668771,-84.48816828662204,-84.30365094870048,-83.99197760900631,85.06090817348404,82.31860819988555,81.82870447379031,82.07846903855283
-0.43338592280906185,-0.4549915480212187,-0.48949265674039455,-0.48949265674039444,141.08651095024655,123.84452297745949,78.00997142662956,72.90032087584946,-57.60746150984299,-92.50465079981035,-80.74547660683466,-65.3948835569274
1.1276644468307495,1.226552963256836,1.3465031385421753,1.4921558413669784,-6.023188591003419,-21.540370941162116,-43.37312698364257,-73.29833984375,9.297473907470703,24.73854064941407,46.626800537109375,76.77128601074222
106.6185302734375,116.05042266845703,127.05375671386717,139.62777983197552,151.5903625488281,147.18109130859384,146.37448120117188,149.14625549316406,151.4579162597656,146.78146362304693,146.22587585449213,146.10545349121097
-3.2327141761779785,-3.89726209640503,-4.679391384124753,-5.588842041430957,-7.15322160720825,-8.24252986907959,-9.351247787475586,-9.001617431640625,-6.0871629714965785,-5.031067371368412,-5.085230350494381,-4.372035503387454
