hips,spine,spine1,spine2,rshoulder,rarm,rforearm,rhand,lshoulder,larm,lforearm,lhand
-0.29438327587058133,-0.35975324911495543,-0.4386132468664731,-0.5365658732562297,-8.29857393899566,-23.760334414656224,-45.63372392297939,-75.68766154816895,7.0452421359027015,22.58828183703375,44.480873359469584,74.62909112214683
-17.389961852595615,-18.150073447627925,-19.02593194017907,-20.001866111750232,-21.422186539609555,-22.06927687723833,-22.275760423160484,-22.491755330450975,-20.77030660073785,-20.108916875899045,-19.762853796156413,-19.22716938870721
57.64694795042816,48.22198898558551,37.225348828158914,24.655848823847634,12.833637583565604,17.516216502570813,17.762386578521642,17.959498668136945,12.6955294184786,17.098671565850424,17.048758461040364,16.937115543041813
0.047310258695287995,-4.24520712167628,-4.130342412666635,-4.130342412666631,-15.245604423270644,7.180714884267969,8.395250553856362,10.164967822668116,16.166545952125215,-3.4131001630414537,-1.806576660544899,-0.3648784831373278
0.26357870845453707,0.2737919692179237,0.2939145592855892,0.2939145592855893,-85.14898232819765,-85.10075255476205,-84.91050216167801,-85.05243681827055,85.86360290955952,85.80437789672004,85.65768734178961,85.782454755568
-0.05215049396228589,-0.04031705037030636,-0.007937703742968774,-0.007937703742968786,121.50346701703194,82.97049306548094,81.49416398673063,79.7643293875329,-90.20888960438567,-93.79503180804612,-92.1117528038827,-90.88729428289608
1.0422762632369995,1.047595262527466,1.0514342784881592,1.04851818247764,-6.632341384887696,-22.1460609436035,-44.020511627197266,-74.07325744628908,8.722106933593748,24.23449897766114,46.12916564941406,76.28182220458984
106.64153289794922,116.07067108154298,127.07215118408203,139.64711754753796,151.54632568359364,147.0068817138671,146.95901489257812,147.03399658203128,151.54258728027355,146.9960021972656,146.84669494628906,146.68367004394534
-3.7679898738861084,-4.47736930847168,-5.293985843658448,-6.202052491528622,-7.4037179946899485,-7.76324844360351,-7.52975368499756,-7.140497684478761,-7.0607662200927646,-6.736054897308348,-6.831413269042966,-6.903397560119629
