hips,spine,spine1,spine2,rshoulder,rarm,rforearm,rhand,lshoulder,larm,lforearm,lhand
-0.8542086623928342,-1.0072356883178943,-1.1857866619128414,-1.39149989013269,-8.404915301210027,-22.106732623781213,-41.08983942582464,-66.07059844296006,5.060075111194267,18.562071780923695,36.91535429538499,62.595794252174194
-17.213094484791757,-17.931945001692757,-18.779618823989065,-19.767990094279845,-17.162391450363497,-9.646832625827122,1.2158731096669904,17.59617116125259,-24.539203680975902,-31.937258803833167,-43.8451119743831,-59.63695024066351
57.652324649988685,48.225150109908355,37.22746492194898,24.660238621669464,12.574962007073225,16.720840956050665,17.15944538782327,13.847378263566327,12.966801585918773,17.904058889031404,18.778882408094717,19.370601424129404
0.29620184653833836,-4.093225432504781,-4.172595383984112,-4.172595383984112,-35.224055123937696,-28.465075039451115,4.994673630090832,-38.12073580934313,49.205281199300885,-1.8914294728314607,7.358547945282668,-7.972048544421016
-2.3828137275304018,-2.3927809131261637,-2.4130434966386702,-2.4130434966386702,-83.29735676297507,-83.84466429938801,-83.59635297064533,-84.64926544405414,85.03036540841609,81.68198089397858,81.25584216244069,81.36620936325171
-0.44482469986131284,-0.46782099343863115,-0.505105710394776,-0.505105710394776,140.88706990963703,120.43435795676409,79.67401746657187,75.68445567953155,-57.76589011318959,-93.19728645809192,-82.88974719993506,-66.71168417442692
1.1357594728469849,1.2367761135101318,1.3594942092895508,1.5089665500548821,-6.002673149108887,-21.52106475830078,-43.35345840454102,-73.27584838867189,9.317843437194822,24.757434844970703,46.64665222167969,76.79404449462892
106.61956787109375,116.0511932373047,127.05416870117188,139.6276323465113,151.59155273437506,147.18626403808597,146.38261413574216,149.19111633300778,151.45518493652332,146.77476501464835,146.26831054687497,146.18249511718744
-3.215095043182373,-3.882943630218506,-4.669697761535645,-5.586236119331978,-7.158154964447015,-8.246588706970217,-9.364545822143558,-9.072711944580078,-6.090428829193115,-5.0300846099853525,-5.134625911712638,-4.547549724578853
