hips,spine,spine1,spine2,rshoulder,rarm,rforearm,rhand,lshoulder,larm,lforearm,lhand
-0.7287126462658997,-0.9124747857566978,-1.1274458751092111,-1.3760258181228675,-8.335437652994475,-21.830580951336078,-40.53445958207954,-65.08393881620587,4.932776859041517,18.243621282046384,36.24037621442108,61.45275912817404
-17.0314528999756,-17.77492103226521,-18.653877439890902,-19.68379460212318,-16.9413120007859,-9.054787644508567,2.28232425569583,19.276518300068666,-24.665888388627813,-32.395572673958036,-44.83773259909857,-61.36861666656282
57.64652584697514,48.221804772205104,37.22722761350164,24.6641129028294,12.577894925665703,16.7125281352468,17.14169547975621,13.700038104352842,12.98073134824645,17.928976419917092,18.774957122727443,19.303123429769272
0.2845887924413483,-4.1168257144228795,-4.220152150833206,-4.220152150833207,-34.96052758977357,-27.013720950654697,4.257880509794897,-43.509116019008665,49.00703571263034,-2.9728073937098785,5.970333092157531,-9.633968444859864
-2.3906204112933995,-2.4012867802469753,-2.422987384910453,-2.4229873849104533,-83.25987784550541,-83.39086488358348,-83.11195769149587,-85.05259963717114,84.98499563101194,81.16594346530364,80.7667572944264,80.95655485285803
-0.45675159039949126,-0.48532502861727067,-0.5337576376799854,-0.5337576376799854,140.59469064360522,118.9593127559724,80.1892229889563,80.76762955544854,-57.99404118171761,-94.16010079397766,-84.12589933972276,-67.92467249161857
1.1410150527954102,1.2441644668579102,1.3705478906631468,1.5269009626909775,-5.97807455062866,-21.498628616333022,-43.32981491088867,-73.2414016723633,9.342189788818361,24.77909851074218,46.66876983642578,76.81773376464844
106.61890411376953,116.05037689208986,127.05298614501952,139.62560215894035,151.59223937988287,147.1943511962891,146.39378356933594,149.31781005859375,151.44854736328122,146.76074218750003,146.29373168945312,146.2838134765625
-3.1961798667907715,-3.865927696228027,-4.657205581665038,-5.5841645160342415,-7.167270660400392,-8.254621505737306,-9.398196220397946,-9.13058853149414,-6.096884250640873,-5.030085563659666,-5.204457283020027,-4.701251983642578
