hips,spine,spine1,spine2,rshoulder,rarm,rforearm,rhand,lshoulder,larm,lforearm,lhand
-0.6175100204652747,-0.8320958170929389,-1.08268720578034,-1.3711790305452536,-8.256755208881463,-21.51187224785184,-39.89684631106243,-63.92184568233541,4.779828605151375,17.8624377048351,35.43740935661313,60.12381025867133
-16.887760945928996,-17.650840190764974,-18.55383964857665,-19.613864148210112,-16.705120030026293,-8.414272704227766,3.4333849856235457,21.121172983785804,-24.81377464454279,-32.91509363463922,-45.947280582692684,-63.256278575675346
57.640049495267775,48.21755112221581,37.22567806251821,24.665921173555034,12.576296374193248,16.69637532392838,17.114207138719593,13.471862131889225,12.993323548115683,17.955730974596946,18.786649878744527,19.227079631095876
0.2676796312001526,-4.136722856949946,-4.246029206725893,-4.246029206725892,-34.80382269343279,-26.845401281156054,4.143016393081091,-49.910584951955215,48.87429532381679,-4.20114876681219,5.051268061121243,-11.655893308745396
-2.394486581751453,-2.404756364925339,-2.425662162901125,-2.4256621629011246,-83.24153943535335,-83.11551004366667,-82.82838445534838,-85.09882897111402,84.96174740283358,80.67969528147248,80.28869468478166,80.56632636923523
-0.4622714093773223,-0.49724163232407526,-0.5584643431551256,-0.5584643431551256,140.413277622551,118.77980683195773,79.96065035496305,87.62737672093982,-58.152072028848174,-95.28735042043368,-84.83599888515468,-69.93264278959606
1.143039345741272,1.2472572326660156,1.3761348724365232,1.5381889100404238,-5.96132755279541,-21.483814239501946,-43.31281280517578,-73.20622253417969,9.358819961547852,24.793563842773438,46.68306732177734,76.83275604248048
106.61611938476562,116.04737854003908,127.0496826171875,139.62180698776282,151.591094970703,147.19970703125006,146.39875793457034,149.50289916992185,151.44099426269545,146.74671936035153,146.31071472167972,146.40824890136722
-3.176764965057373,-3.8492989540100098,-4.644392013549804,-5.577022638352527,-7.16585159301758,-8.251874923706055,-9.435998916625982,-9.16493034362793,-6.094749927520753,-5.025178909301758,-5.284965038299561,-4.8371520042419425
