hips,spine,spine1,spine2,rshoulder,rarm,rforearm,rhand,lshoulder,larm,lforearm,lhand
-0.5153379850123969,-0.7616661129938332,-1.048660132998697,-1.3772670311625208,-8.163442269953325,-21.12637718347591,-39.121239775234194,-62.5079963713901,4.588799709816519,17.388746297930204,34.45203111621435,58.50153966160525
-16.789390099027067,-17.564713420373785,-18.48209849610994,-19.55872838556538,-16.4426342030984,-7.695157826938791,4.737342176297183,23.217899477631008,-24.9907924986783,-33.52337466034248,-47.21917107247618,-65.40468817409814
57.63466431885587,48.21393829380706,37.22415324976859,24.666794523896016,12.572628023566978,16.67807926076142,17.08627182404976,13.232340981255646,13.003933287873792,17.980565561115384,18.803690107372233,19.154404203248646
0.24589661379496242,-4.155549413843958,-4.258938318712551,-4.258938318712552,-34.7207822750795,-26.935862957531082,4.107017454444504,-56.43113317341278,48.799478159757925,-5.3954975549581246,4.2287750394974655,-13.920997179438102
-2.399464208795922,-2.408196738790114,-2.4260428969958627,-2.4260428969958623,-83.233110124811,-82.8769623590688,-82.58864390479911,-84.9287051090629,84.95065190598233,80.16495068435974,79.78211139878775,79.95272156318308
-0.4693059943656669,-0.5092594060229302,-0.5804506111574772,-0.5804506111574771,140.30827624664488,118.86523398719908,79.63139116458532,94.82717460901196,-58.249129216358995,-96.39590334657692,-85.44471220299755,-72.17295147018423
1.145850419998169,1.2514327764511108,1.3828153610229492,1.5498176906301766,-5.944984436035156,-21.469173431396477,-43.29560470581055,-73.16843414306643,9.375098228454592,24.8079605102539,46.6966438293457,76.84654235839844
106.6116943359375,116.04268646240234,127.04469299316406,139.61654235060425,151.58842468261716,147.20289611816406,146.3993377685547,149.69496154785156,151.43254089355474,146.73245239257807,146.32022094726562,146.5275115966797
-3.1577346324920654,-3.8338429927825937,-4.6325464248657235,-5.568007027122353,-7.159564495086661,-8.244668006896964,-9.473467826843262,-9.19581604003906,-6.0883607864379945,-5.017664909362791,-5.369332313537595,-4.974942684173583
