hips,spine,spine1,spine2,rshoulder,rarm,rforearm,rhand,lshoulder,larm,lforearm,lhand
-0.41978877552860616,-0.7008615642298129,-1.0269673193488682,-1.3969768646898961,-8.051391147805765,-20.65383393261638,-38.158982231794226,-60.773002103243336,4.347973075478845,16.795113998903346,33.237236322146394,56.50031763220206
-16.72864244425513,-17.50763291351752,-18.430052254340914,-19.514109417840736,-16.149228006679486,-6.882256830877323,6.2310191281132745,25.613115951588206,-25.200837518936495,-34.231042994461596,-48.66687980197589,-67.84944387426467
57.628367364546264,48.20891618091754,37.220639097376434,24.66507118567847,12.564346395064064,16.652470690843984,17.052387562465242,13.019528322616452,13.012581372411404,18.006125768356725,18.82441450074859,19.095726547492603
0.21898654598238304,-4.178966712334631,-4.275351184782339,-4.2753511847823376,-34.61017239470909,-26.804218556803193,3.9433332608420164,-63.283277652959534,48.69503553073837,-6.424348028020064,3.3978296276150055,-15.998191339885738
-2.401119402220016,-2.4091208204922414,-2.4255233934662344,-2.4255233934662335,-83.22316526312657,-82.62070520505671,-82.32860898109206,-84.79153237842928,84.93706321363659,79.61511432980986,79.24588860387175,79.10089065020433
-0.4733893978723064,-0.5237773626802749,-0.6158450404102396,-0.6158450404102396,140.1623541140309,118.72773551247198,79.48457197746392,102.20489713840969,-58.389262853674985,-97.35131835114959,-86.08476269280466,-73.976663650494
1.148749828338623,1.2552068233489992,1.3895760774612427,1.5644856689241726,-5.9227943420410165,-21.44976806640626,-43.27391052246094,-73.12838745117188,9.397202491760256,24.82714462280274,46.71449661254883,76.86431884765624
106.60661315917969,116.03727722167969,127.03892517089844,139.61039870544434,151.58654785156253,147.21049499511722,146.40452575683597,149.8625030517578,151.4213256835937,146.71182250976562,146.31794738769528,146.62185668945312
-3.144219398498535,-3.8247566223144536,-4.627952098846434,-5.567011408828673,-7.161905288696289,-8.245569229125982,-9.512603759765629,-9.236694335937502,-6.090839862823481,-5.018981933593749,-5.460629463195801,-5.127185344696048
