hips,spine,spine1,spine2,rshoulder,rarm,rforearm,rhand,lshoulder,larm,lforearm,lhand
-0.3389097096826952,-0.6562019776190235,-1.0225784200635857,-1.4340143735082382,-7.915958967589653,-20.075579403325523,-36.97234993298966,-58.662796932654466,4.0476914932326835,16.05690123518996,31.75037032144058,54.055140471502504
-16.70993195064137,-17.48622136144926,-18.404955203954074,-19.483507412895857,-15.824562706133735,-5.976032762980164,7.912857032805157,28.296176279505875,-25.443825852960614,-35.03924662083675,-50.28564124533493,-70.57534277671269
57.61988748482531,48.201354640746814,37.2140358965368,24.659283084496337,12.550305146799786,16.619872127081777,17.00141667589199,12.83391542531973,13.016721894064489,18.028466984515603,18.845940857823052,19.048341067991004
0.18608101020084844,-4.2002592632939,-4.273434658137821,-4.273434658137821,-34.57465265400419,-26.48700925556187,3.544740694380573,-71.49047454751766,48.620560345141804,-7.336486008405288,2.645407350095163,-17.68000714308571
-2.395467400612696,-2.4023704819834695,-2.416555781900514,-2.416555781900514,-83.23131735166409,-82.35570824491916,-82.06466990243457,-84.83726012590394,84.94346498823231,79.10908805504477,78.75594870856655,78.2956289547233
-0.48387690932101707,-0.5426875054990106,-0.6516019933170074,-0.6516019933170073,140.09140751409763,118.38160466643762,79.65595474874154,110.80123818895929,-58.49912795543464,-98.19886921138783,-86.66294556447671,-75.36820802686064
1.1488254070281982,1.2571642398834224,1.3952383995056157,1.577829177442769,-5.902239322662352,-21.43210983276367,-43.25466537475587,-73.09544372558595,9.417816162109375,24.844970703125,46.73064804077148,76.88009643554688
106.60185241699219,116.03211212158203,127.03341674804689,139.60481198099106,151.58566284179702,147.21931457519526,146.41973876953125,149.9954071044922,151.4108734130858,146.6917266845703,146.31245422363278,146.70343017578128
-3.135903835296631,-3.821852207183838,-4.629137039184572,-5.567782386245513,-7.1610860824585,-8.242479324340824,-9.540338516235355,-9.283814430236816,-6.0924191474914515,-5.02313709259033,-5.551402568817137,-5.280063629150385
