hips,spine,spine1,spine2,rshoulder,rarm,rforearm,rhand,lshoulder,larm,lforearm,lhand
-0.26106654986936995,-0.6167479123326108,-1.025980052457943,-1.4818962939648146,-7.750810854230893,-19.37867361032935,-35.54379051181145,-56.15241827502879,3.689196530725944,15.17169501777257,29.983480357088276,51.167055622213525
-16.72411454927585,-17.491642976795497,-18.398700174208358,-19.460491401471547,-15.471432034466478,-4.9941250549810805,9.74060222064932,31.197819439848644,-25.707167638430512,-35.91916962708635,-52.02336263556105,-73.48161123773458
57.610966036046165,48.19308850581301,37.20631509103468,24.65167004017505,12.534773502474877,16.588110407733552,16.943154188155177,12.677311465874908,13.017142735574595,18.044854924950386,18.865669570729438,18.988246611822547
0.15336251915635984,-4.217188770342615,-4.258767046369802,-4.258767046369803,-34.53637130582443,-26.12271004443952,3.0339660676191036,-80.5396885060769,48.46784701589955,-8.23522369169706,2.15325408707752,-19.03365501596083
-2.373660050600378,-2.379501868039112,-2.3915209745182087,-2.3915209745182096,-83.25997091073835,-82.10909082597705,-81.824048770948,-84.94508414786384,84.96917354420135,78.69486615841211,78.35269765070393,77.75315751561031
-0.4969888408047214,-0.5599093934919354,-0.6770538807580208,-0.6770538807580204,140.02855576308758,117.96930837324533,80.00696810700278,120.21376209730805,-58.67608155364091,-99.0441225619595,-86.96284102743378,-76.78996726864926
1.1487493515014648,1.2592036724090578,1.400395154953003,1.5880288046693782,-5.88753604888916,-21.419748306274414,-43.24137878417969,-73.07254028320312,9.432905197143555,24.85846710205079,46.74210357666014,76.89047241210936
106.59780883789062,116.02764892578125,127.02867126464842,139.60023065689268,151.58474731445315,147.22541809082026,146.43989562988287,150.09718322753906,151.4030151367187,146.6768951416016,146.30781555175778,146.79656982421875
-3.1333963871002197,-3.8247299194335938,-4.635276794433592,-5.570723555829987,-7.157656669616701,-8.233447074890137,-9.555810928344732,-9.329593658447264,-6.095684051513664,-5.034328460693358,-5.649136543273935,-5.420455455780026
