hips,spine,spine1,spine2,rshoulder,rarm,rforearm,rhand,lshoulder,larm,lforearm,lhand
-0.20702591295548955,-0.5990236977802468,-1.0483226680613398,-1.5446838259700173,-7.550730554198722,-18.555326784256643,-33.86195809478831,-53.21129527969003,3.272928880694899,14.132953599186953,27.926386984526268,47.822538076888954
-16.73187017258112,-17.48778497950647,-18.381161904733887,-19.42695054376616,-15.091493442931613,-3.950777691946418,11.67482836424603,34.25400074326383,-25.97562431838388,-36.8340963588264,-53.817927229206035,-76.4753013178293
57.601157472213515,48.18377925321755,37.19745144521676,24.6429970840735,12.511951877105275,16.536275028994112,16.84719681624793,12.476155238450389,13.022785438426808,18.079021366877015,18.913527216225788,18.954486994527542
0.12647016172825584,-4.230827445620151,-4.245893888165001,-4.245893888165001,-34.4083852081824,-25.973225762991717,2.614320331977642,-89.73024968694263,48.16353606825956,-9.133286366796721,1.901150704871997,-20.345158424241877
-2.33486314757784,-2.340544724604356,-2.3522212777784213,-2.3522212777784213,-83.29851782653824,-81.93190985675287,-81.6591512820233,-84.94829447404746,85.00083965195421,78.38230206054646,78.04698203270078,77.51858482940509
-0.5127078393079759,-0.5846061069888517,-0.7197144245871459,-0.7197144245871459,139.8593167503868,117.75742091246404,80.28188995791314,129.9332742543121,-59.0213629629101,-99.88859615062653,-86.99449156534074,-78.7979476188963
1.149762749671936,1.2625149488449092,1.4080021381378172,1.6042412196639129,-5.863594055175781,-21.399772644042976,-43.220767974853516,-73.04293823242188,9.457435607910156,24.880287170410156,46.76149368286133,76.90794372558592
106.59455108642578,116.02404022216795,127.02481079101562,139.5964465333077,151.5868225097656,147.23915100097668,146.47402954101565,150.20504760742188,151.39360046386722,146.6558990478516,146.29727172851562,146.900390625
-3.1366047859191895,-3.8323802947998047,-4.645565986633301,-5.578216815531295,-7.157255649566652,-8.223449707031259,-9.568050384521486,-9.369192123413082,-6.10579252243042,-5.056074142456058,-5.756005287170406,-5.5488724708557156
