hips,spine,spine1,spine2,rshoulder,rarm,rforearm,rhand,lshoulder,larm,lforearm,lhand
-0.18031769919868956,-0.6052907776684954,-1.090923410438179,-1.6238390064040336,-7.31167016461176,-17.589977503170207,-31.897093026501587,-49.78388472306474,2.7918900124305925,12.922736456561111,25.546452707538,43.97786846457017
-16.732863222612565,-17.47606705975137,-18.354716084966796,-19.38383406155991,-14.689517528126519,-2.8617869170859738,13.685064970469698,37.414443704048324,-26.24338440623285,-37.767709818643624,-55.637097525014156,-79.5011826924474
57.58843828345162,48.17149342198127,37.185526452193045,24.631192947762514,12.480351187477766,16.46439037194247,16.703360593207236,12.197336237287601,13.030710537980212,18.12648580557621,18.98325392330844,18.92875492307894
0.10647381743202225,-4.23768929312581,-4.226506519438565,-4.226506519438566,-34.23064533536135,-26.131521949575014,2.37654369909204,-100.20364722911526,47.730107481750636,-10.068376578166768,1.9179807235097224,-21.985905701960455
-2.2781701441615017,-2.284089934600383,-2.296267448680216,-2.2962674486802155,-83.35401273174618,-81.85736546070946,-81.6029185632128,-84.74603138461543,85.04657392427129,78.14885334818813,77.81475089884847,77.45652327756794
-0.5310756379751059,-0.6109556255743324,-0.762019723600252,-0.762019723600252,139.64125513092156,117.82545518388855,80.35853805523276,141.43635342923142,-59.49466330417582,-100.7532358877143,-86.69639246226693,-82.01056416082949
1.1520171165466309,1.2672321796417236,1.4170286655426028,1.6214731702798668,-5.8391971588134775,-21.379539489746097,-43.200397491455085,-73.01226043701172,9.482696533203123,24.903091430664062,46.78167724609375,76.92472839355467
106.59139251708984,116.02059173583986,127.02120208740237,139.5930189895014,151.58935546874983,147.25332641601565,146.52072143554688,150.33447265624997,151.3846435546876,146.6354064941406,146.29364013671875,147.04579162597653
-3.142808675765991,-3.841902494430543,-4.6564369201660165,-5.584873674726012,-7.1524500846862775,-8.205062866210943,-9.569766044616696,-9.387784957885742,-6.115951061248777,-5.082887649536134,-5.868991374969483,-5.6560277938842765
