hips,spine,spine1,spine2,rshoulder,rarm,rforearm,rhand,lshoulder,larm,lforearm,lhand
-0.17232163331320915,-0.62877235003465,-1.1485694405342741,-1.7145784457968754,-7.035497661033046,-16.496999536079226,-29.673293085996548,-45.922081431498746,2.2574008093649303,11.566634753079738,22.894319721228904,39.71857982242846
-16.6942742013483,-17.42857947466035,-18.29804201386527,-19.319322019128066,-14.278937302471133,-1.7699686583044354,15.69184227507322,40.542489309494805,-26.4916659460336,-38.66564877653198,-57.38198789317021,-82.4045951316561
57.57219763750321,48.15601121036866,37.17087836018129,24.617353216244652,12.438950486094114,16.365487309408735,16.500640838224342,11.837313551194114,13.045638002769095,18.19774657023015,19.08490241997194,18.916968903262585
0.09126500810525563,-4.239877888002424,-4.202618931601725,-4.202618931601725,-34.02137258268121,-26.267507242796345,2.3193714766385325,-111.11957437780812,47.20971958614431,-10.942429497665122,2.2163802650388993,-24.100151451578544
-2.2093036857131496,-2.216075303088952,-2.229783401762464,-2.2297834017624636,-83.42040366601584,-81.84652778314403,-81.60105726597843,-84.14563865091871,85.10128752165556,77.91992979609743,77.57769270745425,77.21068821950107
-0.5560503260105841,-0.6483330773946199,-0.824217386528183,-0.824217386528183,139.37212571530802,117.83434166093592,80.25644599861754,153.99470735649004,-60.07438158218838,-101.53526020794166,-86.04649936316086,-86.67117865800576
1.1512244939804077,1.2698041200637817,1.4258258342742922,1.642641982858428,-5.8070011138916025,-21.353193283081062,-43.175052642822266,-72.97625732421875,9.515854835510257,24.932369232177734,46.808109283447266,76.94554901123047
106.58755493164062,116.01654052734374,127.01702880859376,139.58902105853895,151.5940093994141,147.27503967285168,146.59030151367188,150.48658752441406,151.37248229980474,146.60630798339838,146.28973388671875,147.23133850097653
-3.1528055667877197,-3.854437828063965,-4.669430255889893,-5.592671398641521,-7.146449089050299,-8.182989120483404,-9.556090354919434,-9.378447532653803,-6.127732276916502,-5.114527702331548,-5.984366893768311,-5.7335481643676705
