hips,spine,spine1,spine2,rshoulder,rarm,rforearm,rhand,lshoulder,larm,lforearm,lhand
-0.2553612018916981,-0.3299375814042008,-0.4192027117862929,-0.5282789953569323,-8.301736409286622,-23.761333855254247,-45.63495411438023,-75.68918874352269,7.043246500576901,22.590783996673597,44.48408855594519,74.63415319917789
-17.422333017462112,-18.17678071697214,-19.04588331256516,-20.013805513094127,-21.411287843526708,-22.030440965635826,-22.19065833762066,-22.34074630462276,-20.789935663599493,-20.16229392606057,-19.86591015902387,-19.43732489232599
57.64810543344707,48.22276560778454,37.225667958768824,24.65564005264534,12.83821849782575,17.531707924708456,17.791217529101345,18.001545802388108,12.689296907415297,17.08147503528042,17.04053189020337,16.969322170592193
0.07126364102403944,-4.220643223778833,-4.104569632988946,-4.104569632988946,-15.04887522382626,7.599175198911709,8.83503748229841,10.828438453169126,15.674944004730817,-4.071537664594759,-3.432513684237443,-2.602911521261187
0.3021086130959812,0.3111931375858831,0.329059167484077,0.32905916748407693,-85.1892952142695,-85.04972408577645,-84.85642390433985,-85.05771192202194,85.88909901886073,85.75789037136578,85.61945385026061,85.83269016085687
-0.03707241636531571,-0.026797788025581273,0.002460882055148869,0.0024608820551488735,121.31768735164528,82.55784088269824,81.05097524328991,79.10878736578447,-90.6889692340787,-94.50585358985289,-93.84018062547713,-93.23924083432507
1.0424973964691162,1.044878959655762,1.045614838600159,1.0398919891450449,-6.643833637237549,-22.156957626342773,-44.03122329711914,-74.0836181640625,8.710824012756346,24.224224090576165,46.11861038208009,76.27069091796876
106.64466857910156,116.07409667968749,127.07592773437501,139.65130053854097,151.5496826171874,147.00761413574224,146.95823669433594,147.03625488281253,151.54853820800795,147.00459289550773,146.8345184326172,146.61502075195315
-3.785309314727783,-4.490762233734131,-5.302659511566163,-6.205066663507774,-7.396667957305902,-7.748725891113282,-7.499043464660648,-7.085208415985108,-7.063135623931892,-6.7499837875366175,-6.864995956420894,-7.002888202667239
