hips,spine,spine1,spine2,rshoulder,rarm,rforearm,rhand,lshoulder,larm,lforearm,lhand
-0.1600546146998847,-0.6486815331146245,-1.2035090142504383,-1.8037133931288214,-6.72898259677102,-15.313107648198123,-27.26543877515904,-41.7749584224898,1.6947625781530609,10.124771221919932,20.07479746116631,35.205922279989956
-16.610942703881804,-17.34323357314873,-18.211466716399418,-19.23383625838403,-13.878824256499136,-0.7318834370787854,17.589979258610434,43.464946829950705,-26.703146869935964,-39.474488467108,-58.95631428636442,-85.0365777467819
57.55175077892507,48.13702968701958,37.15351396948736,24.601665985790504,12.391142083056451,16.248964780457044,16.239374863693342,11.414076934028373,13.065026177724292,18.284208556585355,19.21246771422554,18.923103332768278
0.07139024299115145,-4.245059900841734,-4.17838371436856,-4.178383714368559,-33.79706518465587,-26.186390633477803,2.2893475559186514,-119.77544761035797,46.656116442819965,-11.865132305369814,2.6871664603645344,-26.075681796072768
-2.1380497944472108,-2.1456668265135694,-2.1609856915679684,-2.160985691567968,-83.4887151279263,-81.86794092738427,-81.62084305246395,-83.16461726349907,85.15704914367038,77.73664559995687,77.38262415452897,76.68814347232282
-0.577767042434023,-0.680521472413134,-0.8773581937978899,-0.8773581937978898,139.09707247694024,117.57200532610307,80.16901116480908,164.90862716737368,-60.67819693528085,-102.34221881788864,-85.16290606202237,-91.8313792972633
1.150606393814087,1.272006750106811,1.43324339389801,1.6604167102149057,-5.780131816864014,-21.331485748291012,-43.15591812133789,-72.94910430908203,9.543724060058592,24.957094192504883,46.82972717285157,76.95880126953125
106.58317565917969,116.01187133789062,127.01220703125,139.58440246874014,151.59686279296875,147.29252624511722,146.67742919921875,150.63458251953128,151.3609313964843,146.58027648925778,146.29771423339844,147.4632110595703
-3.1635324954986572,-3.8684716224670415,-4.684496879577636,-5.60246569633746,-7.142062664031984,-8.161930084228516,-9.527496337890623,-9.352562904357912,-6.141747474670402,-5.149055957794193,-6.105251312255857,-5.796506404876703
