hips,spine,spine1,spine2,rshoulder,rarm,rforearm,rhand,lshoulder,larm,lforearm,lhand
-0.13294205374357748,-0.6551290952910624,-1.2464912820943301,-1.8823382861982096,-6.403578103616043,-14.090109382469679,-24.780797217491113,-37.52816785471172,1.1331831241248822,8.668152703636347,17.218732178727056,30.656176356817426
-16.46735696963978,-17.206580172086063,-18.08489125246526,-19.123255426513968,-13.50524943477089,0.20916341424138452,19.293659970995428,46.04897031174597,-26.865741633794237,-40.15244307608583,-60.28569418983963,-87.27564826010115
57.527125937875326,48.11474985068786,37.13393349629759,24.58515383403312,12.336586940271332,16.110538378282286,15.913958475679578,10.91580342913926,13.092377274937832,18.393176076531603,19.36624366562424,18.927836337174227
0.04941267890849499,-4.252504367507988,-4.156744620123672,-4.156744620123672,-33.56919219643889,-25.997739613034454,2.3137249829623596,-125.90574254597398,46.108236428372834,-12.790882336654287,3.356655567242482,-27.459445596644468
-2.069151687525403,-2.077930986271473,-2.0954558989081575,-2.095455898908158,-83.55275982364797,-81.94284889246222,-81.68756483056055,-82.08286118822718,85.2084864792231,77.53932976608262,77.16534478545118,76.16744035393512
-0.5930638057745828,-0.7090040590215614,-0.9322176327926054,-0.9322176327926049,138.81658685746146,117.14878138505826,80.06140843422129,173.90214302319802,-61.278211998766096,-103.10415892604028,-83.97961239477685,-97.040940597798
1.1495510339736938,1.2727482318878176,1.4385391473770142,1.6765321901464176,-5.754421710968017,-21.31093406677246,-43.13905334472656,-72.92646789550783,9.570328712463379,24.980251312255866,46.849403381347656,76.96537017822266
106.57891082763672,116.00730895996094,127.00747680664062,139.57981487121168,151.5998840332031,147.31062316894528,146.786880493164,150.7872314453125,151.34909057617196,146.55349731445318,146.32267761230466,147.76818847656253
-3.174896478652954,-3.8834760189056396,-4.700964927673339,-5.614226929712755,-7.1406126022338885,-8.144483566284178,-9.488492965698235,-9.313078880310057,-6.157826900482178,-5.184564113616943,-6.230499267578132,-5.838364124298101
