hips,spine,spine1,spine2,rshoulder,rarm,rforearm,rhand,lshoulder,larm,lforearm,lhand
-0.059972081791910714,-0.6202602928431293,-1.254678046263729,-1.9364327514819184,-6.068416188491228,-12.863925917988606,-22.291859068970716,-33.28806258873281,0.5933260505572686,7.250977484276771,14.4083486718074,26.228588434630666
-16.25344232846424,-17.010379997511414,-17.91279029065216,-18.9864951869422,-13.166274737415035,1.0368348485770547,20.771975341538642,48.24738143706053,-26.97827955170505,-40.68817985301424,-61.35650662677049,-89.08754756751676
57.497189290110455,48.08840754248328,37.11195720976272,24.56856289641061,12.276993048933292,15.951798645328154,15.518654991180398,10.27363666865179,13.129357918683468,18.52619069552236,19.524712441170607,18.826380919556755
0.038008220848714164,-4.256726776999052,-4.146620769318534,-4.146620769318534,-33.32315628034343,-25.561009524516056,2.6447468893930033,48.615383715224475,45.5983442669005,-13.816518004703696,4.407738434729587,-29.36505117135544
-2.0092710571226706,-2.0199039906943295,-2.0410587714231796,-2.0410587714231796,-83.600749043221,-82.03911591884552,-81.74977075063248,-99.0336467912924,85.2439992316358,77.26133910473472,76.84691973354815,76.85080370029763
-0.603938507172102,-0.7359926933831314,-0.9914446246160709,-0.9914446246160709,138.51324471577124,116.40181076860442,79.56209195807361,3.4146040170032737,-61.84519056634189,-103.85009563161476,-82.16373082380512,-104.6336531585097
1.147827386856079,1.272138595581055,1.4423109292984015,1.6923566689984337,-5.727686405181886,-21.289567947387688,-43.12253189086914,-72.89772033691405,9.597723960876465,25.00365447998046,46.86815261840821,76.95909118652347
106.5756607055664,116.00390624999999,127.00393676757814,139.5761997285485,151.6041870117188,147.33110046386713,146.92855834960935,151.0179595947266,151.33747863769523,146.52587890624997,146.3882446289063,148.25204467773438
-3.186161994934082,-3.8966436386108394,-4.714972496032717,-5.626045353113266,-7.143090248107912,-8.133062362670897,-9.44033145904541,-9.241334915161126,-6.174856662750241,-5.2170958518981925,-6.370142936706543,-5.842855453491208
