hips,spine,spine1,spine2,rshoulder,rarm,rforearm,rhand,lshoulder,larm,lforearm,lhand
0.09471114782462475,-0.5113848951134927,-1.2015114945645786,-1.9520170845859943,-5.7318695863341915,-11.659460344200223,-19.85109232333832,-29.11114997086588,0.08767612577312311,5.911233926942538,11.715947144455173,22.03917469168424
-15.961747340167134,-16.751123297575344,-17.69521194240943,-18.825270710093534,-12.864635689754392,1.7500320656083002,22.02030682788095,50.041970305678944,-27.045041247542876,-41.087280308584226,-62.176171323979716,-90.48532007782096
57.455978200021946,48.052713348731146,37.08312419075938,24.54860859886017,12.211090960407262,15.772849892017035,15.02231348349892,9.333686682950116,13.173257836768187,18.678942590686006,19.663957347978936,18.55125235823658
0.04386479522805539,-4.260840296986913,-4.170617359550573,-4.170617359550574,-32.94826219941377,-24.843032220433017,3.658728286846053,41.24476960271067,45.07728288885257,-14.67271634473571,5.8217344688405275,-36.69264948213135
-1.9712930240127602,-1.9825265230346312,-2.0049158789231893,-2.0049158789231902,-83.61253169710012,-82.13537604565487,-81.76387452642417,-100.61664528097997,85.24046471206707,76.77840239725596,76.28401745312681,79.49010158564253
-0.6309128941963243,-0.7742448359189277,-1.0522481987224357,-1.052248198722436,138.07902507331397,115.21298082835212,78.06048638478704,17.53815044295406,-62.426109563362296,-104.25500097364538,-79.65863943140643,-120.87758903209284
1.1470006704330444,1.2752472162246704,1.4522562026977535,1.7152463276587442,-5.692817687988281,-21.259899139404304,-43.09840774536133,-72.83631134033205,9.63291072845459,25.03424263000488,46.89280700683594,76.93655395507812
106.57386779785156,116.00212097167969,127.00199127197264,139.57360611454436,151.60894775390622,147.35220336914074,147.13264465332034,151.48056030273438,151.32614135742193,146.49835205078122,146.5156555175781,148.97785949707034
-3.195718765258789,-3.9052619934082027,-4.72439908981323,-5.64075547618323,-7.157968521118164,-8.136270523071294,-9.393853187561037,-9.119106292724613,-6.199402809143066,-5.249511241912841,-6.5180292129516495,-5.792864799499511
