hips,spine,spine1,spine2,rshoulder,rarm,rforearm,rhand,lshoulder,larm,lforearm,lhand
0.34685907627340384,-0.31617640852510176,-1.0790189349553678,-1.9268918669422668,-5.404322211910957,-10.499419551002166,-17.506860524774936,-25.063422061295277,-0.3800721880314093,4.668797551370628,9.23554691319405,18.07482218636399
-15.632387386859552,-16.46330326969877,-17.458841729707224,-18.654495900907023,-12.60038229653036,2.3520418896379276,23.042335932564352,51.427506437664995,-27.07381407999284,-41.36995602658258,-62.763429327191915,-91.55476574792121
57.40338959591196,48.00754593614067,37.04732517204856,24.525109107120812,12.144232194066262,15.590408351924196,14.426179080322356,8.061802337727954,13.21819911227982,18.834266936525154,19.76714821748851,18.3040296784053
0.06316997135655876,-4.269508824453605,-4.235238507395957,-4.235238507395956,-32.357862170051376,-24.231449175005103,5.600228093115705,32.34664739615775,44.43422467522499,-14.787307079146647,6.4229525736331805,-52.72570559001495
-1.9566229075223447,-1.9639779371426407,-1.9788236261588963,-1.9788236261588965,-83.5896693559171,-82.33265227330291,-81.83005942733149,-103.5586546320414,85.1959778022099,76.15017751499762,75.59309319968989,82.17684689185424
-0.6810119814575498,-0.8273673640850866,-1.111398847777844,-1.1113988477778443,137.43089783807181,113.89399988639605,75.20352665147908,36.385548302707285,-63.12832593044506,-103.80258959165043,-78.05931195661628,-148.63403727850036
1.146863579750061,1.2830667495727541,1.470064401626587,1.7460851367211885,-5.649804115295408,-21.221906661987305,-43.06475067138672,-72.72622680664065,9.676066398620605,25.07267189025879,46.926017761230455,76.91751098632812
106.57286834716797,116.00125122070312,127.00083160400389,139.5711248907562,151.6127014160156,147.37155151367176,147.42692565917974,152.25889587402347,151.31454467773438,146.4713134765625,146.6899719238281,149.6934051513672
-3.2056288719177246,-3.912000179290771,-4.732809543609619,-5.663353374638353,-7.190502166748048,-8.156631469726555,-9.354557037353521,-8.937765121459963,-6.238915920257568,-5.290955543518061,-6.628726005554186,-5.7895126342773455
