hips,spine,spine1,spine2,rshoulder,rarm,rforearm,rhand,lshoulder,larm,lforearm,lhand
0.646520811964943,-0.08036375521296257,-0.9244653977061965,-1.8806159255253707,-5.101363143077163,-9.431608688781083,-15.324129919742632,-21.37332092924121,-0.8000475713821356,3.5527471896954284,7.02078979169176,14.173483008194282
-15.389739218660313,-16.25011116331728,-17.280285439441542,-18.516124848485838,-12.379373274687259,2.831154607186334,23.834911653316915,52.452930147669605,-27.077684668820858,-41.56971760143976,-63.17259143688303,-92.42955584167963
57.35217879141268,47.96371387225321,37.012658301618245,24.502148731427184,12.09255234440397,15.45407227824765,13.820697552043043,6.911321941583225,13.248012965852752,18.94411301456816,19.778129639199676,18.334596633260816
0.0810935235393307,-4.279180315156647,-4.300172643057202,-4.300172643057201,-31.86032464387921,-23.196683778180095,7.10546505554764,28.083230439373537,43.960864725610236,-14.649234110408724,4.4120796229591495,-48.34637030263573
-1.9664191747805073,-1.9668090851488402,-1.967916864268815,-1.967916864268815,-83.55463216670331,-82.61050694389668,-81.9935151329711,-107.7484017112663,85.14361806957704,75.65921836583074,75.22983993254263,83.8638995593125
-0.7233983482185287,-0.8621132856402015,-1.1308529513330918,-1.1308529513330916,136.91480907550067,111.94040607654065,72.95362194967886,51.39535443493636,-63.62169498348532,-103.05990405096597,-79.74672968418253,-157.17247053695277
1.1427605152130127,1.2859609127044678,1.4797312021255493,1.760311136472097,-5.631345272064207,-21.205251693725593,-43.04898452758788,-72.6424789428711,9.694614410400389,25.089599609375004,46.93754959106445,76.92050170898439
106.57028198242188,115.998779296875,126.99810028076172,139.56722986717398,151.60987854003906,147.37353515624994,147.78669738769526,153.0097351074219,151.30697631835938,146.45898437500003,146.89830017089847,150.04277038574222
-3.2154135704040527,-3.9188385009765625,-4.741502285003664,-5.686292697241316,-7.225462436676026,-8.183499336242681,-9.29172420501709,-8.773910522460941,-6.276793479919433,-5.326634883880614,-6.698183059692379,-6.106859683990475
