hips,spine,spine1,spine2,rshoulder,rarm,rforearm,rhand,lshoulder,larm,lforearm,lhand
0.9312182273389347,0.14206334814383226,-0.7780786646284179,-1.828794618495884,-4.830079691716242,-8.501876909911378,-13.400604553552409,-18.36554147521168,-1.1499484157595479,2.606014681526163,5.1111364536421995,10.6436139697798
-15.153567132755889,-16.04550890425153,-17.11172745129794,-18.386944236310082,-12.199892155701844,3.201620704750545,24.41633484919369,53.21817609032298,-27.059184837650893,-41.68519885356259,-63.42132991397876,-93.04196811172005
57.305197042436106,47.9247087259632,36.98323410570977,24.484266519618927,12.04466779037719,15.31929197656828,13.20129270569899,6.192168236432508,13.283578151803823,19.061492096511557,19.88088691744815,18.775191502307393
0.07913005387447955,-4.2918870066172685,-4.334424305855581,-4.334424305855582,-31.724422765213813,-20.503939100494435,5.416713661508349,30.206977437536654,43.93301338109585,-15.45139161086585,1.6435724304448653,-9.720379298288346
-2.0058157090202755,-1.9980938068547982,-1.9830583362125307,-1.9830583362125298,-83.52046392855522,-82.4869390333922,-81.89538401746181,-110.86341087574479,85.10626036835122,75.9775286295592,75.74883747903236,83.66492061535818
-0.7713182996560994,-0.9035148621798559,-1.159227704004309,-1.1592277040043089,136.7502141989523,108.27938096290313,74.73042999308196,59.082297613726794,-63.67899530700003,-103.50525014699124,-82.74967771140417,-130.555666530619
1.1395975351333618,1.291179180145264,1.4934287071228027,1.7807314153108824,-5.604323863983156,-21.18020057678223,-43.01881027221679,-72.62342834472656,9.721240997314455,25.11350059509276,46.95561981201172,76.96113586425781
106.57015228271484,115.99849700927734,126.9974822998047,139.5658938164752,151.61141967773438,147.38253784179688,148.16917419433594,153.33938598632812,151.30120849609375,146.44586181640622,147.02056884765625,149.99324035644534
-3.2255148887634277,-3.9292373657226562,-4.754323959350586,-5.706616815634669,-7.254908561706543,-8.214324951171873,-9.216262817382812,-8.816285133361816,-6.302188873291019,-5.345221042633052,-6.758718967437745,-6.5458631515503045
