hips,spine,spine1,spine2,rshoulder,rarm,rforearm,rhand,lshoulder,larm,lforearm,lhand
1.174019887785735,0.33127268382686204,-0.6512505815355771,-1.7728947957471322,-4.603091918439365,-7.767923871371462,-11.931546654241153,-16.26944285071437,-1.4014761698916294,1.8944683665040465,3.628308058766312,7.824231697533847
-14.921600191705506,-15.847679828054469,-16.95262315291924,-18.269570014974647,-12.064934257588408,3.4667949671260523,24.794516273800163,53.75090257248232,-27.02745694660912,-41.73153509565117,-63.53813333608811,-93.39152659442331
57.26834014351026,47.89582690889564,36.9636230195581,24.47515082309286,12.004260269560064,15.191769164419043,12.67367020791238,5.888811743973605,13.326834224523793,19.18669569273581,20.12150549432232,19.502010904106385
0.07172189313923634,-4.293405210927432,-4.3242331451455955,-4.3242331451455955,-31.94498028222257,-18.380582816601688,1.2946019821117443,34.26693369668457,44.25728720524284,-16.57251892563901,-1.2973963622721463,23.064059637257024
-2.0605974163992564,-2.043271902536842,-2.008980491781872,-2.0089804917818728,-83.50800356392799,-82.04569276391494,-81.61469518846904,-111.48856149144203,85.103263795482,76.35175753673033,76.29235147437244,79.4190045024579
-0.8148261052060182,-0.9430007398200788,-1.1906691424228653,-1.1906691424228648,136.93828253122652,105.38712206635714,79.533859007843,64.49110539933989,-63.386997858768105,-104.61297819785241,-86.21323081139491,-106.68852744428501
1.1357370615005493,1.2951939105987553,1.505684018135071,1.8002395729963305,-5.577569961547851,-21.155269622802734,-42.98356246948242,-72.65337371826173,9.74738121032715,25.13654327392578,46.97462844848633,77.01043701171874
106.5757064819336,116.0038299560547,127.00263977050784,139.57105366152874,151.6208343505859,147.40055847167972,148.47886657714847,153.2764129638672,151.30213928222653,146.4382781982422,147.01643371582028,149.66947937011713
-3.236020088195801,-3.9409399032592765,-4.766294479370119,-5.716337568777885,-7.265964508056639,-8.233193397521974,-9.187738418579107,-9.088721275329586,-6.30631065368652,-5.3431453704834,-6.816769599914552,-6.9786043167114125
