hips,spine,spine1,spine2,rshoulder,rarm,rforearm,rhand,lshoulder,larm,lforearm,lhand
1.4082316964151547,0.5184552781129455,-0.5187802449089185,-1.702536536434554,-4.420903101619368,-7.218561612579165,-10.887205711710703,-14.846832890337097,-1.5617713726129114,1.4092630035539466,2.5857791816094693,5.774536539892042
-14.70499158430594,-15.665074014450243,-16.808871229147346,-18.168342028772734,-11.968829721492146,3.6491045792892205,25.035666824577298,54.11448464492578,-26.993728609662398,-41.73743036964189,-63.5703166722805,-93.55430429101045
57.239037622606304,47.87429059748575,36.951140632269784,24.47296236900246,11.974654654114829,15.083390754769567,12.307614116486036,5.8217359153318,13.37268704115644,19.306228035182045,20.46734342576252,20.38235867575449
0.08359241099184853,-4.277150391376279,-4.299260556216287,-4.299260556216287,-32.27299355102081,-17.74425202852136,-2.4549870359276333,36.00493094807333,44.682223836229035,-16.514576851986213,-3.705129993322755,32.79843479654895
-2.1141671648989835,-2.088252262464052,-2.0367343882920457,-2.0367343882920466,-83.50389118902018,-81.77531233550353,-81.48709734881628,-110.09645043516068,85.11225203499058,75.84805623129742,75.85773472281313,73.82396202601693
-0.8332625143929767,-0.9584268940851646,-1.2000699823025225,-1.2000699823025223,137.2556712625009,104.34176549721073,84.09621219114557,71.11482729599842,-62.97211219882178,-104.81279255836873,-89.25421682589018,-101.01422645756693
1.1347358226776123,1.2978125810623171,1.5118019580841064,1.80869372243604,-5.566560745239257,-21.144409179687507,-42.96462631225585,-72.70216369628906,9.757869720458984,25.145816802978512,46.98323440551758,77.04623413085938
106.58699798583984,116.01521301269531,127.01419067382814,139.58296355672604,151.6345214843751,147.41697692871094,148.6487884521484,153.00372314453122,151.3131103515624,146.44654846191403,146.91430664062497,149.19558715820312
-3.2467269897460938,-3.9496598243713383,-4.771872520446779,-5.716423250174089,-7.264563560485843,-8.241272926330568,-9.195052146911618,-9.38563919067383,-6.297484874725338,-5.328797340393068,-6.85053920745849,-7.326686382293704
