hips,spine,spine1,spine2,rshoulder,rarm,rforearm,rhand,lshoulder,larm,lforearm,lhand
0.7912184616997582,0.017270836965989744,-0.8942884985245589,-1.9559797210422545,-4.449655280719519,-7.070744794360754,-10.499839224663882,-14.153127420948124,-1.80974732537487,0.8948704776745036,1.7671112147026409,4.5507349858883295
-15.01045249468968,-15.934706542294528,-17.01857471632541,-18.26811441560386,-11.938559380867124,3.692220298411141,25.158230266815874,54.38312420906909,-27.011030580455266,-41.83792569207898,-63.68927003430009,-93.71267347746362
57.27329816463789,47.89466307660257,36.95420178926972,24.453568410492693,11.973606203634091,15.170506013844545,12.720525921404715,6.730331740630248,13.288272544480094,19.141452355305773,20.219893936576625,19.966974820339914
0.23587882833688675,-4.161740459915937,-4.257475439988372,-4.257475439988373,-32.14050834031923,-17.701933843076073,-3.813076776797065,35.7402167758623,44.18891257192356,-15.399812376644826,-3.653151781747771,33.66668686799366
-2.047384518824299,-2.020570896311097,-1.9672927081682774,-1.967292708168277,-83.58354783350977,-81.26286183245588,-81.0117224336409,-107.4983229502759,85.18171388289885,74.59457936977626,74.56757800363177,70.3454470636042
-1.3963139041782455,-1.4208736359298222,-1.4613778291488035,-1.461377829148804,136.86417602302905,104.54571490646516,85.78427138465992,76.99654994347206,-63.72351041492923,-104.08937534355842,-89.49162736124417,-100.41470474207136
1.0171923637390137,1.2712419033050542,1.5722870826721187,1.9250561388309735,-5.397304058074949,-20.99529266357422,-42.818527221679695,-72.58108520507812,9.926658630371094,25.293544769287116,47.13228225708008,77.20660400390625
106.65544128417969,116.08348083496094,127.08205413818358,139.65006522473962,151.7361145019532,147.5899963378906,148.71966552734375,152.89291381835935,151.34449768066392,146.40747070312503,146.70568847656253,148.82489013671875
-3.2950570583343506,-3.9729697704315186,-4.773070335388184,-5.708497459144746,-7.23872470855713,-8.199977874755858,-9.210401535034178,-9.52266407012939,-6.290224075317377,-5.343616962432863,-6.888188362121599,-7.399499893188469
