hips,spine,spine1,spine2,rshoulder,rarm,rforearm,rhand,lshoulder,larm,lforearm,lhand
-0.2259450910083202,-0.3072682876692281,-0.40444786389814025,-0.5226693625266093,-8.305932045833474,-23.764538451042437,-45.638375403566194,-75.69283797626905,7.0404915677918085,22.59189353179319,44.48604414257636,74.63760446127829
-17.452665087228617,-18.20175049842313,-19.064308107659553,-20.024066909381744,-21.394452315155345,-21.977407748158758,-22.083653178021564,-22.155348268951652,-20.811857486327995,-20.226334960992986,-19.997992983386084,-19.68359103302795
57.64927847335633,48.22356506802846,37.22602202239726,24.655450861848635,12.841315051851126,17.542672586030733,17.81441656576203,18.032441734590407,12.684584207125198,17.06884310394389,17.044393875295782,17.018277897769337
0.09964824148034318,-4.1907353753502825,-4.071601955969439,-4.071601955969439,-14.898893712728471,7.896285138902086,9.191369937954157,11.324456445786582,15.182312118996698,-4.894528120431898,-4.750977798607278,-4.6655411130525986
0.3398063158896777,0.347872968962806,0.36369621069356634,0.3636962106935663,-85.23544351990986,-85.00453728430742,-84.80681224268032,-84.98786273624765,85.92150083772951,85.66715306388204,85.5346792173629,85.76979637802646
-0.027737296855421062,-0.017027760254996034,0.013098217202920356,0.013098217202920365,121.17867108100202,82.27510232300303,80.69190041465049,78.58775682283476,-91.16991086336665,-95.38848217550417,-95.25911541114006,-95.46845514712791
1.0417850017547607,1.04219388961792,1.0405690670013428,1.0320117991497146,-6.654597282409666,-22.167097091674798,-44.041248321533196,-74.09333801269533,8.700257301330566,24.214658737182624,46.108699798583984,76.2600326538086
106.64788818359375,116.07766723632812,127.07991790771486,139.65580648538122,151.5534667968749,147.0087738037109,146.95462036132807,147.03517150878906,151.55493164062509,147.01364135742196,146.8196868896484,146.5450286865234
-3.7980189323425293,-4.498791694641114,-5.304943084716797,-6.2001111348201325,-7.380220890045168,-7.725513458251955,-7.4638814926147425,-7.029356002807618,-7.055971622467035,-6.754813194274902,-6.8959388732910165,-7.09038734436035
