hips,spine,spine1,spine2,rshoulder,rarm,rforearm,rhand,lshoulder,larm,lforearm,lhand
0.9134654707941712,0.11266945205896928,-0.828798261185244,-1.9214260393284626,-4.354272179011758,-6.7821155408972675,-9.929847332270956,-13.269867055044962,-1.8951178498963657,0.6374846276423165,1.2114768175167887,3.743936011551529
-14.773861048960274,-15.736911499337463,-16.868690648569416,-18.17904269988695,-11.89354080082158,3.7863937948643116,25.289105112113802,54.5683379082454,-26.98882249359618,-41.81254749102911,-63.65840134531061,-93.7048366413695
57.24369965021978,47.87123160609751,36.93815046079047,24.44641260640546,11.932225562848885,15.039727467059663,12.534998309664331,6.627867389965104,13.332868901736077,19.27041002673687,20.62548853638333,20.509474366953327
0.2360906046587279,-4.155300308818582,-4.238584125953116,-4.238584125953117,-32.41561430664021,-17.42866019187062,-4.375570391578501,33.805321017768875,44.55805750781198,-14.818106514220624,-2.5845924700835763,33.83156333743881
-2.0533231199861777,-2.0328820522175595,-1.9923611814943787,-1.9923611814943782,-83.5773014026052,-81.26013978318458,-81.02338717799425,-105.2759388751983,85.18666053591569,73.69068322289574,73.61379327510257,69.57223886474422
-1.3774313002965064,-1.416846498701597,-1.487029447756632,-1.4870294477566322,137.11255838998986,104.43067254576167,86.80271618426707,81.16685449703867,-63.38067223661466,-103.87652135743573,-88.40815552648218,-99.18194802019424
1.0083447694778442,1.259357929229736,1.559760332107543,1.9184291652376149,-5.397974967956543,-20.997337341308594,-42.824188232421875,-72.61897277832028,9.92538833618164,25.2896900177002,47.128055572509766,77.20269012451172
106.66349792480469,116.09161376953125,127.09030151367188,139.65845434310629,151.74818420410162,147.60919189453125,148.67959594726568,152.6123046875,151.3495788574218,146.40554809570315,146.5467071533203,148.68778991699222
-3.310580253601074,-3.9884605407714835,-4.787319183349608,-5.718589126362417,-7.248234272003174,-8.217758178710934,-9.213395118713379,-9.571188926696776,-6.2930264472961435,-5.3411407470703125,-6.9136862754821795,-7.297358036041258
