hips,spine,spine1,spine2,rshoulder,rarm,rforearm,rhand,lshoulder,larm,lforearm,lhand
0.9425407419667566,0.1290472709768693,-0.8238481597916749,-1.9217747055372811,-4.285089115712045,-6.560380975200509,-9.500122206568534,-12.497984022434862,-1.9754552300956272,0.4075556646262566,0.7445266477088115,3.1672244811460035
-14.542521405872547,-15.542337057752208,-16.721220866297585,-18.095045429402475,-11.860466804146022,3.8607978317034597,25.38647072312927,54.66816483327421,-26.970610026724387,-41.78295569051257,-63.62150660000401,-93.67685330989717
57.216686830544916,47.84916753185607,36.9220577605186,24.437605992315298,11.88468937567339,14.89736082479277,12.337483951891215,6.261373527162817,13.376633233660101,19.40384106580734,20.94359397222803,20.793539169397263
0.21317116121613616,-4.162197346267056,-4.213427759770353,-4.213427759770352,-32.648303111582976,-18.470352780252096,-3.988622321604751,30.325568737852915,44.813613879083626,-14.550230886853031,-1.2079385180578726,36.553087621417035
-2.0365786888899775,-2.0253134316595895,-2.00314800257651,-2.003148002576509,-83.58577988644105,-81.65521077220585,-81.43004829823633,-103.70974670462815,85.20370568790032,73.19731790551833,73.05674835359042,71.07025547687641
-1.3599161534050876,-1.4231024568878932,-1.5408017915392038,-1.540801791539204,137.29089428103788,105.62271278256172,86.38790386172882,85.84961348430981,-63.17890526060617,-103.77728106994772,-86.73761116873834,-96.53945880726411
0.9962408542633057,1.244304180145264,1.5458464622497565,1.9163037372215037,-5.388630390167235,-20.991609573364254,-42.82062149047852,-72.61338806152345,9.934165954589842,25.29371261596679,47.13114547729491,77.1941680908203
106.66377258300781,116.09169006347656,127.09024810791016,139.65846703710812,151.75559997558597,147.63142395019528,148.6474304199219,152.59938049316406,151.34243774414062,146.38380432128906,146.45123291015622,148.7742004394531
-3.326369285583496,-4.008027076721191,-4.808213233947756,-5.733959925979763,-7.259821414947507,-8.234252929687502,-9.24004173278809,-9.551576614379883,-6.301728248596189,-5.348921775817874,-6.939102172851566,-7.124413490295402
