hips,spine,spine1,spine2,rshoulder,rarm,rforearm,rhand,lshoulder,larm,lforearm,lhand
0.8971954093420917,0.08281188242014714,-0.8661721152410014,-1.9483205824012595,-4.238952142366499,-6.403237599757666,-9.2090192720669,-11.927365159128005,-2.0451469631455446,0.21481331966828865,0.40641192309076324,2.7019701648909944
-14.377293434274218,-15.404108606237259,-16.617054829628227,-18.035667754053033,-11.83702550046224,3.9133985258757074,25.447915985283913,54.70262071597599,-26.957478378848098,-41.76143088369111,-63.59756334720416,-93.66277746645555
57.20042769163652,47.83591478739858,36.912193503409924,24.43137363257148,11.847209304319506,14.78852171657661,12.153975446101441,5.821769766998813,13.407957600117754,19.50279244612014,21.100593934572146,20.93287170750719
0.18537846310923614,-4.164927301741563,-4.1659957646966195,-4.165995764696617,-32.966563244029345,-20.34308090263718,-3.539008216478794,24.840384661023077,45.08039888621322,-14.200068366437119,-0.5317203306820284,40.83229379631173
-2.0096242973495255,-2.0072200152576025,-2.0026909666518584,-2.002690966651858,-83.61722534959135,-82.1574128116234,-81.96332068862206,-102.32525081885024,85.2455856849828,73.0197392521366,72.83247313751399,72.72979383389259
-1.3596744863511543,-1.4385673683981732,-1.5876651281982435,-1.5876651281982435,137.5619622899659,107.51303302114934,85.65904282833482,93.03103611066821,-62.95826923714762,-103.37849084566625,-85.85426877279886,-93.36123803757538
0.9830467700958252,1.2309019565582275,1.5351774692535398,1.9155645268983807,-5.379800796508789,-20.98601531982422,-42.81369018554686,-72.58663940429686,9.942652702331543,25.298267364501953,47.137184143066406,77.19082641601562
106.6563720703125,116.08395385742186,127.08239746093749,139.65108170681185,151.75524902343753,147.64419555664068,148.65635681152344,152.75857543945312,151.32919311523438,146.35766601562503,146.44396972656253,148.89071655273438
-3.344911575317383,-4.031163215637207,-4.8318819999694815,-5.7472259771299905,-7.263184070587159,-8.241250991821294,-9.278953552246094,-9.538335800170897,-6.305213928222661,-5.356288909912109,-6.924927234649652,-7.007598400115964
