hips,spine,spine1,spine2,rshoulder,rarm,rforearm,rhand,lshoulder,larm,lforearm,lhand
0.7788851815683167,-0.02149672137644565,-0.9498606125587861,-1.9986067059206913,-4.217898026005463,-6.313955773543924,-9.035257951359378,-11.59341755963087,-2.103781430805568,0.06337998255086852,0.19117864704895915,2.3075304638594454
-14.300764042840598,-15.338703716536823,-16.566362621865018,-18.005742516171043,-11.82223911517497,3.944785862795377,25.48040112602272,54.71875836030526,-26.950017029731175,-41.75213743523959,-63.59147914219217,-93.67020180222764
57.197019545601066,47.832505643412986,36.90865652391061,24.427362931731807,11.822997114750535,14.72455099502696,12.011622293768028,5.538716921579521,13.42224419527443,19.555127881983793,21.11525609335115,21.030598195315264
0.18509623785882576,-4.143135196859443,-4.100027626773853,-4.100027626773852,-33.4254432123489,-22.069131803353727,-3.755773824819656,16.264048983081548,45.4792399804158,-13.939541583323871,-0.7182898053685681,43.846687554602426
-1.995330284617762,-1.9981358163780312,-2.0039161029762287,-2.003916102976229,-83.65922208273874,-82.53409450408326,-82.39132246863504,-100.25801561479027,85.30275368811405,73.28358217036717,73.09593537761415,72.94492955752972
-1.361139796942988,-1.4509750534161123,-1.6219570230279396,-1.62195702302794,137.98603613279198,109.14246375025124,85.70585018871868,103.51381701547041,-62.59275913263763,-102.9551982225566,-86.08914972373496,-91.41356899916512
0.9728572368621826,1.2207804918289178,1.5271728038787846,1.9146253381061245,-5.373898506164552,-20.982360839843743,-42.80672836303712,-72.56724548339844,9.948261260986332,25.301048278808608,47.143211364746094,77.19914245605469
106.64488220214844,116.07247924804686,127.0711669921875,139.64068088053324,151.7506408691406,147.64942932128912,148.700439453125,152.89184570312497,151.31494140625003,146.33374023437506,146.49278259277344,148.91033935546872
-3.369638681411743,-4.055932044982909,-4.8524727821350115,-5.753346650688277,-7.255776405334475,-8.239400863647463,-9.307367324829096,-9.568044662475584,-6.297480583190916,-5.3534545898437536,-6.870621681213381,-6.980596065521226
