hips,spine,spine1,spine2,rshoulder,rarm,rforearm,rhand,lshoulder,larm,lforearm,lhand
0.6382327440254292,-0.14167697419668812,-1.0432771213397052,-2.0548594532368147,-4.2149531141317205,-6.27586375112157,-8.942807498081851,-11.44723898115793,-2.1490391046154107,-0.044137377184012117,0.05691143784461605,1.995320521182891
-14.296742906351804,-15.335312415208094,-16.56331408607042,-18.002192322417656,-11.814923488634712,3.9585486800441156,25.49187091002548,54.74023255919985,-26.94831873207598,-41.75528764168621,-63.599784069428,-93.69057832545256
57.20140684319239,47.83523555982978,36.90918118933999,24.424762773194317,11.811955999571808,14.703578731901786,11.919415266175946,5.470727900808441,13.421050561259563,19.563857646643868,21.052074653914815,21.089675960381157
0.2085552049334552,-4.104263318302276,-4.030384595734793,-4.030384595734794,-33.938158978797915,-23.8162022220292,-4.772515858454015,0.2078044948424586,45.95123410272775,-14.103241680544713,-1.3529432184960648,44.46430313960794
-1.992759542484383,-1.9981113892116622,-2.008941979571448,-2.0089419795714494,-83.70025014933944,-82.94703996071478,-82.8767588115415,-97.47943439797034,85.36101553927148,73.97238285934559,73.82064218192623,71.62823455159473
-1.3686160688057385,-1.4576398677354545,-1.627033919259909,-1.6270339192599088,138.49299247142957,110.73765822479345,86.7881777220953,121.18663319262275,-62.12497084226162,-102.95703504791953,-86.90862822723467,-91.64132175351034
0.9677488803863525,1.2167431116104122,1.524168014526368,1.9123085049412214,-5.375475883483888,-20.983999252319343,-42.804508209228516,-72.56961059570311,9.946549415588379,25.298973083496083,47.143455505371094,77.20747375488283
106.63421630859375,116.0620651245117,127.06126403808594,139.63184247107208,151.7439575195312,147.64466857910165,148.7569122314453,152.91226196289065,151.30638122558597,146.3233337402344,146.559326171875,148.8680419921875
-3.3961563110351562,-4.078592300415039,-4.867672920227053,-5.753267298304337,-7.241911888122559,-8.232410430908203,-9.317041397094728,-9.627127647399906,-6.282273769378659,-5.342410087585452,-6.815474987030028,-7.0139203071594265
