hips,spine,spine1,spine2,rshoulder,rarm,rforearm,rhand,lshoulder,larm,lforearm,lhand
0.5134416007769262,-0.24673415898326212,-1.123721037828206,-2.103522471783899,-4.220156812244593,-6.265491924438704,-8.903622595157259,-11.388113621535494,-2.1810954739497914,-0.11487527565601763,-0.04228009419518397,1.7924980921308622
-14.317630714333792,-15.352718082317756,-16.575929515096124,-18.00766865541548,-11.811504741208982,3.963705003881522,25.49322510707974,54.758757616197954,-26.94867644979032,-41.761538864606216,-63.60953227034104,-93.70663714723867
57.20776826433631,47.83958835328673,36.910997796968715,24.423224385878427,11.80742731439122,14.70063217424567,11.860088629310724,5.481995598835766,13.415228566411372,19.556988103352467,20.994578639273357,21.100530617119546
0.2506401724534253,-4.05347626719917,-3.9621302278171724,-3.9621302278171715,-34.47624095483971,-27.007489643539323,-6.129285869090813,-31.95036197334589,46.47961417188074,-14.769934529584193,-1.8013540995999349,43.984438973275395
-1.9979688870711552,-2.004903213350512,-2.0188699897069693,-2.018869989706969,-83.73609456271258,-83.65303649806764,-83.69280926625635,-95.53812665345374,85.415298582361,74.84062593149324,74.73099214325782,69.74231970631456
-1.3879319668433479,-1.473810346205029,-1.636897177295407,-1.6368971772954073,139.02037037636106,113.779601687674,88.2601054151271,154.86154780345336,-61.60576261851306,-103.55430695197222,-87.49813222669773,-93.02158040033255
0.9681010842323303,1.2201082706451414,1.530407667160034,1.920367818960517,-5.365530967712404,-20.974380493164077,-42.7908821105957,-72.56381988525389,9.956235885620114,25.307826995849613,47.15272903442383,77.22232818603516
106.62916564941406,116.05743408203124,127.05724334716795,139.62881174469697,151.7436218261719,147.6475372314454,148.82350158691406,152.9188690185547,151.3029174804687,146.31675720214844,146.59259033203128,148.82199096679685
-3.422058343887329,-4.097568988800049,-4.876898288726805,-5.747513984022304,-7.223311901092529,-8.22190093994141,-9.320091247558594,-9.67265510559082,-6.261021137237546,-5.3238844871521005,-6.783652782440184,-7.033329486846927
