hips,spine,spine1,spine2,rshoulder,rarm,rforearm,rhand,lshoulder,larm,lforearm,lhand
0.4651204004156897,-0.285644149846056,-1.1526379687805681,-2.1232697039872495,-4.221250858219721,-6.24973852171853,-8.864254371610917,-11.294358897540084,-2.2021932520369694,-0.1595429119749996,-0.12614601914521018,1.666606341028546
-14.350343464002332,-15.382002236242212,-16.59906202273652,-18.018854771597947,-11.809245005635571,3.9659897167249856,25.494830038488583,54.769059417071944,-26.950290538992782,-41.77098005006849,-63.62006465704215,-93.71967339495154
57.211328937111674,47.84201872383193,36.9119431421651,24.42208985369419,11.809780169205283,14.71477804019085,11.847626554193596,5.488517934366456,13.40632722728671,19.537123855737377,20.959571424431118,21.07396463432883
0.29357361630968637,-4.014769571424515,-3.931880070723855,-3.9318800707238544,-34.76363078979207,-31.46613652350515,-6.998713747112779,112.16349286404679,46.805744596994444,-15.440235629892355,-1.8561846809221092,43.72643910177627
-2.00837403995598,-2.0159949297286146,-2.0313771969671097,-2.03137719696711,-83.74550753679648,-84.43354616057762,-84.60278565346904,-84.01693316098233,85.43513188970628,75.43840668357359,75.35528448956433,68.25097829326936
-1.4112573255457108,-1.4853219243579505,-1.6247885968552112,-1.6247885968552107,139.3192272162878,118.15821107074392,89.14100132010111,12.20546310520548,-61.26748492499092,-104.2378056315773,-87.60494275713698,-94.28216243639808
0.9719300866127014,1.2276630401611335,1.5400753021240234,1.927346305889938,-5.3609962463378915,-20.968687057495124,-42.7825469970703,-72.55596160888673,9.960648536682132,25.313188552856452,47.15767288208008,77.22917938232423
106.63003540039062,116.05870056152345,127.05897521972655,139.63108503696452,151.7449951171875,147.64584350585943,148.86062622070312,152.95321655273435,151.30731201171878,146.324203491211,146.60232543945312,148.80618286132812
-3.4431538581848145,-4.111596107482909,-4.883490562438967,-5.747463071022684,-7.2186460494995135,-8.223011016845703,-9.330726623535156,-9.675201416015623,-6.253011226654052,-5.314890861511234,-6.780538558959959,-7.027524948120121
