hips,spine,spine1,spine2,rshoulder,rarm,rforearm,rhand,lshoulder,larm,lforearm,lhand
0.48597057472231153,-0.269319014113508,-1.1419938757381933,-2.120033209311976,-4.216511234553808,-6.225120114263827,-8.796593223331701,-11.124339599257448,-2.21451561717838,-0.18646971562766712,-0.18535398626903632,1.572365483674239
-14.3627750456385,-15.39235355299932,-16.606471501594534,-18.021719600086122,-11.806212660700757,3.970586216117473,25.50591340627509,54.78246692016414,-26.950056805835864,-41.77478346996334,-63.62325603530417,-93.72490544401239
57.20917605731691,47.84000544572103,36.91005238634186,24.420261176544273,11.810608045979677,14.720827569456759,11.863105860473269,5.476461921805765,13.402111086610716,19.527940417374282,20.960306105127728,21.077237809015344
0.3108403626937569,-3.9992984456403478,-3.9200004024437622,-3.920000402443759,-34.9884755458485,-34.0958009858344,-6.370090674576587,94.22806220315455,47.14460764120486,-15.438070779782866,-1.7567024587241213,43.97478097771701
-2.028609754137688,-2.037584490875564,-2.055690055156192,-2.0556900551561905,-83.73405142738753,-84.86437973505681,-85.09212361274011,-82.56528353053419,85.4330093348474,75.45695895391451,75.37036112460248,67.594741563501
-1.4253776265189504,-1.4964105423191323,-1.6298055877858852,-1.6298055877858846,139.53814430848473,120.8034569383371,88.44638153600025,31.208945598327418,-60.93429186316418,-104.28228575771848,-87.53528561505294,-94.8284614502909
0.9799895882606506,1.2381861209869385,1.5529179573059086,1.9415678570896344,-5.345170497894284,-20.95273971557617,-42.7672004699707,-72.53594970703125,9.976024627685545,25.327737808227532,47.17258071899414,77.24519348144533
106.6358642578125,116.06465911865234,127.06507873535158,139.63732573269488,151.75210571289068,147.65440368652344,148.86836242675778,152.99926757812497,151.313003540039,146.32847595214847,146.5893096923828,148.7792816162109
-3.454110622406006,-4.119703769683838,-4.88861846923828,-5.749971634803205,-7.221925735473634,-8.233800888061522,-9.331512451171875,-9.6168212890625,-6.249787330627444,-5.306037902832033,-6.769673824310301,-7.003195762634281
