hips,spine,spine1,spine2,rshoulder,rarm,rforearm,rhand,lshoulder,larm,lforearm,lhand
0.5756044819169359,-0.19648656887772198,-1.0891092051129858,-2.0907335339175255,-4.202226149067778,-6.187563392701259,-8.687303487390276,-10.88336941420195,-2.2148583890706535,-0.19310164001474295,-0.19765622427101182,1.4901674478990654
-14.376475892898554,-15.40520096113612,-16.61687918136991,-18.026038826605244,-11.80311582123306,3.9748175788288416,25.52272412161866,54.798692484991086,-26.949878946223347,-41.77936862387481,-63.62702191514426,-93.73252823898798
57.20551144757465,47.83760494345495,36.90899913859927,24.420388712261826,11.816905838269008,14.736891597895578,11.910510884482761,5.474643654425648,13.398898362713794,19.515294511902226,20.95973097400821,21.118028979698494
0.2942297407249024,-4.017107554415349,-3.940189423033313,-3.940189423033313,-35.00447667260376,-32.28175424721866,-4.141856258158957,88.8537733165108,47.315094052784595,-14.60523047394009,-1.8593163363819345,44.609208040474854
-2.0571937202371724,-2.0659232537102485,-2.0835583344177975,-2.0835583344177975,-83.69970289540852,-84.81225329135192,-84.94666988833687,-81.6763382115997,85.40141088567772,74.91728766611868,74.8032406054301,67.52488340156263
-1.4233125046737556,-1.4866216079470433,-1.6045614339478858,-1.6045614339478858,139.57855921656224,119.06760522333758,86.12751653168475,37.06040179695519,-60.73984127598153,-103.47083623850568,-87.71134598296969,-94.60382385345615
0.9896742701530457,1.2479549646377568,1.5613045692443852,1.9449865155222394,-5.34623098373413,-20.9515552520752,-42.76966476440431,-72.5320816040039,9.974681854248049,25.32808303833008,47.174831390380845,77.2503890991211
106.6434097290039,116.072021484375,127.07223510742188,139.64433151041283,151.75544738769537,147.65069580078134,148.83534240722656,153.0171356201172,151.32325744628903,146.34564208984378,146.59431457519528,148.74148559570315
-3.457564353942871,-4.125878334045409,-4.898197174072266,-5.763964337136519,-7.243819713592535,-8.261627197265623,-9.318090438842773,-9.509311676025389,-6.264225006103512,-5.311343193054204,-6.748047828674313,-7.004569053649911
