hips,spine,spine1,spine2,rshoulder,rarm,rforearm,rhand,lshoulder,larm,lforearm,lhand
0.6892195345986236,-0.10627477351022119,-1.0243335221375425,-2.0507419164810967,-4.181916435572346,-6.150688694302214,-8.55646080591071,-10.632191753307993,-2.202093174269745,-0.17901621637173726,-0.1646234014154242,1.404378899657953
-14.37318361210002,-15.401619040011417,-16.61318727836567,-18.022742071925116,-11.799452519252803,3.9801237990005003,25.541449282207736,54.8181474884463,-26.947461087924225,-41.777819628206565,-63.625797698641996,-93.73707959956837
57.202570575705835,47.836588575975,36.91007584644734,24.42352253199695,11.823535315180322,14.74590151296971,11.940390574696977,5.468184237018562,13.403074302503569,19.516916261925246,20.956562975484047,21.20768352979161
0.2582462508439912,-4.04332868427526,-3.9468885217478373,-3.9468885217478356,-35.18041170574743,-27.363309033944528,-1.9131751816002063,90.92507208875737,47.690748540595195,-13.396018674159155,-2.3121756516108407,45.52228307240247
-2.0958511622864457,-2.104808246805534,-2.122851369226335,-2.1228513692263355,-83.66486018979242,-84.36708358475477,-84.3147756211216,-81.59596782259055,85.37541109840284,74.09276281588564,73.95205722721117,67.3652844530503
-1.4077979117233104,-1.4731562570865626,-1.5952078999921382,-1.5952078999921382,139.76252397731685,114.20497378585547,83.84507275907382,35.04838201652931,-60.356294949233124,-102.22377359832674,-88.30388303802233,-93.90241548418338
0.9993814826011658,1.2557665109634402,1.5672307014465328,1.949505379475722,-5.342625141143796,-20.946605682373036,-42.76924514770508,-72.52764129638672,9.977685928344725,25.33122253417969,47.18087005615236,77.26167297363281
106.64900207519531,116.07724761962892,127.07716369628906,139.64920318277706,151.75895690917977,147.65158081054693,148.81248474121094,153.02569580078125,151.32934570312491,146.35430908203122,146.61254882812503,148.67320251464847
-3.4600307941436768,-4.134243011474609,-4.9115757942199725,-5.778790763741336,-7.265267372131348,-8.293163299560547,-9.280126571655273,-9.379539489746096,-6.275161266326903,-5.311126708984373,-6.701504707336426,-7.037852287292481
